reviewId,userName,review_text,rating,thumbsUpCount,review_date,appVersion
60f26b7d-942e-41c7-a6d6-f3b1700ad7dc,Adriana Cucalon,had trouble with my check in and had to accept a different cheaper room. I immediately wrote to Customer Service and they answered 8 hours later. it was 1am when I arrived at the hotel. now they say that because I accepted I'm not entitled to a partial refund. I didn't waived my fees to a claim,1,0,2026-08-16 13:30:44,14.29.0
ed25569c-909f-4952-9848-e5857db8574c,Vishakha Choudhary,"Doing Fraud, don't use this app, and never book hotel through this app, they trapped you on low price and later you have to pay extra money at property, no big deal if agoda service agent not support you even he try to hack my phone online",1,0,2026-08-16 13:24:49,14.29.0
d3b45066-e997-4bbe-a750-a8a42a41c676,k yogesh,worst experience I selected 2 room with 5 guest in this app they booked 2 room with 2 guest,1,0,2026-08-16 12:43:20,14.29.0
69e597f9-68b8-41bb-bb1d-1635e61754fe,Simanchal Chaudhury,not user friendly,1,0,2026-08-16 11:34:02,
693f38ca-cb88-463e-a3fe-6ebdd3d2b1d8,Marven,"This app is a scam, i want to cancel my hotel the place looks not safe and ungly, i want my 8000 php back , scam app",1,0,2026-08-16 09:54:47,14.28.0
42a4eaf3-bc35-417e-8e8d-1c35caa4186b,Eric Smith,Too much going on with app,2,0,2026-08-16 09:53:23,14.29.0
3f5a62f4-1196-446d-9ecb-71498a796aa8,kishore kumar.B,"I have booked a hotel but I have cancelled it, no refund was done. but app shows refunded, worst experience",1,0,2026-08-16 09:05:14,14.28.0
37a3d0d6-79bd-4509-ad49-9b6257178540,Avinash Kumar Singh,best app for hotel booking,5,0,2026-08-16 09:01:24,14.29.0
98aeb364-b982-4324-94ac-932a205a8c43,Tommy Hidayat,always crash on webview update,3,0,2026-08-16 05:14:17,14.29.0
ec280931-8a85-4a04-9eb8-8a670d882032,teja mani,"Hi Everyone, Before booking any hotel, make sure you do the payment at the spot to get best discounts , don't keep the payment for later. These people are robbing 300rup extra as a gateway conversion fee more than the kwr-rup value even after doing payment via free forex card. Hard to even connect to customer support.",2,0,2026-08-16 00:20:20,14.29.0
2494db1e-cf8e-4cdf-92bd-5bc7963a1cb3,Arshad Roshan,"One of the worst experience with agoda. I booked two rooms in Platinum Inn at shivaji nagar, bangalore. but when I reached there, the hotel staff said it's full. But we have confirmed and paid for the stay. Agoda's customer support is full of scammers not attending the call and no use, it's fully a joke. They didn't respond and didn't pay the refund also. This is a scamming app trying to steal your money. And sending to the place and says room are full.",1,0,2026-08-15 21:41:25,
dc530acb-b13e-4b0f-8dcf-5f975cd4fe81,Soly Alkhatib,نجمة واحدة كثير عليكم,1,0,2026-08-15 21:24:39,14.28.0
c4d73578-d8d8-4f5d-b7a4-9ba695ec3f61,Gin Mador,"2026.08 does not save card. 5 july 2025. over priced scam, tashkent hotel is 86 usd, when booking 70 usd, for 2 nights. cannot pay in advance for somebody else. Can't avoid dormitories and shared rooms. why do you show me sold out hotels? annoying. no navigation to location. Do not book through booking services. there is no refund if you check in into hotel and hotel is bad and with allergies. call directly to a hotel",1,4,2026-08-15 21:20:48,14.28.0
7e4af747-ea50-4e25-b8d1-d04e56a98c5b,Teruja HQ,"penipu..suka main harga.bila booking,payment tak potong..then booking lagi,pun still sama..lepas yang kali ketiga booking,harga bilik terus melambung tinggi. sorry, you're didn't deserves for 5 star.",1,0,2026-08-15 21:15:32,14.28.0
f1bb7202-2568-49d4-adef-f8d9f1e01998,Debra Hernandez,"NO assistance!! They don't care about customers ( other than their money). They don't respond to phone calls, texts or THEIR OWN CHAT!!",1,0,2026-08-15 21:01:29,
05cbb5c4-d915-4841-9bd1-9c8a522c2ee4,John Ivan Faustino,Very reliable and gives me the best options 👌,5,0,2026-08-15 20:59:53,14.27.0
561a2133-8af6-4cec-b2cd-8418ebb45e76,Arshad,"NEVER TRUST AGODA — VERY BAD EXPERIENCE I booked a budget hotel in Delhi through the Agoda app using a promotional offer. The booking was confirmed and payment was made. But when I reached the location, I could not find the hotel at all. The hotel/location details shown in the app did not match the actual place. The transaction we made is non refundable, so we cant cancel booking as well.. Its a well made trap My experience was extremely disappointing. Be very careful with heavily discountoffers",1,0,2026-08-15 19:34:06,14.29.0
ac9bf712-352a-4104-afce-1a9c47bb207d,gurpreet bajaj,"The worst app for hotel booking imo. Zero accountability after taking your money. No mechanism exists to resolve any issues, except AI messaging which keeps giving the same irrelevant replies with no option to talk to anyone. I booked 3 nice looking rooms in a hotel in Patnitop. Which in reality turned out to be absolutely filthy, dilapidated property. The rooms smelled of cigarettes and dampness, dirty stains on pillows and bedshrets with bedbugs under matresses. No refund. Total disappointment",1,1,2026-08-15 18:18:28,14.28.0
2ec53a43-39c5-4a89-90a6-c29891f5652b,Marudut Hutabalian,"menggunakan aplikasi ini sangat mengecewakan, bookingan djbatalkan dan pengembalian dana melalui tranfers ke bang, ada notifikasi bahwa nomor rekening tidak aktif. supaya refund masuk ke agoda cash. setelah saya gunakan refung itu, maka aplikasi agoDa langsung uninstal",1,0,2026-08-15 17:55:55,
aaca24e4-f65e-4950-8684-b645378d53b7,Pramod Kothari,tickets rate are too much hight for the same same travel date compared to IXIGO and Make my trip. I deleted this app 🤭🫢✋️🫣,1,0,2026-08-15 16:25:21,
ae997e47-464d-405d-89cc-8ae08bd37004,Scott Crawford,Better than Trivago. 😁,4,0,2026-08-15 16:08:18,14.28.0
db04d291-6bc2-4a41-a7a5-de67578e059d,Shefali Surana,Great prices and Genuine review,5,0,2026-08-15 13:57:29,14.29.0
d1f20d3e-dcc9-45d2-9d4d-9ebdbbfbdb5f,FreePoet,easy booking with Agoda,5,0,2026-08-15 12:31:48,14.29.0
9d9ad515-46c1-42bf-a674-c3725668e8c0,Sam NeungSongSam,Used them many many times for Hotel bookings all over Thailand. Stays are usually what it says in the Ads - accurate. Easy to use and plenty of choice regarding cancellation policies and payment methods. So convenient and easy.,5,0,2026-08-15 12:08:20,
2936e32d-491e-4fe9-834c-bbe325967004,abzalpasha1,worst app pls don't do the bokking from this app bakwas horrible experience,1,0,2026-08-15 10:53:22,14.28.0
958c3f40-8e0b-49d2-8007-6377955f677f,Amlan Halder,Experience is great !,5,0,2026-08-15 10:41:21,14.29.0
79c36c3d-b072-42ec-87c6-667cb73d8757,Ashwini Rathore,"“My booking was made for 4 adults and 1 child, but the confirmation is showing only 2 adults. Please confirm in writing that all 4 adults and 1 child are covered under this reservation and that there will be no issue at check-in.” had mailed and messaged tried to contact but no response from agoda and extra charges being asked by the property. feels like phishing scammers are provided platform on Play Store. extremely poor response. do not mislead people.",1,0,2026-08-15 10:13:52,14.29.0
889390b1-47d8-4d21-8504-22915dc82143,BABU suresh,"I paid and booked a hotel in Nellore, but the hotel doesn't have any communication, I paid again and taken room",1,0,2026-08-15 09:20:49,
565dad11-76f3-4c59-b268-5720f17b1ab7,pinku babu,"@agoda Your 3★ listing for Super Townhouse Oak LB Nagar Ramoji, Hyderabad is misleading! Dirty room, bedsheets & bathroom, AC/water issues, mosquitoes & cockroaches. Spent 2 hours making it usable. Refund/compensation needed. #Agoda",1,0,2026-08-15 01:52:50,
ad3471b1-65c7-4b87-9c3b-da673c1a9101,Ivan Khan,yeh 420: apps hai Mera 840 room per dekha ke hotel me aake 1650 bill dikha diya .aur in hotel ka per day 500 rupiya bhi jada hsi,1,0,2026-08-15 01:13:44,14.29.0
11b6344b-4b0b-4d90-9837-8aeac42fe6f3,Icy Plop,so many bugs and errors,1,0,2026-08-14 23:04:31,14.1.0
d4aae660-8712-4062-a64f-d1b6dd237329,saravana kumar,worst suggestion by agoda hotel name sacar hotel in Pondicherry booked an ac room but hotel are arguing it a non AC room room are dungeon not ever proper aur circulation but in app it shows best hotel please make sure if it's listed in your atleast have a background of it has decent rooms totaly worst suggestion by agoda,1,0,2026-08-14 22:23:01,
77f8795c-002f-43c1-bd2a-280bb7dac3c1,Tom Batterbury,amazing hotel app!,5,0,2026-08-14 20:41:03,14.28.0
62383f50-4031-460f-8efb-b7f72a802a55,Chamira Perera,Easy access and user friendly,5,0,2026-08-14 19:52:28,14.28.0
50c5d733-ac92-4374-9bd3-8d15805a85d0,Stephen Lawson,agoda da best,5,0,2026-08-14 19:28:12,14.28.0
5904e1a0-efce-459b-b222-a232f7487a98,ASHWANI CHAUDHARY,"Worst app and doing fraud with hotels to overcharge customer - I booked a hotel room for 2 adults and 2 children (aged 2 and 7 years) through the Agoda app. The booking amount displayed and charged was ₹6,037, and the booking details on the Agoda app clearly indicated accommodation for 2 adults and 2 children. However, when we arrived at The Citizen Hotel, the hotel staff informed us that the booking was for only 1 adult and demanded approximately 50% additional payment for the other guests.",1,0,2026-08-14 19:24:50,
9f133518-1cc3-40f3-a9e6-b0ba703703e1,Jitendra Chaudhary,"Agoda is a handy option for comparing hotels and accommodation when travelling. The filters, photos, reviews, and different price options make finding a suitable place fairly easy.",5,0,2026-08-14 17:48:41,14.29.0
96c0469a-c766-4b1a-8d8a-3c37b1f10d2d,Orla Cleary,"Great discounts, lots of choice",5,1,2026-08-14 16:55:03,14.29.0
6a3d2039-2570-44bf-999a-8123b4705009,Ananay Arora,worst customer support. can't contact only,1,0,2026-08-14 16:22:34,14.29.0
5d9a8680-c516-478c-b078-6c8d00887c07,Michelle Gapuz,naka ilang booked ako dahil ayaw tumanggap ng owners and some of them say na di na active ang Agoda nila kaso hindi nila madelete account that's why na appear pa rin sa option. Agoda do something about that napaka bagal ng system confirmation ng mga owner or some of them are not active anymore sa app niyo,2,0,2026-08-14 14:26:32,14.28.0
f7d1b9c6-e0f3-4bb7-811d-4ebabcf4e98d,Bhavik Bhavsar,"Third class service, everytime showing error. 4 adult ka booking kiya tha lekin 2 adult ka hi booking dikhai de raha hai. Treebo lonavala hotel . 3rd class service never book hotel using this application. paisa barbaad. poor service 💩. customer care ko call kabhi bhi nahi lagata. never",1,0,2026-08-14 13:58:54,14.28.0
942a7df8-46d0-46c9-8c69-617091ee0f70,AL AMIN,excellent service 👏,5,0,2026-08-14 13:38:07,14.25.0
bdd3099d-e197-4e75-b947-f6370c607749,Nghi Nguyen,I booked 1 room for one night. Agoda charged 2 rooms anh do not refund. 😡😡😡 very bad travel app.,5,0,2026-08-14 11:09:31,11.27.0
900f4c43-8a26-4a2f-88cb-2d207d4c1464,Lankalapalli Manoj kumar naidu,if I get negative rating I must be give -10. why? because in agoda app what they show when we go to hotel the things the promises where we not given by hotels they are just promoting agoda hotel. hotel persons are they stand on the policies but the Agoda just fraud hus i request people pls don't use this app and if we cal customer care without add 000 just we dial that number one of the worst bad customer care ever never ever seen just they will scold us very bad word,1,0,2026-08-14 10:07:25,11.26.0
b9d799aa-8629-4b95-8913-6e5591fe0b12,evgeni nisa,"I have been having problems with my booking after around 100 messages and 96 hours passed, the support is continually saying ""Your case was already escalated earlier. I know waiting is a real headache, but please bear with us while we wait on an update from hotel management. We'll send you an email the second we hear back."" this is one of about 100 messages there other ones are about the same bear in mind its been more than 3 days now.",1,0,2026-08-14 08:38:08,14.29.0
8c7f4a27-cd38-424f-af54-d95e1a4e8347,Saeed Shaikh,To Easy And Veary Fast Good App,4,0,2026-08-14 02:44:35,14.28.0
6e4a583d-7a13-49f1-8cf4-54d56774f6e3,Vincentius Kevin,"Really bad service. I ordered flight ticket, my cc was charged but theres no email or my ticket in transaction list. Complained to no avail with those useless AI chatbot and voicemail. Contacted twitter admin and got a phonecall later that night, finally got the email from the customer service. But the booking reference PNR that will be used for check-in is invalid (???????). So I emailed them abt this. Finally they sent another email with the right flight PNR. Bad app and service, avoid",1,0,2026-08-14 00:23:27,14.28.0
5d784556-d898-4a79-af16-bc410607904b,Shaik Asma,bad experience no response show ing one room giveing one room and worst experience no responsibility no tv wash room was not good not working ac not working help center,1,0,2026-08-14 00:20:26,14.28.0
98cf0743-0f4a-4713-bd26-262b4d9dd530,Hidden Man,"The app isn't working, unable to search for any hotels near Madinah where there are thousands of hotels.",1,0,2026-08-13 22:25:57,14.29.0
e33dd043-ec9b-4d15-a669-9f063d37b1f1,Sushil Kumar,don't book by agoda very poor service no customer listening they are cheating customer. my personal experience.,1,0,2026-08-13 21:42:29,
bc26a94c-e046-4e1b-b762-04c4f9b0df22,Aster Ruben,"This app used to be good a few years ago. I'm disappointed how it has turned out to be. The app tricks you with discount coupons as soon as you open it the along with a fake platinum membership. When you start booking a hotel, you get to know it's a trap as hidden charges get added to the total bill and you end up with a bill way higher than you expected. Also the good hotels are very expensive on this app which only caters to the rich people. What's the point of enticing with coupons then?",1,0,2026-08-13 20:21:03,
6cf89223-c10c-4ec3-bf56-4f7de0c5e10d,Wolf-Peter Werner,"despite the horrible UI/UX: We recently booked at agoda, but we did not get the room we booked because Agoda advertised a different room. so we needed to pay extra for the already paid room on the spot. Agoda offers a max 27 euro voucher for a damaged of 480 euro cash. they are not helpful and take no responsibility for their own mistake.",1,0,2026-08-13 19:17:12,14.28.0
b4e508b8-3aeb-4e1c-91f1-307fa24cfcf9,selin isil werner,Very bad customer service and experience. Highly recommend NOT to use their platform.,1,0,2026-08-13 15:08:44,14.28.0
7003daff-b6b6-427b-9d68-eed2b1b05455,Heidi Catlin,best prices hands down,5,0,2026-08-13 10:47:05,14.28.0
1c92945e-87e2-49f0-9576-281d857427c9,Benz Golin,"Booked a trip earlier than what I had planned, so I contacted Agoda's customer service. When I got there I was greeted by the app's AI. I wasn't able to change my booking even though it only required a couple of changes on their part. If I had a human to speak to we could have cleared things fast. This over reliance on AI is a cop-out for companies not to take accountability and is a nuisance for customers.",1,0,2026-08-13 10:30:49,14.28.0
58b9cc75-93c0-4ccb-8536-6e06a02d7358,Brett Nairne,consistently cheaper rates than the other platforms,5,0,2026-08-13 10:24:43,
d885672a-053f-4b3f-bb9d-4f1bc3dec7fb,Nel Ko,"Did you guys remove my review? Well anyway, horrible customer support. Almost impossible to get a refund or help in changing date, keep on throwing responsible or the blame with the flight company. All around horrible experience and not recommended",1,0,2026-08-13 06:05:30,14.28.0
86f9807f-5c51-461d-8bc3-d3e2343af28f,gulraiz khan,worst customer service experience and also misleading customers never ever recommendable app for any bookings.,1,0,2026-08-13 03:13:09,
e36ba0d0-2b8e-4db2-9386-920c5734c238,Sensei Naga,worst customer support ever !!! money deducted but room didn't get book and no refund provided.,1,0,2026-08-13 00:52:14,
1fbc676a-838c-44ed-909a-747f268bec31,wiwik widjaja,"This platform I am extremely disappointed with Agoda's service. A booking error occurred, yet I received no replacement booking code; furthermore, when I requested a return, I was told I wasn't eligible for a refund. I am furious—I tried resolving this via the hotline, incurring call charges of around 1 million, only for it to be a complete waste of time. I was forced to file a complaint via email, yet I received the same response and no resolution. I have suffered a significant financial loss",1,0,2026-08-13 00:28:09,14.27.0
ac61c568-d546-4157-aba5-cbfb82ffb9d9,Dr Vedang Tripathi,"Chaos from Agoda and Moustache Udaipur Luxuria . First I booked 26th to 28th July due to medical emergency, I have to modify the dates. They've kept their terms and conditions in a tiny little fonts so that user can unseen them by agoda and moustache udaipur luxuria. Second Agoda don't play any role in payment, we have to directly pay to hotel and in app its shows to pay in 4-5 days, however; from hotel side they pretend to have huge demand. Avoid this app.",1,0,2026-08-12 23:36:00,14.28.0
838c060f-f395-4462-b2d3-833044cd7476,Wong Yee Chard,"careful to book through Agoda. any security deposit paid to hotel operator is none of Agoda business. in short, they don't care how their operator operate which is unsafe for people who book through Agoda",1,0,2026-08-12 21:48:47,14.28.0
9be4e2ad-5545-4bbb-9164-f098887105a7,Jean,The chat support socks. It lags when you type in the text box if you are conversing with a live agent. You must be getting a cheap and incompetent developer.,1,0,2026-08-12 20:37:54,14.28.0
8c71e816-09db-48cf-873f-060ab8db4cb4,Aymen KRAIEM,"I booked a junior suit with sea view with double bed, the hotel gave me a room without sea view and two single beds (solution was to join both beds) I was trying to contact agoda to speak with someone it's always AI agents and they cannot do anything for you. a very bad experience.",1,0,2026-08-12 20:09:44,14.28.0
ee2a8664-b5c6-4741-a339-e9a933ff61b8,Tiffany Kelly,"No customer service at all, unless a stupid chat bot puts. Will never use again",2,0,2026-08-12 20:03:10,14.28.0
bf687ed8-29c9-4a11-a4fe-12b5b9bb92ee,Annasuhana66 Annasuhana66,Agoda is good,5,0,2026-08-12 19:35:44,14.19.0
8ac32c14-cb4a-480b-bfa5-85fbedfeb6e3,jithu,I cancel my hotel room. But no refund of money. Don't book hotel rooms in agoda booking app,1,0,2026-08-12 19:00:44,14.23.0
16149328-71eb-4289-b502-260996201c05,Patrick M W,Platform booking paling tidak jelas. Toh saya belum melakukan pembayaran tapi gk bisa balik ke menu pembayarannya. Customer service AI yang tidak membantu sama sekali. Semua opsi di aplikasi tidak berfungsi. Aplikasi paling aneh dan paling tidak saya rekomendasikan.,1,0,2026-08-12 17:35:53,
4fde73e2-76f8-4082-bb25-aab41aa79bfa,Rahul Kamboj,"very bad application Even after you provide your guest details, they still upload the guest details according to their own preference",1,0,2026-08-12 14:52:52,14.28.0
c08ccf39-4164-49c1-8ce8-9d3fae178618,Zakaria Amrani jamal,"⚠️ Travel warning: Be careful and read the latest 100–200 reviews before booking. Agoda may offer attractive prices, but based on my experience, their customer service was extremely disappointing. When problems occurred at my destination, getting assistance was difficult, and my final cost was higher than expected. Don’t choose a booking app based only on price. Compare reputable platforms and, when possible, book directly with the hotels. Check reviews, policies, and total prices before paying.",1,0,2026-08-12 14:30:30,
4647d1b1-b710-4fd1-8f52-84dabeb73bc7,Devika Nair,the worst app I have ever used to book anything. would never recommend it,1,0,2026-08-12 12:40:38,14.28.0
3c43fe9d-0f0b-4f0f-9f2f-d1957787efd8,Aman Mishra,Pathetic customer service.. Have been trying to reach out to them since last 7 days.. but no response.. has properties listed in their website which do not even exist in real.,1,0,2026-08-12 09:47:34,14.27.0
9153119c-c0cd-48c3-90a8-fb058cfca594,Anand Rathore,There is no option to add company name and GST.,4,0,2026-08-12 09:16:28,14.28.0
4728f575-bb2b-45e6-943c-68ff9db12d03,Tina Schonhardt,amazing prices and easy to book,5,0,2026-08-12 09:12:00,14.28.0
1bee8161-12c5-40c4-82af-7522e6ac58f9,Poltak Arif,very easy to find best price hotel,5,0,2026-08-12 08:55:37,14.28.0
79241158-6abe-45b6-8a62-f2b32a3e9914,Vinay Tripathi,High prices compared to other applications,1,0,2026-08-12 06:43:44,
e5c1dea1-debb-43cd-949e-c19dcf478651,Rabble Rabble,"Update: Look at price on goggle maps. it's the exact same as when you use the app, the discount is junk fluff. it's utter junk. get the price and then go direct to the business. they'll often guarantee same price and not have to pay 20% to Agoda in fees. do better Agoda your app is junk and I've used it in 30+ countries. Update: Reported a critical defect with Agoda and they expect an obscene amount of information. I'm not doing their job for them. Awful!!",1,1,2026-08-12 05:47:09,
2047a163-4e2a-442c-b7ae-9c65f7ae414d,Sallehuddin Al Ayubi,Bodoh burn duit booking pastu staff hotel ckp takde dalam sistem. Macam sial punya bodoh nak mamposs,1,0,2026-08-12 05:14:43,
93746357-b25c-4ac8-8573-ef2dbd506868,Kelly Parkinson,Please stop the excessive advertising via notifications. You send ads for hotels and trips I have already booked! They never stop! I have to turn off notifications even when I have booked with you then I can miss notifications about my actual bookings😕,1,0,2026-08-12 04:34:26,14.28.0
ec85270d-0370-42d9-91b9-4a1a737e038e,Ketan Panchal,I booked through agoda they offered me discount...but after all proecedure done..I checked in and our..refund discount amount disappeared...they cheated,1,0,2026-08-12 00:59:06,14.27.0
e28f4f42-9e5c-4aa7-b872-bf4c064f4ef7,TODDLERS ACTIVITIES,cheaper than anywhere else i bet,5,0,2026-08-11 23:47:54,14.28.0
0b35bf4a-59f3-4503-9068-bbfe2fa8c279,Yolanda Hernandez,wouldn't recommend it.. false advertisement. says free cancellation and they still won't help get ur refun back. costumer service is slow,1,0,2026-08-11 23:28:27,14.28.0
d6f41657-c749-4465-abd6-bddbdbce7ba6,Indhlal Amrith,"Before making any transaction, keep this in mind, Agoda has no hotline number. You are basically left with FAQs, which are a bit more intuitive than the usual FAQs, but that’s about it. Also, their stated refund timeline is 30 to 45 days. So, if you cancel something, your money could be stuck for a month or even longer. Honestly, it’s quite risky to go with Agoda, especially when a significant amount of money is involved.",1,1,2026-08-11 20:44:22,14.28.0
d518872f-706d-42b9-9a54-bb86fcb101f5,Aruvindran Silvaraj,Rude Customer Service. I sent a message enquiring about a voucher but received a bad response which seemed so sarcastic. Please read the reviews before using their service. I wonder how they got 4.7 star rating despite having so many bad reviews,1,0,2026-08-11 20:10:30,14.26.0
286cdc64-7ff3-429f-942c-905b31db2fb9,Sun Shine,untrustworthy. against consumer. what you see is not what you get. photos are old. location is out. check addresses and book directly.,1,0,2026-08-11 19:39:36,
f8a3c408-65a1-45da-8125-c9b9bf80e880,Josh,Booking confirmed via email but does not appear on website or app. what's the point of having the app if your booking does not show up? contacting helpline is impossible with all the AI slop. no support whatsoever,1,0,2026-08-11 17:27:57,14.27.0
2b0cfa77-d418-459c-9546-cdf5c900bc02,Brendan Nugent O'Hare,The app frequently displays prices that are canceled or changed during booking. The support can provide very little assistance and often simply restates policy. It is disappointing as they often have the best deals,1,0,2026-08-11 16:53:17,14.28.0
975e953e-dd84-47f4-b908-d8af87603fd0,Renate Kristjansone,"Application that lie. I activated all the coupons, including the first-time customer ones, selected a hotel at the specified discounted price, and as soon as I wanted to complete the reservation by entering my phone number, a message appeared saying that this hotel room is no longer available. I found another offer, but the exact same message appeared. In the end, out of five special offer options, I failed to book a single one. I have deleted the app and will no longer use it.",1,0,2026-08-11 15:49:31,
902ac0ab-5071-4184-82b3-cfabaa6f8f31,Margaretha Octavia,"Pernah pesan kamar disini, ternyata ga ke update info kamar dari aplikasi dengan pihak hotel. Hotel sebenarnya sudah penuh tapi di Agoda masih ada. Eh di cancel gitu aja, dan jahatnya uangnya ga kembali. Curiga aplikasi korupsi.",1,0,2026-08-11 15:12:15,
7de22a9b-c3d1-4a09-9650-af9f1c6722f4,Aivin Lin,"User friendly, fast transaction and reliable accommodation",5,0,2026-08-11 13:56:50,14.28.0
79614d4d-7f57-409a-8ae0-e1bca279d7ee,shefi c,poor customer service.,1,0,2026-08-11 10:17:26,
4dfd8136-e031-4896-b136-83cf81e9cc1e,Aadhithyanc.a Aadhithyan,costumer care services is so bad,1,0,2026-08-11 08:35:35,14.28.0
1cedee71-e5b5-4fc1-b645-8d14f2eb17b3,Sakura Utaka2117,My family favourite apartment ever.,5,0,2026-08-11 06:44:27,14.28.0
340fc722-c4c4-4576-a872-3e985c83c10f,Dawni S.,Got a great deal on a hotel. Looking forward to seeing what other deals they will have in the future.,4,0,2026-08-11 06:43:18,
17d580ea-9e50-467a-b25d-b1c5c4d12192,vasa vijaya saradhi,"We booked and paid for a room in advance through this app. After reaching the location, the hotel said there were no rooms available. Customer care did not respond, and the hotel refused to help. We went to another hotel, but they said the booking had no connection with FabHotels and they had not received any booking ID. We lost both time and money due to this fake booking. Worst experience and very unreliable app. Please refund my full amount.",1,0,2026-08-11 00:34:00,
fd975b94-f237-44d2-94f6-b6bc5e2105c9,Gaurav Kapoor,"Biggest reason for this 1 star is their extremely stupid & shocking star ratings of hotels. Hotels with lower star ratings in real world are shown with higher ratings on Agoda. Several 3/4 star hotels are marked as 4/5 star on Agoda. Some really wierd system they have of assigning much higher star ratings to some hotels which are actually way below than as shown on Agoda. They need to correct this & use methodologies employed by Tripadvisor, MakeMyTrip etc to grade hotels.",1,3,2026-08-10 16:33:44,14.28.0
b66c3021-afcb-4e55-9e19-9e60053c9b62,Andika Ang,saatnya pindah ke aplikasi lain. customer servicenya sangat buruk. kamar hotel yang saya pesan tidak sesuai foto dan agoda tidak membantu untuk refund.,1,1,2026-08-10 16:11:39,14.28.0
662ad31d-de33-4149-84a4-953180f8451b,sabira,one host doesn't describe about the sharing space with another guest in the description explicitly and agoda deny free cancelation.,1,0,2026-08-10 16:04:58,
3bda4477-8e38-48e9-bbed-0718927661cd,Paul James,Best For Asia,5,0,2026-08-10 15:28:57,14.27.0
1b901c9f-13ee-47f5-af7f-62a76937a6e1,Dana Dandy,The app keeps crashing every time I try to open the map view.,1,0,2026-08-10 14:48:03,14.28.0
31cd934c-2ab4-434e-b4b8-8b69aa145d32,Ridhm Rana,"customer service is pathetic. i booked an hotel with them, the property was empty , no reception, no staff , not even a reception desk. i complained and no one responded, i messaged the property, they also didn't respond me. After 1 hour i receive a message from the agent assigned to me that the property is open . This all happened around 2 am, i had already left the property, now i am not getting a refund for it. i even made a video for proof which i am going to be posting on their mail",1,0,2026-08-10 12:13:50,
f545ff8a-e84c-4c49-b435-89719313503f,Diwa Baswara,Agoda has unilaterally approved the Joglo Dhepis Borobudur Magelang request to cancel my reservation without any prior notice or my consent. google should add 0 star for worst rating,1,0,2026-08-10 10:58:32,14.27.0
5dba0ff6-7284-477c-9a19-04d253852f66,Rahul Shinde,Terrible experience with Agoda.My booking amount was deducted for fraudulent booking ..i felt completely misled.I strongly recommend being very careful before booking through Agoda.,1,0,2026-08-10 10:04:10,14.28.0
8bc9e062-491a-4804-a9a2-b3c2c1d97686,Amit Kumar Tailor,"plz don't use this. this app has fake listings, when you paid for the ac room, you will receive non ac, & service from agoda is very poor. not recommended",1,0,2026-08-10 08:07:04,14.26.0
c5b2d40f-e19a-47e9-8ee0-eafe7451c14a,Jacquenne Nicholos,"Apps easy to use, have no problem with reservation so far, trusted",5,0,2026-08-10 07:32:38,14.27.0
f6f314d5-36a2-427a-9c1c-b81e60b0983c,Christine Kwok,TOLONG YA TANGGUNG JAWAB DARI AGODA INI GIMANA ? MASA ADA SCAM DI APK AGODA?????? APART SUDIRMAN ADA DI APK AGODA TETAPI PAS SAMPAI PIHAK APART SUDIRMAN BILANG TIDAK ADA KERJA SAMA DENGAN APK AGODA????? JADI INI GIAMAN YA,2,0,2026-08-10 05:33:00,
059a63d8-ae24-4c65-a234-2a0ca04c59a2,khaled ksa,"Agoda used to be reliable, but now it’s a trap. They deliberately list hotels with deceptively similar names to the one you actually searched for, tricking you into booking the wrong property. Once you realize their bait-and-switch scam, you’re thrown into an endless maze of excuses, robotic customer service, and zero refunds. They also hit you with hidden fees that magically appear after checkout, and their ""customer support"" is trained to do one thing only: refuse to help. This isn’t bad servi",1,0,2026-08-09 21:41:51,14.26.0
20399915-54b1-4b2e-a005-45d3f509432a,Pratap Rajoriya,"Worst experience with Agoda. The customer service chat frequently hangs, making it difficult to get support. The booking experience was equally disappointing. The room and amenities shown on the app were completely different from what we received. The room didn’t match the pictures, and several promised services were unavailable. Overall, a very disappointing and misleading experience.",1,0,2026-08-09 21:36:28,
b15631a8-0814-4f4a-8b7c-3a5282dc6175,suma gowda,it's not possible it's fake app scammer,1,0,2026-08-09 19:56:52,14.27.0
3dd4c997-3478-4940-802a-f33edf49ae6a,Debasish Kakati,"worst application, ive booked two rooms i had to cancel cause of some time issue. it showed the refund was paid back but its been almost a day i haven't received my refund, and their customer service is so chill they kept repeating one sentence it will reflect on ur bank account in 30 days or so. i mean i clarified, how much important that amount was but they are still helpless. its pathetic. give me my money back!",1,1,2026-08-09 19:21:47,14.27.0
9cb2d9dd-8ef1-49a7-b2e5-b1e48862243b,Nabil Nacharruddin,please give me my refund .... this app is dangerous because it's confuse me ...not user friendly... just hot scam by this app for rm 70,1,0,2026-08-09 18:51:07,14.27.0
ae62dcce-e13b-4076-a662-5c5b424626a1,jamu jago,sudah booking di aplikasi. nyampe penginapan ternyata gak terdaftar. mana susah lagi CS nya,1,0,2026-08-09 17:03:43,
25675ff2-3784-4436-ab24-1e2ffaed4162,Mateus Bernath,need to clarify 2nd times with properties,4,0,2026-08-09 16:04:02,14.27.0
41247c5b-2ffd-4adc-9aeb-c87f3bd62e37,anish sekhar,very bad experience no one responded. I booked AC but hotel not providing i complaint agoda customer care but no one responded. very bad,1,0,2026-08-09 15:13:55,14.27.0
21cc4763-c379-43b8-b0a6-0aba44241a35,Fateh Mohammad Saif,worst app.. asking for more price than the actual hotel offers.. 😡😡😡,1,0,2026-08-09 14:48:40,
98e875db-0c95-4378-9acc-87d580fe4ce0,Heni Meilani,bad service!! totally a scam!!!!,1,0,2026-08-09 13:56:33,
1bea0cef-9ebd-4304-bbd1-f3a229ea2ac4,James Ray,This app will change the prices at random times to try and scam you. be careful and check the prices at each window before you click anything,1,0,2026-08-09 13:37:50,14.27.0
555e75ca-faa5-4e5e-83dc-85a9d054b482,Phương B,absolutey don't use this app. no support . very sketchy listings.. yep you not to đâu you are booking room.. im in limbo in Manila. also.. doesn't show proper property. cost me much time and money,1,1,2026-08-09 12:53:22,
036297ed-d82d-403f-954e-eef514369c11,Junwei Phang,"Don't book hotel with them, scam money and giving nonsense reason on cancellation",1,0,2026-08-09 12:27:06,14.27.0
cb52d447-dbbc-4eef-a73a-297c0357ab66,Rafal Suski,Agoda is the best app for booking,5,0,2026-08-09 12:17:40,14.28.0
916aa7b0-768e-4220-9fff-9dfc879f0b51,Rajeshkumar Palanisamy,one of the worst customer support HQ in Singapore. Name incorrectly recorded on the airline website though Agoda captured the name correctly. So there are name differences between agoda and airline liternery. Customer care is useless and doesn't even deserve 1 star... I don't recommend using Agoda to anyone for booking. One of the worst travel companies from Singapore.,1,1,2026-08-09 12:00:50,14.28.0
646ab7f4-fc4b-47c7-b168-50e627ed98ec,Rodel Cayanan,great booking platform,5,0,2026-08-09 11:41:09,14.28.0
a9be63fe-e25b-4028-b7bb-e964b7269e2c,sandeep mishra,I'm booked hotel they are are not any mentioned clearly cancellation policy and after booked he shaw his policy don't use agoda application it's fraud and they don't have a any customer support,1,0,2026-08-09 09:59:09,14.27.0
a5e3a8c6-0c53-4689-8ac1-8dc16469fc07,Rahul Singh Shekhawat,good prices than other providers and good for everyone ....I appreciate it rather than any other like wise mmt gibb...,5,0,2026-08-09 09:46:33,14.28.0
89265e03-0ecd-450b-9445-45a3858da721,Milind Kalra,"⭐ 1 Star – Extremely disappointing experience Worst experience with this app. I booked a hotel room and paid the full amount in advance. At the time of booking, I clearly selected 2 adults. However, at the time of check-in, the hotel’s system was showing the booking for only 1 person, and surprisingly, the app was also showing 1 adult. I was then forced to pay an additional ₹1,500 at the hotel. My biggest concern is: Who changed the booking details from 2 adults to 1 adult, and when was it ch",1,0,2026-08-09 08:29:06,
1560da38-dc61-47c4-8dce-2d6b5ad7bf12,shukiman ismail,good location and near food stalls,5,0,2026-08-09 06:54:12,14.27.0
f1048016-21df-4a93-82cc-a20d7f8ae99a,Mayukh Mukhopadhyay,app not working...only bells and whistles ..is not able to send basic otp for mobile,1,0,2026-08-09 05:51:26,14.28.0
8ee89c9c-5b75-4bb4-90a0-5e5bf28bbc64,Nakita Rowe,"Easy to use, competitive pricing.Thank you Team👌",5,0,2026-08-09 03:51:53,14.28.0
51a00a37-31b5-4bfd-8b53-a72f617bcad8,Yasser yashmawi,This is the most misleading app I’ve ever used. I wish there were a -5 star rating because even 1 star feels too generous.,1,1,2026-08-08 23:29:30,14.28.0
c47ce431-5afe-4f39-a58a-bf211247d08b,Kara Siba Rao,minus 10 rating for this app . worst experience . waste hotels are in this app. very dirty rooms are provided if you book in this app. i have called customer care also . they are not bothered about complaint. i have booked for 2 days but because of the dirty room with in 2 hour i have check out from the hotel room. they are not returning my money.,1,0,2026-08-08 23:21:15,14.27.0
accbc994-ffb8-45b9-97d1-6289a3e8a43f,hiren radadia,"Very disappointing experience. The room was completely different from the photos on Agoda. The TV was not working and no remote was available. The set-top box was also unavailable. The refrigerator was not working and the kettle was missing. No towel, toilet soap or hand wash was provided. After repeated requests, a very poor-quality, unhygienic towel was given. The bed and bathroom were also in poor condition. Overall, the property was poorly maintained and not as advertised. Not recommended.",1,0,2026-08-08 22:07:58,14.28.0
e0696788-5cae-4ee1-9773-7e202ce3928a,Harshit Kyada,"Very disappointing experience. I booked a Deluxe Room through Agoda, but the hotel provided me a much smaller room than what was shown/booked. I tried contacting both Agoda and the hotel, but I did not get any proper response or resolution. This completely ruined my experience. I would not recommend booking through Agoda. If possible, use another booking app where you can get better support and service.",1,3,2026-08-08 20:16:56,14.28.0
bcb5ec14-49c5-4d13-b854-bb08529d1db3,Mul wanto,Saya booking penginapan lewat aplikasi ini. Tapi ternyata tempat yang saya booking tidak ada atau penipuan.,1,0,2026-08-08 18:39:11,14.27.0
c8d6b39f-86f2-42ad-95fc-34273c04adf0,Pall GC,ok nice app,5,0,2026-08-08 17:00:37,14.28.0
a0cd9e4a-7143-4aa5-bb9f-918a1db3e3fd,seetsar churu,bhut aacha aap h,5,0,2026-08-08 16:44:59,
6319bed2-827e-41f5-a3d9-ae36c9932849,Jay,"It's my first time using this app, they cancelled my booking the last minute that ruined my vacation and i have to find another place to stay and its been a week, i paid using my debit card there's still no refund🥹",1,0,2026-08-08 15:03:58,
ab8baccc-f27e-48b3-9bd0-ff2f7453053d,Mh A,"Decidedly dishonest and boisterous application. They present a price, then escalate it with an added surcharge. One cannot simply utilize the app without being interrupted by persistent discount pop-ups. Furthermore, the support section consistently malfunctions.",1,0,2026-08-08 14:33:36,14.19.0
2c2294d5-4fa4-4450-8da4-f3cfc79ceaea,Jaihind Chauhan,I booked my amount deducted from my bank account but booking showing not done and no reply..for refund .I think it's fraud business be carefull... I msg all booking details still i not received any reply...worst customer care ...be carefull ...,1,0,2026-08-08 13:53:42,
0766e08f-e79e-4b94-a9c4-3cc422df0f60,Jessica Dacasin,"This app was not satisfied Enough, the app should improve more if you got wrong on the input in just the same day I hope it can even change, The app also have bug on the phone when the agent notif the message and I click it isn't directing to the convo it keep dissapering also make sure that there is a recent inbox for agent messages, tell your partners to be responsible you should both cooperate how to help the customer request! I am first user but this app was so upsetting!",1,0,2026-08-08 10:18:17,
47766838-4824-4fc3-ae1b-387e89616ad1,Srikrishna Parua,"Worst Booking Experience Ever! Booked a hotel in Puri through Agoda, but when we reached, the hotel staff demanded extra money for the room. We waited for check-in from 5 AM to 9 PM, only to be told that the hotel was full and only one room was available, for which we had to pay extra. The hotel refused to provide a proper solution or refund. What’s worse, despite trying multiple times, I could not even connect with Agoda’s customer support for help. Extremely poor service.Not recommend.",1,0,2026-08-08 09:28:01,14.27.0
47b2ee2a-89a0-46c5-aa54-c8a1b276b613,Om Lohar,app aap bhi uss karo,4,0,2026-08-08 09:11:28,14.28.0
c96226ff-88a2-4de9-8be6-e01a7c446916,Jesus Martinez,fraudsters and misleading promises. they claim you get 10% off if you book with the app. and then they minimize the 1st discount to make it seem like the gave you that promised discount. I ended up using the website and paid a few cents less. uninstalled the app right away.,1,0,2026-08-08 01:16:30,
4f0f5326-640d-473a-9758-2d674a49ea7f,Christine Kwok,"KEBANYAKAN SCAMMM, APK LELET, PELAYAN LAMA (DI AGODA ADA SUDIRMAN APART DAN UDAH PEMABAYRAN TEGAPI PAS DAGANG SUDIRMAN APART DIBILANGNYA GADA KERJASAMA DENGAN AGODA) ??????????????? INI GIMANA YA TANGGUNG JAWABNYA DARI PIHAK AGODA????????????????????? TOLONG YA YANG BENAR",1,0,2026-08-07 19:48:47,14.27.0
6ee5c72e-9610-43e9-8c4d-08218a3e7330,Suyash Dixit,"i asked agoda booking for 3 person, but it gave me option only for 1 or 2 person. i booked the room at hotel, then I had to pay extra at hotel. which was way more what I was getting on other site . agoda bookings are misleading.",1,0,2026-08-07 19:33:47,
cb05a4b1-7ef3-4157-a6e5-32d2d107f95a,Yu Khun See,Cancel our booking a night before our trip. Does not compensate immediately and need a month to process refund.,1,0,2026-08-07 19:33:07,14.27.0
9fd45da4-b97e-42e3-ab8d-362658d09e6e,Kate Vasileva,"@Rui I will not waste more of my time with your support, my time is valuable, and it was't sorted, I waste 2 weeks answering the same questions, it's ridiculous! I do not want to do it again and again. Agoda's buggy app reloaded at checkout and booked the wrong dates. The system then blocked me from fixing it for 2 days. The hotel explicitly agreed to a 100% full refund, but Agoda still stole 30% of my money for absolutely nothing! Terrible support and a glitchy app. Avoid!",1,1,2026-08-07 17:33:21,14.27.0
77854a6b-3454-482f-b06f-ae5eccb9bcbe,Marion Malata,"Messages keep on crashing, can't message my host 👎🏽",2,0,2026-08-07 17:09:12,14.27.0
aaf96e63-c8e8-405b-8798-1d14a5102ffd,Yasir,"Wrong address in Guangzhou hotels, 3 times wrong address and wrong stars rating!",1,0,2026-08-07 16:27:02,14.22.0
1fcab92f-2348-4ff7-8874-db6547ceb094,Malvin Muhammad Zain,"Scam, very bad Customer Service is all like BOT, they called had 3rd party agent, and their business is not fair",1,0,2026-08-07 16:13:34,14.28.0
e5623ac8-5670-4ef3-80a1-fd93e5862c60,Ranvir Jatana,"was booking a hotel and clicked next. instead of giving confirmation page for payment or other things, it just booked straight away. also it was a non cancellation booking.",1,1,2026-08-07 15:55:44,14.28.0
9d320267-3d37-43e1-a4be-f2e4f718b771,Skachaman Khan,beautiful app I like it very much,5,0,2026-08-07 14:45:32,14.27.0
d68adfe0-67c6-413d-91fe-4889677ce878,Rsmed Group,Please do not book through agoda i booked a hotel for 3 days and had to shorten my trip to 1 day and agoda replied me to contact the hotel for this as they wont help me after the booking so zero customer satisfaction,1,0,2026-08-07 14:35:48,
dc48b7d3-5d01-4a4a-bb35-baea770d4701,Sam Ng,"WARNING: Agoda added an extra charge to my card after booking—without my consent. Customer service denied my complaint and refused to investigate. I've been a loyal customer for years, yet this experience shattered my trust. Pricing feels deceptive, support useless when issues arise. Check your statements carefully. I will never use Agoda again. Strongly urge everyone to be extremely cautious.",1,0,2026-08-07 13:48:08,14.27.0
9f681da9-528a-4e5f-8f65-2482fa1bb786,Elahmae Tapang,"OVERBOOKING... my accommodation cancelled last minute due to overbooking made by the app. They did not immediately the accommodation about a booking. Now l can't even request for a refund since according to them ""it is past the time for a request"". YOU DID NOT NOTIFY THE ACCOMMODATION IMMEDIATELY AFTER BOOKING AND NOW YOU WON'T GIVE A REFUND??",1,0,2026-08-07 12:40:07,14.26.0
8a9914cd-14bd-4e84-a1ff-f2582586c215,Alexander Voronin,"Real scammers, i paid for an attraction ticket fees and immediately got an email: ""sorry we cannot process your booking, please request a refund"". i have entered my account data and it always failed, like already 3 attempts. their support is non existent regarding this issue, they won't even allow you to contact a real person. so basically i send them money for nothing.",1,1,2026-08-07 12:26:09,14.27.0
79799c3d-cd0b-4865-a4c4-b82df7417e6c,Rangeela Rangu,nice app ✌😭😭😭😭,5,0,2026-08-07 11:47:27,
ac18acf1-8e7e-4386-924b-ad28c374609f,CZ GAMING,"I'm already a platinum VIP and I don't get any benefits, customer service is bad.",1,0,2026-08-07 09:36:43,
df922e1e-3a99-415e-90c2-2f1629f154b7,Jordan Salim,Price dia sangat mengoda!,5,0,2026-08-07 08:15:00,14.27.0
579d478b-ce33-4596-b9e9-315fcc53ec63,JTR Thomas,"realistic prices, easy to understand.",5,0,2026-08-07 05:43:07,14.27.0
eb9615d3-fd4f-424e-8988-c0e68f6d3d78,Denise He,"Avoid Agoda - do not book flights on here. It may look cheap but in the end they will not deliver. I booked air tickets and needed a name change. On the airline website it said $5 for a name change. On Agoda it said $50. And in the end they charged me $500. But still no name change. It is a scam, so beware. The airline refused to deal with me since I bought it off Agoda.",2,1,2026-08-07 05:09:42,14.27.0
a05c78dc-7df1-4294-8a65-31be778318b0,Shahbaz Shah Khan,The most frustrating app with no proper customer support. Customer support representatives are a bunch of liars.,1,0,2026-08-07 04:59:35,
a88558f4-bdb0-43a4-98ca-cab9ba7fec89,ronald aldo,"sy ada CC jarang dipake, aman2 aja, tapi lgsg kena hack 1 bln stlh booking di agoda. ada transaksi CC tanpa OTP woww",1,0,2026-08-07 04:49:59,14.27.0
148ee532-00a2-42a6-a843-643ca62f019e,Bogdan Andersseenovich,Agoda has the worst of the WORST customer support and DECEPTIVE listings. 1. They ONLY have the chat support where you get in contact with an AI. 2. They make you wait for hours and days or like in my case never get back to you. They are unable to solve any issues if you booked a place. 3. The listings on agoda are different from what you end up getting. Be careful and think twice before you want to use it,1,0,2026-08-06 22:58:14,
eaaa85c8-e1d8-4cb7-9be2-364478fd496b,T A,AVOID. MINUS STARS. NO CUSTOMER SUPPORT AT ALL. NO TRUST. 34,1,0,2026-08-06 20:24:25,14.6.0
c9a39d69-e8b5-483c-8c82-faefad975aff,mr like,pembatal x dpt refund senang² makan duit,1,0,2026-08-06 18:37:02,14.19.0
139fc132-ee11-45a6-9d27-e59789855a7e,Nilo Marculeta,"⭐⭐⭐⭐⭐ Incredible hotel deals, massive savings, and a completely seamless booking experience!Agoda is my absolute go-to platform for securing the best accommodation rates, especially when traveling throughout Asia. The app is incredibly user-friendly, and their AgodaVIP program offers fantastic extra discounts, insider deals, and secret prices that consistently beat other travel sites.",5,1,2026-08-06 18:27:38,14.28.0
cfbbfbdc-33ff-4ff0-9112-0d49675cedb7,Varun,Fraud app h ye do not trust this app I request all of you 🙏,1,0,2026-08-06 18:14:35,14.27.0
a22543de-2cfa-4ba3-be1a-ba0599f9871d,Anup Singh,"Don't use this Agoda platform for any booking. If u cancel within time limit then also your refund will take 45 days to credit in your original payment mode. Sometimes hotel will cancel your booking after booking confirmation email, refund will take 45 days. Some times on reaching hotel they ask u for higher room charges what will you do.? The customer care will not listen u and u have to write email for even a small issue. Think understand and use it at ur own risk. No support from agoda.",1,2,2026-08-06 15:47:38,14.27.0
06117e03-ba6f-42e6-a42b-3d225fd6fa75,vishnu ram,I've been using agoda regularly to book stays. but the one time I had an issue with the check-in they were not helpful at all. the costumer service is a joke. and the reason I had an issue with the check-in was also due to thier mistake. they failed to update that the property was under maintenance even though they were previously notified. I would not recommend.,1,2,2026-08-06 14:20:45,14.27.0
86608012-3a13-4932-aeb4-afde7166b93d,OC,Awful app. It is full of scam and not reliable at all. First time I booked a hotel and when I came I was charged much more than booking showed. Second time my booking was cancelled with no prior notice.,1,0,2026-08-06 10:23:21,
56566330-c79b-4033-864a-c48540dcc20b,Airolive Daguro,"1 star The app is very frustrating to use. Almost every time I try to check something, I get a ""Try Again"" or ""Something went wrong"" error. The app becomes unresponsive, and I can't access the information or booking details I need. I've tried multiple times, but the same issue keeps happening. I hope this gets fixed soon because the app is currently very unreliable.",1,2,2026-08-06 09:07:30,14.27.0
24bdd303-88e0-49db-b52b-8be255f3539a,bhuvnesh nagori,"same payment page said payment failed, I paid once more, booking done twice, refund not processed,no way to reach support, never using agoda again, lot of stress, not able to reach support through app, bad ai giving same reply",1,0,2026-08-06 07:29:25,14.27.0
7b8c9ca9-35a3-40f5-93c3-a1612e4e69b1,Samar Hamdi,bad experience they stole our money bad customer service cancellation policy not fair,1,0,2026-08-06 03:19:02,14.26.0
0761ea45-16bc-4de1-b4e4-c9ae144de2b5,Anirudh Sahu,Biggest scamming app for hotel booking. They took my money for 3 peoples reservation and then upon checking in hotel told us they have booking for only 1 person and we have to pay extra for other 2 people. The customer care was not helpful and we had to pay 2x more money than what we would have paid normally. Also they charged my credit card when i asked for cancellation with 50% of the booking. The hotel was neither helpful as they could see the extra money pouring in from Agoda.,1,0,2026-08-06 01:38:44,
21717832-5e33-4897-a750-15c558294f1d,Nibedita Speaks,Deals are good. But promises are not kept as written.,5,0,2026-08-06 00:03:53,14.27.0
3baab06c-9ee4-415b-9666-051b0817897d,Shanmugha Anand,"I have booked 1 room for 6 adults, after payment it was showing 2 adults. tried to reach customer care but got scammed with huge amount. case has been filed with cyber crime still not able to reach agoda to report this issue.",1,0,2026-08-05 23:08:46,14.19.0
2e043a9a-cf46-4ebe-bac2-8bd577cc1e52,Muhammad Abiyan,"Sudah booking hotel, eh tiba-tiba kena cancel, pembayarn via VA BCA, dan mau minta refund dengan rekening yang sama saat pembayaran, hasilnya? Error, dan gak ada solusi, live chat pun hanya muter-muter disitu, gak ada solusi, SAMPAH buat Customer Service nya!",1,1,2026-08-05 18:08:23,14.27.0
02cda5d6-e886-4618-9eb0-12a2c3fbf628,yograj Singh,"Agoda se Hotel Cristelia book kiya or isse ghatiya experience, dharmshala me bhi nahi milega mera personal experience bilkul hi khrab raha. Hotel ki hygiene aur maintenance kaafi poor thi. Building ke kuch hisson ki condition aur maintenance ko dekh ke lagta hai selling kabhi bhi gir sakti hai.Agar aap family ke saath travel kar rahe hain, couple hain, ya solo professional traveller hain, to koi dusre trusted app se hi rooms book kare.hotel ke real photos hotel ke review pe daal diye hai",1,0,2026-08-05 17:15:42,14.26.0
1ada6dcd-6e25-400b-8e8b-ceeee1da9ffc,Kalpesh Koli,worst app of fake hotels fake booking not refunded money,1,1,2026-08-05 13:45:37,14.26.0
72f36c64-37a5-4795-939f-52515773268b,Samuel Khor,"Terrible company. Prone for cancelling reservation booking when prices are good. Updated Y26 Predatory tactics still exist, constantly pushing price increase notice every few hours instead of working towards getting the best pricing. Bad experience save yourself the trouble, use other service provider.",1,1,2026-08-05 12:32:10,14.27.0
ff9345f8-7e4f-4d29-9757-d387ff1f3b65,Divyarajsinh Jadeja,bahot kharab app he muje Jo hotel dikhai ja rahi he vo hoti hi nahi,1,0,2026-08-05 12:28:54,14.26.0
3632ca66-0224-4ad0-aab1-e78bdb1c9a53,Oleg,"Upd: Agoda eventually resolved my issue, but the process was unnecessarily long and confusing. The booking page stated that 18% Israeli VAT was included, yet the hotel charged it separately. Agoda’s AI and customer service gave contradictory answers, and I had to send multiple messages and repeatedly correct errors. The VAT was refunded and compensation was offered, but the experience showed serious problems with price transparency and support consistency.",3,0,2026-08-05 12:19:06,
c639f1cb-3955-4326-b57e-85fd7ee5e41f,Shrivastav Aayushi,makes double payment and not refunded amount,1,1,2026-08-05 10:06:05,14.27.0
7453dea5-f7b4-4321-af2c-18074c60df23,Veronica Adenia,"I have bought tickets to the zoo through this app. The payment was successful because my balance has been deducted, but the order was not saved in my email or in the app. Honestly, it is very disappointing because my money was wasted.",1,0,2026-08-05 07:55:43,
1202e941-5c4a-49b2-ab16-1d5763755e3b,Lawrence Guerrero,"lifesaver, especially internationally 😉🤑💰💷💶💵💴💲",5,0,2026-08-05 07:06:43,14.27.0
b31c0f04-fc4c-4d0d-aa53-370b896e575f,Nur Azmina Khor,Great offers from time to time.,5,0,2026-08-05 05:14:13,14.27.0
9b692287-1874-4b51-bed2-ba093d508973,Sarvesh Chandrashekar,I have booked a hotel from agoda and while booking I choosen the wrong date and when I request for change the date there was no option in the app to select that is the reason I asked them to cancel the booking and they are telling all unnecessary stories that booking is confirmed we can't possible to cancel it we need to get the approval from the hotel for cancellation then only we can able to cancel it initiate the refund. but visited the hotel and requested them to approve the cancellation ema,1,2,2026-08-05 03:59:47,14.26.0
b6278955-a667-41cd-aa89-0c8044894006,Fine FN,Unreliable payment system. They will just give all your bank card information to the hotel and of course hotel staff can later use your card to secretly make purchases. Super irresponsible and very unsafe. I am shocked how you are still in the market with this fraudulent behavior.,1,0,2026-08-04 19:52:52,
ab7d895f-cab5-42aa-8e64-bc4ef1c60909,Mohd Azmi Arifin,"I am very disappointed with Agoda's customer service. Even though I am a Platinum member, I received no special consideration or support when I had to cancel my booking due to an unexpected cancellation of my official meeting. The response was generic, with no effort to provide a fair solution. Based on this experience, I will leave a low rating for Agoda's customer service and will consider booking directly with hotels in the future.",1,1,2026-08-04 17:54:43,14.27.0
c9be90b5-e3aa-4f67-8efd-041c116c2780,Moulish kumar,worst customer care service they haven't solve the query inorder to refund the amount they are closing the complaint by them self don't use this app,1,1,2026-08-04 15:48:49,14.27.0
e98385c3-d069-47c0-bb29-d8e3f5210656,Anshu Sarda,very good app,5,0,2026-08-04 14:48:06,14.27.0
0bc2dc45-c182-4692-9287-52646c3aac77,tadashi,You guys should really change the policy on the refund method. I have been encountering with system error quite a lot these days and getting canceled mail but it was already charged and the amount is not a grain of rice. WORST experience ever. Making customers feel exhausted!!!! GET BETTER!!!,1,0,2026-08-04 13:18:02,
16d3c261-3137-4497-a2ad-cba453e61f63,Mj Trunn,"this. appp is a bloody white last year I book my hotel the cancel last minute..promise for a refund I never get a shift...today I book a hotel , payment time price changed..want to cancel they never allowed.. dlt this app dont use this app it's a scam",1,1,2026-08-04 10:47:42,14.27.0
8437aa25-42bb-4224-9b7a-abd3ee197372,Vaughn Walter,"found best deals, paid with afterpay or other budget plans customer service always puts forth their best effort",5,0,2026-08-04 05:13:01,
8ffadb86-9960-4fd6-8452-6e28525c42f5,Kayvan Shah,"UNPROFESSIONAL !! NOT RELIABLE !! They display Hotel 'The Grand Resort' located at Bhandardara, for which I booked a stay. Upon checking I found there is no such hotel at Bhandardara. To compensate they offered a 2 Star Hotel with a claim that it's a 5 Star Hotel. Completely Unprofessional and Unreliable experience with Agoda. SCAM !!!",1,1,2026-08-04 03:41:08,
ee7ecacf-8b86-475c-a796-3048568810b1,Angela Boulter,Agoda consistently needs me the best accommodation deals!,5,0,2026-08-04 03:00:47,14.26.0
204d06cf-fafa-4f6a-b501-f7056aa38480,Diego Marcelli,"Before cancelling my booking, I asked the chatbot whether I would receive a full refund, and it clearly confirmed that I would. Later, I found out that I was not entitled to any refund. When I raised the issue with Agoda's customer support, they simply told me to read the terms and conditions, completely ignoring the fact that their own AI had provided incorrect information. The Agoda team showed little interest in addressing the situation or taking responsibility for the misleading advice.",1,1,2026-08-03 21:37:41,14.27.0
d5300a90-c4be-4c61-890a-a5b807426ddb,Santosh Kumar,"Undoubtedly the most fraudulent travel app I have used. Fraud seems built into their business model. Agoda claims to offer early check-in services, but the hotel had absolutely no information or arrangement regarding it. Such misleading promises are unacceptable. Avoid this app and book directly with the hotel instead.",1,2,2026-08-03 21:19:22,14.27.0
813b2e31-0fd7-418f-95d9-556d4a4beb78,nigma mishra,"Book a hotel in kolkata with full payment and get confirmation.When I reach the hotel ,they tell us that we don't know agoda and we have no association with agoda .I had to stay at the hotel as I had family and kids with the hotel full payment to the owner.When I asked for a refund to agoda they denied . Don't waste your hard earned money time with agoda to get this kind of pathetic service.Call the property Directly to avoid inconvenience.",1,0,2026-08-03 20:57:21,14.27.0
d3c471a2-c3a6-477d-8002-b253e4e613e6,Bidyut Sarkar,price discounts are really very tempting .,5,0,2026-08-03 20:50:19,14.26.0
ad6c2615-ce7f-4159-8bd6-2259736193cc,ranjit kumarkhaniya,"Very bad service.I booked a hotel through Agoda, bt when I reached the property, the hotel staff told me they had never received my booking. Later, the Agoda support team informed me that my payment had failed and my booking was cancelled, even though the amount had already been deducted from my account. To make matters worse, after two days the Agoda app showed my trip as completed,even though I was never able to stay at the hotel. When I contact ed customer care, they simply said we can't hlp",1,2,2026-08-03 18:53:12,14.26.0
f495c8e8-e618-4927-8372-9e95adedb146,Ashish Malla,best hotel and have a kitchen is very convient easy to cook and room honar beave very good prefer for long term stay,5,0,2026-08-03 18:20:16,14.27.0
75fc3030-f4d8-4ae2-98e7-d689812056e2,Fu Yong,PayPal payment constantly time-out but booking is successful,2,0,2026-08-03 13:57:29,14.27.0
5fff6f61-4737-40cd-8f4e-7650dd5b1665,Remi,"If you're European in Asia with Platinum membership and compare prices with locals in different countries in Asia, with no booking history, they get cheaper prices. And if you have a complaint they will lock you out of the system so you can't keep booking, despite being a good customer for years. There's so many other options. Shame on you agoda. Filing a lawsuit, fraud and tax evasion. For a starter. It's time to expose your shady business. most of my bookings last 4yrs are cancelled. U R done",1,2,2026-08-03 10:30:44,14.26.0
f2cbb814-46a2-475d-b9c0-eb652dca3d54,Bird Ngon,"Whenever a problem arises, they just apologise; they’ve never actually solved a single one. It’s so disheartening.",1,0,2026-08-03 08:41:03,14.27.0
95b337df-81ab-4dd8-ae75-815f60ce9cd9,Putt Anawach,"App crash !!! it keeps showing ""Oops! Something went wrong"" in Booking Detail session. I cant manage my booking after reserved. Re-install, Re-login, Cache clear have been done, but the problem is still.",1,2,2026-08-03 08:28:42,14.27.0
48ec9a80-0fb9-40d9-9b29-3aa307f2fbe6,Zuhair,My paid room reservation was unilaterally cancelled from the application just as I was about to check in at the hotel reception. The funds have not been returned to date. What kind of application and agent is this?,1,0,2026-08-03 06:53:06,14.27.0
8cf2959c-1491-4231-a0b9-05f4e0f5a046,Savitri Devi,"My booking experience with Agoda was extremely disappointing. The overall process was frustrating, and I faced issues that made the entire experience stressful and inconvenient. I expected a smooth and reliable booking experience, but unfortunately, that was not the case. The communication and handling of the issue were also not satisfactory, and I felt that my concerns were not properly addressed. For a booking platform, I believe transparency, reliability, and good customer support.",1,1,2026-08-02 20:28:22,14.26.0
e5e62ce5-f61e-4fd5-af16-f0a80df01224,TUSHAR VANVI,one of the best booking aps for discount,5,0,2026-08-02 20:22:25,14.19.0
c01d22b5-9116-4cfe-8f68-3115f060e5b3,Muhammad Junaid Riaz,"Terrible customer service experience. Lost my hard earned money due to glitch in this useless application. I was trying to book the hotel for 6-8 August 2026 but, once I reached the final step, the application reloaded and after making a payment I came to know that, the booking has been made for 3-4 August 2026. I want my payment back.",1,2,2026-08-02 19:01:25,14.27.0
b0bc856f-f4b5-4a08-b72b-211b010ede5f,saransh joshi,"Extremely disappointing experience with Agoda. I booked 6 rooms at The Blossom Resort, Chikkamagalur. During a chat, I requested the refund amount for cancelling one room and clearly asked Agoda to confirm the refund before proceeding. Instead, Agoda amended my booking without my explicit confirmation. They later admitted in writing that the change was processed before confirming it with me. The booking had free cancellation until the specified deadline, yet Agoda refunded only ₹1,367.94 instead",1,1,2026-08-02 18:04:58,14.26.0
517fecff-6741-46ca-b1e6-73d91e4d98f5,Sharmila Mahato Naskar,in this app the price shows very high but originally hotel changes are very low. we can get to the hotel immediately but cannot trust anymore in this aap.😩👎🏻,2,0,2026-08-02 17:48:07,
5391a8bc-e7d9-4cbb-af55-cc7d0ccc2d24,M,"jika ada yang mengalami kendala saat refund dana saat cancel booking, aku sarankan hubungi agoda melalui dm dengan memasukan id pemesanan, lalu cek app berkala karena setelah itu dana bisa dikembalikan tanpa proses lama, aku yakin banyak yg mengalami kesulitan serupa dan berharap kalian dipermudah juga selama proses refund dana",5,0,2026-08-02 17:19:58,
2082d5a3-4bef-4fbd-84ea-c4b98c39b1f5,Suraj Vishwakarma,"do not book any room on agoda, you will never find the best service on agoda. i repeat do not book i got scammed.",1,0,2026-08-02 16:31:11,
32cfdcd5-e3ce-41ad-8b4e-77c028eb97bf,Lakshya,they are the biggest liars i searched for 24 hr chekin option as I was reaching @5 am in the morning they lured me in opting for arrival time between 6-7am then when I booked happily that I will get a hotel checkin early in the morning and i paid online then I get a confirmation email of booking got confirmed but it will be as per the hotel checkin policy of 12 pm checkin I am uninstalling this app and never suggest any one about this,1,1,2026-08-02 16:20:27,14.27.0
d80e6d1b-7d22-4b11-a25f-a85349547de4,Rizki Septiansyah,"room available. when you arrive, the Hotel said full booked. Scammer. If I can get my refund. fine.but AGODA it's not recommend for being digital platform for hotel. You are scam.",1,1,2026-08-02 11:26:37,14.26.0
8d527708-6125-4cdc-9f63-f6604625793b,Puneeth G P,"poor service and really bad app, bookings are not confirmed by owners",1,1,2026-08-02 10:05:38,14.26.0
c756c8fd-771f-4124-a3f6-71a8ae091db2,Hendry Willam,aplikasi abal2. kalo bisa jgn pake aplikasi yg ini.cari yg lain aja ya guys. cukup saya korban.kalian jangan,1,1,2026-08-02 09:09:21,14.26.0
7253a928-ec8c-4557-aa40-820fd0ad399f,SUDHANSHU SAIN,"Very Bad and disappointing customer service...I cancelled my booking on 26/06/2026 and till today I did not get my refund money.Whenever I talk to customer care ,they give assurance but money has not been refunded to me.Very unprofessional behaviour from Agoda.I urge everyone to avoid booking from this plateform,they are worst.",1,1,2026-08-02 07:54:23,
ba43599a-e194-4da9-a406-766b25ccd16f,Faisal Rizki,"The CC selection is not working, they just choose what is the first CC in the list, even the CVV is not match! security of payment is worst",1,1,2026-08-02 07:17:51,14.26.0
b540e2e2-95f3-4de2-a9d6-58f99f49670c,Stephen Marcus,"I love the old hotel and stay booking app. But, the flight part is horrid. Go directly to the airline. I think the flights part is a 3rd party agent which specializes in poor service and over charging once the flight is booked for things like changing the date of the return flight. I had to go to the airport and the airline did without hesitation and no charges. Agoda's third party flight supplier would have charged for the flight change. Agoda refused to allow me to change the booking.",1,0,2026-08-02 06:28:40,14.26.0
1b1e2ccd-5edb-41bd-b6c0-cb8dd58e9f64,Nelly Agustina,"i'm using this app long time ago but feeling betrayed and dissapointed today when i apply refund for my wasted ticket cause my mom operation date has been resheduled but when i apply the refund at the airlines website it show that i'll get about 35% refund from the exact amount of my ticket price but i can't proceed it from the airline website because the registered phone number it's not mine so i just can apply the refund from apps but from this app i only got 4% refund,bad apps blocked it !!",1,1,2026-08-02 05:28:08,13.23.0
84edff48-e68e-48a4-bda0-40133a6b7c41,H B,do not book anything from this app/website they scammed customer and never refund.,1,1,2026-08-01 17:49:48,
e01555c1-8d12-4b35-bc92-5c14bc649c1b,Abu Bakar Ahmad,i can't find the place rafayeh hotel instead off full payment done,1,1,2026-08-01 15:48:31,14.27.0
32400791-ceb3-44b4-81c1-7cf71ce4585e,Swati Soni,Terrible experience. They will mark a room non refundable and then cancel it themselves and will not return your money. Looters,1,1,2026-08-01 13:05:54,14.27.0
342bf1a1-1bb1-4371-9a4b-40bd3ebbaba5,Jacob,Literally sold me a fake apartment. Got a refund with a $15 sorry voucher. To book a new hotel that day on short notice cost me hundreds more than my original booking. DON'T TRUST THIS COMPANY!!!!,1,0,2026-08-01 10:13:06,14.26.0
cae7401c-0655-4dec-b014-cd295603952b,Bintang Alazar,harusnya gua ga make dari awal karena reputasi nya orang orang ini loh ga lebih murah dia ga pake pajak aja liatin harganya pas mau bayar baru kenain pajak akhirnya apa yaudah sama aja kayak apk lain traveloka dll yaudah bintang 1,1,1,2026-08-01 09:52:17,14.26.0
157ad29d-e186-44ba-8a5b-8817ffae7c48,Jasmine Joseph,please do not use this. customer service is very poor so far,1,2,2026-08-01 06:18:25,14.27.0
f1e1b750-d3ed-4a1a-a198-5898fff1cfd0,gunawan wibisono,"scam ini, udah pesen, trnyata belum di book di hotelnya",1,1,2026-08-01 05:42:44,
9bfa4b00-437d-478e-93b6-d994e4db2cab,Abhishek Chaudhary,"don't use agoda app as hotel bookings when you reach your destination book by agoda the hotels charge extra money without any reason, and agoda service says this is not our responsibility",1,1,2026-08-01 00:57:43,14.26.0
cac56199-fcaf-42b4-af9a-7fa4d3412d29,Matthew Edgerton,"Awful, avoid. Paid in full prior to stay. Arrived at the hotel to be told Agoda hadn't paid them, so had to pay in full again. Despite sending bank statements and both receipts to Agoda, and they acknowledged receipt of these documents, a week later there is still no refund and they are asking for the documents again.",1,2,2026-07-31 23:01:18,14.26.0
aedac5c8-e4be-4b0d-b475-7f071e5edaca,VISHAL SINGH,very terrible experience for booking flight tickets from customer support. Reasons:- 1.agoda uses third party ticketing partner. 2.talking with customer support will feel like talking to persons sitting in bunker with no clear audible sound. 3.when asking about any change or typographical error in booking they says that airline can do it and airline company says travel agency can do it so its very complex. 4.At backend travel agency name shows to airline which you don't know about it .,1,2,2026-07-31 22:29:49,14.26.0
2c16d0e2-8160-4307-831b-e3976dd1abfc,Oussama Zahri,"i truly dint udnerstand why the currency MAD ( moroccan dirham ) isn't available, so we don't exist do we ? . beyond disrespectful and doesn't make any sense",1,0,2026-07-31 22:25:43,
7d17243b-fd3f-419c-bea9-121847c2ff74,RAHUL KUMAR,very bad service..even if you booked hotels..but at the time of you reach there ..hotels person..tells that ..rooms are not available.. agoda showing wrong are available..also deducted my money and not refunding..too much bad service..also not any customer care no to help,1,1,2026-07-31 21:57:36,14.27.0
d6119fbc-6217-40e3-b042-89303721cbf4,Kaushal Verma,"very bad service agoda , waist money waist time",1,0,2026-07-31 20:19:48,14.26.0
2d96bcba-7f11-453a-a8d1-4b6500d33e28,rup narayan Nath,"I had a disappointing experience with Agoda. My booking was marked as confirmed, and I even received a confirmation email from Agoda. However, all of a sudden the hotel canceled my bookings.This caused unnecessary stress, wasted time, and uncertainty during my trip. A booking confirmation should mean the reservation has been successfully communicated to the property. Agoda needs to improve its booking confirmation process and customer support to prevent such situations.",1,4,2026-07-31 17:47:14,14.26.0
5ac321c4-69d5-41d1-89a7-fb32d3f6b118,Mae Sae,"""we are facing technical issues "" I'm so freaking mad it's been 20 tries",1,0,2026-07-31 14:56:15,
5788f3c2-7cab-4a8c-94ca-34457ea20b59,Rohit Agarwal,worst app I have ever seen charging the money for not providing the service I booked the hotel for 1 night and without checkin charge the amount cause this is the policy off the app and the hotel booking is not refundable and not change of date option available this app is stealing the .oney of the customer,1,0,2026-07-31 12:39:28,
4672567a-9748-4075-9d3e-9b52f72e2415,Dominic Nooney,"I've used Agoda for years and largely been happy, but they tried to refuse a refund for a property where my reservation was cancelled by the hotel. ""The hotel didn't reply so we're not going to refund you"". Completely unacceptable CS. Had to keep pushing to get my money back. Probably would never use Agoda again, but as said, never had any other problems before. Bumped down to one because they now allow places to triple their prices with hidden 'extra charges'.",1,5,2026-07-31 11:51:43,14.26.0
2d906d26-9d93-4a81-9f7a-fc6057626825,Dattatreya Jindal,I was awarded refubd via indigo 2 weeks back but still struggling to get it from agoda at least 20 emails have been exchanged all burden of proof lies with the customer. much better to directly go with the airlines took just 48hr to process refund. refund has reached agoda but somehow I need to prove they have got the refund 🫩.,1,0,2026-07-31 10:40:04,14.26.0
ae3b0288-db7f-4dbc-b63b-b8b9aa59a212,mesfin,"I used Agoda for years across 4/5 countries. They're the best. Customer service is amazing, super helpful.",5,1,2026-07-31 08:24:05,14.26.0
679d133b-3448-4df5-ab54-4d8aae4ca3ab,Dushyant Dhankar,"They are thief, They stole 4000+ Rs from me. The failure of booking is not due to my negligence, it was due to agodas technical issue on website when website provides link to go and pay on upi and the payment is done it should redirect back to website stating booking successfully done, instead it again tells you to make the payment on upi which creates confusion and if person itself goes to website then there also no message shown as booking succesful and instead we get two emails at same time.",1,0,2026-07-31 01:57:24,
a6c7be12-9f9e-48d4-93e8-35e5058e638e,Osmo Izdanje,"this app used to be very good. nowdays, it's just useless. one example: an apt is advertised at 114 eur per night. when you reach the final step,the price goes up to 153 per night!!! it's not misleading, it is useless...",1,0,2026-07-30 23:38:41,14.23.0
13ffc813-8cf9-4eb0-a777-f234ba90f02d,John Kaskiw,Great site and great prices for all your hotel booking needs! Very reliable.,5,0,2026-07-30 23:36:07,14.26.0
7aafbd20-65ed-4a8a-8664-66f352a96d2a,Akhil Jain,"The booking date was automatically altered post-reservation, and subsequent requests for modification or cancellation were declined.",1,0,2026-07-30 22:33:22,14.26.0
e9974564-8fb4-4ad9-ab2d-26126945d38e,Prateek,"The worst travel booking app ive ever come across. They scammed me off 5k with no refund policy, not a single helpful customer care response, hotel has denied service and they seem to be their cucks with no authoritative power to check into matter or even care about customer satisfaction. The agoda app does not inform u about hidden policies and terms and conditions but will make sure ur payment is as quick as possible... Never booking, never will recommend using these money robbing scamsters",1,0,2026-07-30 20:34:23,14.26.0
c07f8cf5-7871-43eb-b62f-25e71de08124,Raja Syarifuddin,I cannot open booking detail...it crash a few time also receipt that send to email is not the same amount as the that deduct from bank,2,0,2026-07-30 19:59:24,14.26.0
5bc52bee-18a7-403a-8398-f552923584bd,Amr Gafaar,"This is by far the worst booking platform I've ever used. I selected one set of dates, but the system confirmed completely different ones. Now I'm not allowed to change the dates, and canceling means losing almost all of my money. This is unacceptable and an awful customer experience. I strongly advise everyone to avoid this platform until they fix their booking system and treat customers fairly.",1,4,2026-07-30 19:54:10,14.26.0
8ee8dff0-1b29-441c-a2f0-4ca0648790e6,Surbhi Shukla,I booked an hotel with agoda and the experience in the hotel was horrible as there were no basic amenities provided especially the toiletries there was no room service available also there was no cleaning done in the hotel,1,0,2026-07-30 19:29:36,14.26.0
f2f8ad22-eb60-4ea5-87a9-04d77a181457,Selva raj,you can't reach the customer support in this app .. I won't give even that single star if it's possible they are playing with variety of options,1,0,2026-07-30 17:20:53,14.26.0
0a7617f1-e841-47dc-abb3-c82a382f5e8b,Arnav Varshney,"I booked 2 rooms through Agoda after selecting 6 adults and 2 children, but after payment the booking showed only 2 adults. Despite contacting customer support multiple times, no one resolved the issue, and the technical team simply denied any problem. With check-in tomorrow, this has caused unnecessary stress and uncertainty. Very disappointing service. I can't recommend Agoda until they fix both their booking system and customer support. Deserves 0 stars.",1,4,2026-07-30 17:09:42,14.26.0
d126407a-9990-41bd-99c5-a05e4fc2cee8,Rajeev Gupta,charge an extra amount after online booking .,1,0,2026-07-30 15:50:40,11.39.1
7d7d48f8-b34e-43c0-b4d7-66a42900071a,Sumit Singh,"I booked a so-called 4-star hotel through Agoda with an expensive dinner package. The hotel was third-class and the food quality was absolutely pathetic and unvouched for. Now, when I am trying to submit an honest review on the app, it keeps showing a ""Network Error"" and sorry messages. It seems Agoda is intentionally blocking the review section to protect these fraud hotels and hide reality. Pathetic service! They charge high premiums but give zero customer support and fraud properties.theAmaya",1,1,2026-07-30 15:29:28,14.26.0
b23773e2-9fd5-4b5c-bceb-69355feee313,Alsa Khan,very disappointing first ever experience of fraud from agoda showing offer rates then after paying no confirmation email came and the property was already permanently closed how can they still advertise a closed property and still take payments after filing cancellation and refund they are showing zero amount to refund,1,0,2026-07-30 13:54:32,14.26.0
be5185b3-2322-4c0b-8a95-d85d6eb51f7d,Eric Ko,So far so good. Thanks,5,0,2026-07-30 13:40:20,14.26.0
193a93bf-81c0-4e04-b5a4-425b51b9531e,Kechia Kuiiri,Quick and easy to use Agoda app,4,0,2026-07-30 10:52:52,14.26.0
e1377a4e-59ad-4870-8128-b75c7b0a44ec,Owen Prauser,There were hidden fees not mentioned by the app or the hotel. Customer service took too long to respond and were being difficult to reimburse the $70 that was taken from me (I still have not gotten the funds). Terrible. Will never use again.,1,0,2026-07-30 09:34:43,
ef749970-f944-4788-b304-741f1157a27d,Dolas Sitohang,"Urgent help needed. I paid for a flight booking on July 29th via Mandiri Virtual Account. My bank confirmed the transaction and the money was deducted. However, the booking does not show in the Agoda app, and no email was sent. Your support bot is not helpful at all. I need a human agent to contact me immediately to verify my payment and issue the e-ticket. I am now stuck without my money and without my flight. Highly disappointed in the service lag",1,5,2026-07-30 06:44:43,14.26.0
47a5d6db-538c-42af-a30f-de8d6fb6fbdf,mk,"app is garbage, cannot be used without an account. first page is signup page. waste of time downloading.",1,0,2026-07-30 02:39:21,14.26.0
a3cefb95-1c43-47cb-b43f-d61c0ae274d8,chris niel romero,this app crash so often that my booking mess up,1,0,2026-07-29 21:41:42,14.26.0
6d8765fb-c444-4243-a13f-ba9924f08599,Rocky Nandyal,"was very misleading with the price, advertised something like 600 thb per night and then when you go to pay was something like 1200 thb per night. also they send you a ton of emails.",2,0,2026-07-29 18:57:33,
b99bd4f7-ddac-4be1-a102-8c8222cae592,Matt Merriam,"As an app it's hard to find anything as you're bombarded with upsell. My last booking had all AI slop data. the link to directions in Google maps went to the town hall, the address listed was a farm 10 miles away (the farmer had no idea why) and the phone number was disconnected. agoda support was only bots in a phone tree. I actually found the right address and phone number by googling it. absolutely atrocious... deleting account after this trip.",1,1,2026-07-29 17:54:42,14.26.0
4a442233-ef4a-4bb7-bb6e-52b54f7f4f80,Jackie Drayton,Very good app to use but no options to apply your coupons.,4,0,2026-07-29 17:03:11,14.26.0
fa3c3110-2aff-4963-b509-c85b3939cbc1,Agung Silalahi,i cant find nya previous paymet and find the virtual number,1,0,2026-07-29 14:46:59,
eef0b1e6-4292-4228-a332-8d1dbd405676,Ranjith Bommella,nice i Enjoyed Aa Lot,5,0,2026-07-29 13:28:49,
93d89be4-564f-4e84-a9f8-d57646fa1bbd,Ss tamang,worst app ever i booked a room and done every process for payment at last it cancelled my booking automatically and deducted my money also tried the customer service but chat bot replies same as always like transaction unsuccessful so booking cancelled but payment is successful from my side and now the money is also gone and room is also not booked,1,1,2026-07-29 13:28:34,
63885830-ca0f-4453-8397-e47a8e4b7c37,ricosantos16,my round trip booking paid but my booking email only one way and they charge me twice for that when I check on their site they said there is no booking under my name where is my money? 😑 still no reference number on email should I wait for it?,1,1,2026-07-29 08:03:15,
1a52b553-f62f-4983-8974-49f2d8cf9407,Linda Reed,this is the worst app and has absolutely horrific customer service I would never recommend this to anyone. They severely upcharge the prices and then have hidden no cancellations in the terms. even if a hotel agrees to cancel with fee waiver they will refuse starting the property refused to agree.,1,1,2026-07-29 07:36:05,14.26.0
9cbcc353-5d6e-4ab3-a40b-237f2b1f120a,agi attika,"Absolutly non professional support, many times sent fals information about flight.Never use again!",1,1,2026-07-29 07:18:30,14.25.0
7965f46a-a518-44d1-9fdf-6c9e6a4e3486,Sapna Lopes,"you all should have an option for those customers who are disappointed with the stay due to the genuine reasons like mismatch of the pictures given as display of the hotel and the actual hotels. People book stay to have a pleasant time but due to such reasons, after booking online, they are left helpless caz there is no cancellation option in the app. genuine reasons should be escalated and at least 75% of the booking amount should be refunded or changing of the hotel option should be available",1,2,2026-07-28 23:35:03,14.26.0
0c1d9a84-9d17-43a8-ad9d-ecb47f044e23,shailesh tomer,very very bad experience with this app. Payment not refunded and not responding.,1,0,2026-07-28 21:21:02,14.26.0
b10f7d9c-0e54-44d9-9953-7fad280e6820,Karas Ezzat,"My father booked a 5 star hotel in egypt, my family had a big fight and this was making up for it, so right before we went to matrouh it sent my dad an email that the hotel reservation got canceled? my father paid full price immediately, but I'm unsure of even that too, I got extremely angry, becuase my father didnt check the reviews before downloading, he thought this was a price saving app, turns out its a scam a, our vacation got ruined, because what do you mean these frauds take your money?",1,0,2026-07-28 20:08:42,14.26.0
623e5b9b-84d0-41c9-8661-3ff5722b8366,Nova BLACK,Hell yeah. checkin out 2 dayz from now. will update during & after first stay,5,0,2026-07-28 20:06:10,14.26.0
36b3540c-5d90-40b4-9f0d-df188d766363,MacKenzie River,I don't know yet because I haven't seen the outcome yet,1,0,2026-07-28 19:43:32,12.27.0
3eb698f9-e00e-4523-b3f2-8edfce412cc4,Rahul Kumar,"worst do you know why not because it has the worst hotels listing no because the worst hotel when they will treat you worst you will have the worst customer support too I hope they give me options to upload the screenshots because I got room photos and screenshot of chat with agoda agents ***Hi Rahul Kumar, We apologize for the inconvenience caused. Please share your booking ID, email address, and concern through our Help Center **well la ti da I talked to your support already",1,1,2026-07-28 18:12:57,14.26.0
a235f716-555b-4cb3-85fc-93f93c3295a4,Deepak Pant,"Very disappointing experience with Agoda. The ratings and photos made the property look much better than it actually was. When I arrived, the room was dirty and not properly maintained, and the overall cleanliness of the property was far below expectations. It feels like the reviews and ratings do not accurately reflect the real condition of some properties. I booked based on the high rating, but the experience was completely different. Customer support also did not resolve my issue as q",1,1,2026-07-28 17:00:47,14.26.0
7cffd913-573c-4b68-ae02-d2b61552e0f8,Rishi Ranjan,"Stupid Support Scam There official Support number told me that they will call me on whatsapp, after a lot of messaging they called and asked to pay 500 to verify my payment 😂",1,1,2026-07-28 16:23:37,14.26.0
4101b2f6-69f7-43fc-a426-01e511cf64ad,Adithya Niranjan,"Terrible service, Agoda will take bookings from hotels with no real room present and will not refund the money. DO NOT BOOK here, use other services",1,1,2026-07-28 13:24:16,14.26.0
70d240db-1519-4f6a-9286-7575a69c7d6c,Bertrand Travier,"you make a search for 2 adults, you book a double room and after you get a confirmation for 1 adult only and they ask you to pay more. Agoda is a scam. After discussing with the customer service the answer I got is: ""We acknowledge the situation but this is your mistake""",1,0,2026-07-28 09:45:11,
c1424000-501e-4d06-878c-c55cdfbc5e09,Shivangi,"worst app ever ,i couldn't go to the hotel on the booked date and i called raddison park hotel Lucknow about 100 times 11 hours before my booked time but they didnot pick up neither my calls nor agoda customer care calls which they said specifically on customer care chats and my money got wasted because agoda denied my refund .",1,0,2026-07-28 08:47:59,
7e523c47-2320-48ed-99f5-a05311e027d1,G RAJA GOPAL,fraud app don't book,1,0,2026-07-28 08:17:48,14.26.0
613b8f62-616b-466e-9eac-69ec7fe14d34,Trudie Godfrey,"DO NOT USE AGODA for bookings. Especially if you have disability needs. Despite asking for a wheelchair accessible room, that request was not passed on to the hotel and when we got there there was no room available. The property approved an immediate refund and Agoda have continued to refuse the refund, even though doing so breaches Australian Consumer Law. I am having to go to my bank and relevant government departments to get this resolved.",1,0,2026-07-28 06:10:49,14.26.0
bcef6ea8-b6e7-4107-b068-9beb8a6e099d,Cincy 95,Good deals... Somewhat easy to navigate,5,0,2026-07-28 04:44:46,14.26.0
8299424a-78bc-4e44-8f65-44c19f9b3872,Dante Young,I would give it zero stars if I could worst app ever they couldn't give me my money back on a room that was false advertisement will be talking this to court and will be starting a complaint horrible app and horrible customer service,1,0,2026-07-27 22:46:11,
89fa47b4-238e-4ada-901a-25d003adca8e,John Geoghegan,I had a medical emergency and am hospitalised so am forced to cancel 8 hotel bookings. Agoda agreed to refund only 1 of the 8. In the case of the other 7 Agoda claim either that the properties refuse to refund the money or that the properties failed to respond to the request for refund. Both of these assertions by Agoda are absolute falsehoods. I have used Agoda for years but have just discovered that Agoda are scammers. Never again.,1,2,2026-07-27 22:27:27,14.26.0
9d8eb072-6c4c-4c86-974d-fb21aba61d4d,ARUNA KUMARA SOMAGANI,agoda is one of the purest form of fraud app i have a evidence also,1,0,2026-07-27 22:21:44,
efae98e4-cad4-4038-9b87-73c983c90126,Veronica Kgole,Simple to use.this is the best,5,0,2026-07-27 20:41:29,14.26.0
64bdbdee-7d01-4242-bf7e-302557243f22,Alif Aslamadien,Payment with gopay and virtual account failed,1,0,2026-07-27 18:36:02,14.26.0
ed5d9607-2b22-4c66-bed8-04da1346e816,sakura桜の花,"I booked most of the hotels using this app and not have any problem.But when I book and paid for hotel recently, the agoda apps showed ""payment not successfull"".Do another payment and same problem.Agoda deduct the payment 2x and booked 2 rooms.Call their CS staff on Friday and got full refund (1 room) on next week Monday.Good that their service is fast and trusted,in my country.And my previous review about apps problem have been answered by staff too.So,I change my review to 5⭐️ because of staff",5,1,2026-07-27 16:04:37,
fe59b94e-4f8a-4580-b917-af1245c99c82,nithin shekhar,Absolutely useless in a bind. The hotel says no record of booking after agoda confirmed. Agoda help line is useless. after wasting half an hour of time the end message is you are on your own. Do not trust agoda confirmation and do not expect any help from their help line. now they leave some useless link which redirects to the same useless helpline to waste another half hour.,1,3,2026-07-27 15:41:27,14.26.0
93a92c6a-99e4-469d-9c13-1935b70fb473,Nadiya arjun,worst experience do not book any stay from this scammers I had a booking where I have opted for breakfast included stay and paid for it.. when I went there they said that there is no breakfast option at all.. if there is no option y the hell should v pay extra regarding this have raised several complaint no response.. I would never recommend to anyone,1,0,2026-07-27 15:18:12,
9b2cb16b-66e6-4d42-ad28-3f6399863d0a,Caitríona 'Kat' O'S,"Only using it because other apps are BDS. Hate it though. Only customer service option is AI. And not even good AI. Also their discounts only appear AFTER you've already made a booking, so then you can't use them.",1,0,2026-07-27 14:57:53,14.26.0
0a319de1-1d70-4b6e-a28e-f3ed02b3af71,Abdulkarim,"Good app, it gives you several options and discounts, you can easily compare the hotels according to prices and reviews by previous guests.",5,0,2026-07-27 14:34:39,14.26.0
938ca5a6-961c-48dc-b021-6c1df836f6ef,Navneet Srivastava,"Pathetic Support Experience. You can only connect with their AI bot and even somehow you manage to reach out to Human support, they won't respond in time to avoid interaction. uninstalled and not going to use it ever. MMT and Goibibo are still better, atleast you can connect with someone who listen.",1,0,2026-07-27 14:28:25,
902f1099-565e-47a8-878a-bdf7db5a021a,anthony njuguna,"Agoda is run by fraudsters. Avoid at all cost. I had a dublicate Booking which i realize when checking in. The hotel agreed to cancle the second Bookings and accepted i get full refund from Agoda. Agoda lied to me that the hotel had refused a full refund since they didn't know i had contacted the hotel first. Even with a written refund approval from hotel, Agoda refused to refund the money. I had to open a chargeback Dispute with my bank to get back my money.",1,0,2026-07-27 14:03:26,
0eed36a7-7225-4c58-9ae2-5f074f2be6a7,Anuj Bansal,"Booked the hotel from Agoda. when we went there, the booking was cancelled. Agoda customer care said they ""called the hotel, but no one was speaking on call"". Had out of town guests, had to pay 3x the Agoda quoted amount in the hotel. It is a clean scam where you are given a booking at lower price, and when you arrive, you are asked to pay inflated amount. Then they have ""customer care call the hotel"", and pretend to have issues. This way they make more money thru commission. Perfect scam.",1,3,2026-07-27 11:02:14,14.10.0
6475c0d6-61e3-45a4-8e3b-c3b7103b369b,Benjamin YZ,much better than how it used to be,5,0,2026-07-27 10:17:29,14.26.0
54bd7826-d4fe-48f3-be99-fd7152c46896,Tarek Magour,"Very bad experience, be careful when you book. They told me the price included some benefits like breakfast and pool access, but when I checked in, there was only a room. When I checked, they confirmed there was no note for benefits. I talked to customer service and they told me to send any photos or screenshots that showed my reservation included benefits. booking is the best for me.",1,1,2026-07-27 09:54:54,
a7cec74a-52fe-4a23-a865-ca5e55e9d42e,NABIL SAUFI SH,okay app. sometimes the manage booking page can't be access though. it's hard to see your booked trips,4,0,2026-07-27 06:12:42,14.26.0
c38650db-fa9a-4a06-af7b-489c61e8c18e,NAJDA E.V,"Worst experience ever!I booked hotel through Agoda,paid the entire amount and the hotel staff is telling there is no room available since the booking is done through agoda!!!That too at midnight!After three long days of travel.Contacted costumer care....Their AI assistant was telling the same prewritten message a million times!!!Took much time to get connected to a human being for customer care late night!!And after all,had to search for another hotel at midnight even after booking via Agoda.",1,0,2026-07-27 01:05:06,14.26.0
bf4b33f2-f329-40c0-93ef-25b46e28583e,Ishali76,worst app ... zero to interface one word suggestion find alternative application in place of this application,1,0,2026-07-27 00:28:35,14.26.0
4b58e6af-a709-4089-b536-baf70bfb4a0a,Axe Lux,"Bad experience on last booking, just find another app",1,0,2026-07-26 23:43:23,14.26.0
291dc040-8a48-4adf-b070-ea5f49d2508a,Naved Shamim,"not reliable they transfer booking to oyo, when I reach the hotel charged me again the same amount I have paid already. wow at the middle of a night they are saying we are not servicing. no customer care support nothing it's fake I'll surely take them to consumer court.",1,0,2026-07-26 22:39:38,14.26.0
f6c048e4-e345-4815-9b44-4a21de9e4e53,Nancy Shop,Of course cheap hotels because the quality of the hotels listed are cheap and so are their services compared to the price the customer had to pay. It's a scam.,1,0,2026-07-26 19:32:04,
5d7c1f82-6614-4a4b-96d6-47480096bfa2,Danesh Waran,"I had bad experience with Agoda online services. I booked the hotel and it's deducted rm51.60 after that I received email that It in process status, after 3min it reveals the property owner just increase the fee for the property, so, it supposed refund automatically, I check bank account still showing deductions occurring rm51.60. So, when going to find the customer service to talk in Agoda Apps, all in Computerized Generator, and after finding for refund parts at help centre (in the apps), 😡😡",5,0,2026-07-26 17:40:30,14.26.0
94466b39-1580-4422-878a-9fe547aa8090,Danop Aroonkong,"Being one of the first companies to adopt AI ads, you'd think they'd use that extra saving to improve their apps and services. Well, too bad. From fake discounts since their first year until now, fake prices, slow customer issue resolutions, and not to mention how they're falling behind new competitors, I see no point in even keeping this app on my phone.",1,2,2026-07-26 16:38:35,14.26.0
03b1120e-051a-4511-abb3-23eef0a242ea,Raj Yadav,This app is useless,1,0,2026-07-26 15:29:33,
55240b7e-9da2-434d-8235-26183427272e,pradeep k,excellent application 😃,5,0,2026-07-26 14:40:18,14.26.0
7661c857-328d-4a46-8299-07abff465539,J M,great service and great prices,5,0,2026-07-26 13:03:26,14.24.0
76ec8067-9388-4bb6-bbe4-9b4dc4f74446,Babita Khandelwal,this is very good app,5,0,2026-07-26 12:14:20,14.26.0
833d83c7-5ce5-47b7-a3db-05cf3d6dfdde,Brian Shurr,"Stay away! they bait and switch you for smaller time or suites, they change flights do you miss them. I reported them to their country. They threatened to sue me for having credit card charges reversed for their fraud. I'm requesting Google to remove them for fraud. Great scammed though, of you're looking for that.",1,0,2026-07-26 09:28:39,13.47.0
6336262e-c580-45e8-bfe9-a85afe7376ae,mahendra pandey,totally fake application I have booked hotel in vrindavan shri ji mension hotel is not available agoda provide me property contact number.number is switched off I have send e-mail but no response agoda take hotel room cost but service is not done. very very bad service I'm totally disappointed with his services.,1,0,2026-07-26 08:01:38,14.26.0
e5a8347a-704b-4ec8-9c12-18a73a5206e5,Mackenzie Thornton,"Absolutely horrible customer service! The AI chat bot they use will not help you with their so called guaranteed great price claims. They state that if you can find the booking cheaper on any of the accepted sites, and the booking details have to be all the same but they refuse to accept any information you get them, saying its invalid no matter what it is. Not to mention it takes them up to an hour to respond sometimes and when you dont respond back right away, they end the chat.",1,5,2026-07-26 03:22:44,14.26.0
a1fa5762-7b5f-455d-9f4e-249de2f7fda6,Padra Warren,"First time using this site and it will be the last time. I made a booking for one night at Studio 6 for a room with 2 beds but somehow Studio 6 shows I only paid for one bed. I go to the office to show proof of the booking, she didnt want to see it saying she can only by what's in the system. I call CS and was told they would correct it, well after 3 phone calls and still on the 3rd for 51mins, I am no closer to a resolution or me getting my money back. NEVER AGAIN WILL I USE THIS SITE",1,2,2026-07-26 00:02:23,14.26.0
927d7561-97f2-444c-9d03-1f322c6b1909,Aziza Malouche,"offres intéressantes mais l'application est très nulle, elle ne conserve pas la recherche, avec chaque sortie de l'application même pour 2 minutes, toute la recherche doit être refaite. pas pratique si vous organisez un voyage et vous voulez consulter plusieurs sites ou applis à la fois",2,0,2026-07-25 23:07:43,14.26.0
b7708418-096b-480c-9bef-a6b33febc8f3,Ervin Johnson Jr,"At one time the app had worked, Now it a problem with my debit card saying invalid card number after trying different cards it still showing the same thing, why do I have to uninstall your app and log into the wed browser to get a price for a hotel just to find out the hotel will not be listed..? but on the wed browser website it shows the hotel??? I am about to look for another 3rd party app that I wouldn't have this problem.",2,1,2026-07-25 22:51:14,13.47.0
6ad3f0ce-cdb8-452d-be14-a2ccd0391e6f,Prof. DR MAYANK VATS,"yesterday I booked 1 room in meriton, it was showing 4753 including taxes and servise, when I booked they deducted 5250 INR. THIS IS UNFAIR TO INCREASE CHARGES WHEN CUSTOMER IS MAKING PAYMENT. NON PROFESSIONAL AND NON ETHICAL. THEY SHOULD REFUND MY MONEY BACK",1,0,2026-07-25 21:10:02,14.26.0
d7977572-609f-4e22-96a4-44a640040c16,Seif Seal,ممتاز وخصوصا البحث بالخريطة تطبيق ذكى جدا وتفاعلى والأسعار فعلا ارخص,5,0,2026-07-25 20:44:38,14.26.0
be2fa396-223a-4d02-a331-535dd41f955f,Sachin Rajpoot,"sbse ghatiya service h iski or iske customer care valo ko baat krne ki tameej ni h bilkul b hold pr cll kr dete h 20-30 minute ko or apki problem resolve ni krenge sirf dikhave ke liye hold pr cll rkhenge krenge vahi Jo Inka man hoga, I will never use this app and not recommend to use this app for booking.",1,0,2026-07-25 19:02:14,
7050f4f3-fb6c-4758-a1b9-7e0109bfa605,umesh suraweera,no customer support at all. they just send you in circles to frustrate you then hang up. happend to me 4 time's in a row. absolutely disappointed 😞,1,1,2026-07-25 18:51:22,14.26.0
379d87a7-b841-4cd1-a5f0-8c457fa3b9ac,GODUGU KRISHNA REDDY,All fake pics,1,0,2026-07-25 18:32:07,14.26.0
19725e11-2be9-4074-b9cb-9db29a991f1c,Dark Coder (Dark Coder),bad customer services.,1,0,2026-07-25 16:43:30,14.26.0
261001b3-d48d-42d2-80d9-e9a50927a12d,ajay hegde,"I booked my stay through Agoda and received a booking confirmation. However, when I arrived at the hotel, they told me no rooms were available.",1,0,2026-07-25 16:41:56,14.26.0
d489ff34-15dd-4e19-83eb-90ad558ee2d1,Aini Saribini,the easiest way for booking hotels. Offered so many promotions inside. ✨️,5,0,2026-07-25 14:21:06,14.25.0
3ddcde4f-d0b0-415d-bfe7-f301f08b24b4,Pamela Wilson,"this was a waste of time! I booked a hotel because of an emergency situation and they cancelled it a day before I needed the hotel. they said that I cancelled it, but I was at work all day so there's no way I could have canceled the reservation. went in to try and rebook and they wanted double the price for the same hotel. what a scam. customer service is a joke and very rude and unprofessional and unhelpful. now I have to try and find help somewhere else because I still have an emergency.",1,3,2026-07-25 13:40:45,14.26.0
25d4cd31-7616-47d4-9c30-bf9bb497e205,Jafar Sayed,"BIG SCAM. I LOST 2.1K INR. I booked for my family. I clearly entered all the children's details in the search, but when I booked, it didn't show any children. The property asked me to pay an additional 2K for accommodating the children. I went for cancellation, and they refunded nothing. Don't book via this fraudulent app!",1,1,2026-07-25 12:24:19,14.26.0
ab3d0c96-c1de-46fa-b630-48b6aa07e598,Marcus Conway,Used to be a good app but now run by scammers. Do not trust. The hotel would not honour booking. It seems agoda wasn't paying the hotel or the hotel also had a beef with agoda. Time wasting yerrible app. Wouldn't recommend or use again.,1,0,2026-07-25 11:38:26,
744e6002-5bf6-4b95-8fc4-6d0c61d56219,Sri Harsha Sure,poor support froad by agoda -they will show little cheaper price compaired to other booking apps and when we book and go to the property they will ask few thousands as a service charge. Agoda never mentioned the same. while booking. ya got a confirmation mail after paying the full amount and regarding service tax they mentioned it over there - BUT THE BOOKING IS NOT REFUNDABLE so they are forcing customers to pay service taxes(more than a thousand) by blocking you main amount(no refund.,1,0,2026-07-25 09:42:45,
e79c0fb1-c662-4b90-9f28-81264fa03e72,Calvin Collins,Best prices and deals. Saved me tons of money. I love this app.,5,0,2026-07-25 09:31:46,14.25.0
5e9e5fd8-cca8-4f7f-9a09-de411a4a2245,kalaivani ramakrishnan,don't book hotels here worst customer care support. they won't help u . they are not clearly sharing the cancellation. after debit ur amount only they will say all,1,0,2026-07-25 04:48:54,14.26.0
8301adfe-3b5f-4b21-beac-e6c88c1df940,Qirat,"booked a room for a certain date, upon arrival they told us it was a different date. so we rebooked, double checking the date this time as it was night and we needed a place, we properly checked, we put in that date, and then after payment they changed the date again. we were left stranded in the middle of the night bcs of this. talked to customer service, also useless.",1,1,2026-07-25 03:39:06,14.25.0
ab7b85e4-3225-448d-9e87-acf42c94eee1,Gi Jo,My LAST hotel booking with Agoda turned a 3 Day booking into TWO separate 1 + 2 Day bookings. Which caused the hotel to tell me to come down and deal with it MID trip or get KICKED OUT‼️🤬 I had ONE EMAIL with TWO reservations⁉️‼️🤦🏻‍♀️ ADDING insult to injury 👉 They do NOT have ANY customer phone service‼️ SO you are on your OWN IF you have problems WHILE TRAVELING‼️,1,0,2026-07-25 03:16:54,14.26.0
777a28dc-5219-43b9-ae3e-9df20d45f88b,Benny Leng,"Dear all, Pls be careful Agoda have a trick, once you are VIP user, your booking rates will be more expensive than a standard normal user and you complaint, they say they guarantee the lowest price to others company. not compare to agoda itself Very funny to cheated user money for that.",1,0,2026-07-25 03:08:26,14.26.0
b1f7a96c-56d4-49c4-a803-4fe8652921cf,Solotravellertnd,"On an important day like 31st December, I wanted to celebrate..but thanks to agoda I booked a fake room and spent the whole day looking for another room. i claimed for this money some weeks before the 6 months you have to claim for a cashback... and you will say, wow it was closed, but they finally return you your money!! NO THEY DIDN'T, THEY WAIT TO REPLY UNTIL PAST THE 6 MONTHS SO THEY SAID, OOH SORRY WE CAN'T HELP YOU IT'S BEEN MORE THAN 6 MONTHS 🤡🤡👮 Btw they own me other 2bookins",1,0,2026-07-25 02:30:55,
8a1514f2-d7fb-48b0-a7e9-970a2fe7a435,Khanh B.H.,"Well, a bunch of scamer. Website has error that made you book 2 room for 1 night. Contact Agoda for AI stupid support, human even worse, asking non sense questions, demanding non sense evidence for refund, customer supportis outsourced, none of them think like normal human. Their price is 30% higher than book direct via hotel website, I paid 30% extra just to do all their job: Contact hotel, asking for refund, asking for booking. Agoda done nothing and got my money.",1,0,2026-07-25 00:33:23,14.26.0
42e62f92-8f07-4901-bebc-0df685767cb5,paul matthew,"Agoda – Book Hotels & Flights is a reliable app for booking hotels, flights, and vacation stays at competitive prices. The app is easy to use, with a wide range of options and frequent discounts. A great choice for travelers looking for a smooth and convenient booking experience.",5,0,2026-07-24 23:35:58,
fe2fd67c-8b5d-4eac-a881-e2ab12f0cd18,Deekshitha Mohan,"I booked a hotel in Delhi from Agoda, and when I called to confirm the booking the place did not exist and the call kept getting dismissed, the place was not reachable, I paid ₹3,783.94/- for the hotel and when reached out to Agoda's customer care they blissfully ignored my complaint and it's been days yet no response or refund.",1,1,2026-07-24 21:48:39,14.25.0
c71ffc6d-8870-4508-965d-fb2cff0c00c7,Samuel cpc,VERY Misleading on pricing. Similar to Bait and Switch gimmick They give the best price... you book.. THEN you show up to the resort and then the RESORT adds on the resort fees and taxes. The other sites appear to be more expensive but they don't hide the taxes and extra fees. last time I will use them.,1,1,2026-07-24 21:04:00,14.26.0
a09a0712-2f02-420b-a5a0-a14ab1891302,Hamed Al Kasbi,nice application helpful,5,0,2026-07-24 20:59:31,14.24.0
34f0265b-1ce0-4a12-a3b5-9423f04f05bb,Zee C,"they've hacked or cheated the review system or something. No way can this app have 4+ rating. They only have a system for charging payments nothing for unforeseen circumstances. I booked a nonrefundable place that said tourist area in the description. It was NEAR the tourist area and a ghetto instead. It had condoms on the floor of the female dorm. After speaking to them, they told me to figure it out with the owner of the myself. Unprofessional. -5⭐",1,0,2026-07-24 17:44:08,14.26.0
36b9db65-0406-4e7d-93e1-acdaa3dc59d4,Mohit Gupta,3rd class hotels under this app totally paisa waste hai bhai maine to apne mobile se block bhi kar di ish app ko aur iske ads ko,1,0,2026-07-24 17:02:25,14.20.0
b8b3726a-5964-4e70-91ae-173dfca9493b,Hani Alami,I don't like this App. Confusing and not matching what I was trying to book for. Kept me waiting over 30 min for customer support although I paid extra for priority support. I am deleting this app.,1,0,2026-07-24 16:53:02,14.25.0
7843859f-ff66-44a3-95ca-39e5f73d783b,Marian Debbie Castillo,"They're quick to cancel a booking, but not to process a refund.",1,0,2026-07-24 16:09:10,14.23.0
0b388f75-ab94-4800-a624-e8429ffb2c32,Kamil Dzikowski,"Everything is ok until you need customer service, during booking I didnt see place to edit guest name and it booked under my name, made a simple request to amend name on the booking to my wife's and here is where drama started. Not possible through the app, almost impossible to get through AI chat bot to contact human, when I did they told me not possible in the system because they are also using 3rd party, ultimately they said they sent email but property declined which is not true.",1,0,2026-07-24 13:43:06,
f3e35f96-3012-44e1-9a37-035537591c3f,Zyroxyz Zero,"watch out for repeated opt out opt in feature which leads you to miss click for purchasing a completely useless and overpriced premium service. You don't even realize why you included that service and even if you contact the customer service immediately afterwards, they would deny this was their fault even if you're loyal platinum customer for almost 10 years, they would not care much",1,0,2026-07-24 06:46:21,11.32.0
97f1da12-0696-458c-8da6-d753717cf0db,andrew oppura,best find hotel and flight,5,0,2026-07-24 06:06:39,14.25.0
807bf85b-2b9d-42fe-b1dc-28cf65d30e4d,Jim Foster,"Use to reserve a hotel...very disappointed because Agoda booked 4 SEPARATE nights instead of a 4 night stay--the reservation had us moving after 2 nights to a better room. The hotel offered to fix it by keeping us in the same room all four nights, but without refunding the difference in room rates.",1,0,2026-07-24 02:28:06,14.26.0
9f8eab39-5422-49d5-bef8-5fcdbd0c2a18,Achary Darshan,"Terrible experience with Agoda. Due to a website glitch, my booking for 17th July was confirmed for 18th July. At 12:30 AM, while traveling with my family, I struggled to contact support. The hotel didn't answer, and Agoda support kept me on hold for nearly an hour before directing me to OYO, where the experience was no better. No one took ownership or provided an immediate solution. Very poor customer service, lack of coordination, and zero urgency. Not recommended.",1,3,2026-07-23 23:18:30,14.26.0
73caf1d9-0aba-4594-8dcb-3e0b13de15e5,Shivam Singh,"Despite showing various hotels on this app,it does not have tie up with all of them ,I booked a hotel in chennai but it said it does not accept bookings through agoda.I had to go through a long refund process which I got in the form of app's cash not in my account.",1,0,2026-07-23 21:14:28,13.47.0
fac097ea-5c6c-4be8-be82-6f1d94b1d743,Vijal Pithadiya,The refund process is worst I still have not got my 3105 rs for the cancellation I did and no dedicated customer service number available to share the concern ridiculous 😡,1,0,2026-07-23 20:39:38,14.25.0
3e42449c-664e-477e-a0be-da361a494fa0,Sophoan Livan,A Friendly and Helpful booking App/Company. Thanks,5,0,2026-07-23 19:37:16,14.26.0
fea2ae91-0be9-4f7b-ac81-44236b0aa10c,Muhaimi Mohamed,"keep crashing and ticket price keep climbing wihin minutes, ridiculous!!",1,0,2026-07-23 17:20:00,14.26.0
e436f17e-1326-4d4c-9b51-8a6a1ce7a7e6,Harkirat Singh Saran,Beware people they are scammers!! they will book you for very cheap price and then when you reach the hotel you wont find any reservation and agoda would never never help!!,1,0,2026-07-23 16:51:47,14.25.0
c7ba07da-6bda-4a51-a3cc-51a48c8ac592,Abu Najih,murah dan mudah bersama agoda,5,0,2026-07-23 15:42:07,14.25.0
94604cf3-0e37-405d-8e6b-aaecc0e0bd61,Ishaq Malik,"Terrible experience with Agoda! ​I booked a room and the payment was successfully deducted from my debit card. However, four days later, they blocked again the same amount from my account. I have tried calling customer support multiple times, but no one answers. ​This is by far the worst customer service I have ever encountered. This app deserves zero stars!!!!",1,1,2026-07-23 15:40:52,
418a27f0-6db4-4e92-a1e7-3dac20276ff8,Thet Mon Myint,"I am very disappointed with Agoda's service. My flight was cancelled by Agoda, and it has been over a month, but I still have not received my refund. I have contacted customer support many times by both email and phone, but I keep being told to wait. I urgently need this money, and the long delay has caused me a lot of stress and inconvenience. Please process my refund as soon as possible. I would really appreciate your prompt assistance.",1,1,2026-07-23 15:16:32,14.24.0
169f5536-4232-4399-8906-0c4bae13c836,WCWD W.C,"serious joke. i could have two apps open on my phone at the same time trying to book the same hotel. agoda app is constantly loading and loading while the prices kept spiking. the other app already long secured the booking. guys, you need pull your socks and your undergarments....",1,0,2026-07-23 14:13:56,14.23.0
b0636376-493f-4cbb-8b9b-cacc00fc4285,Papa Guru,never trust agora even after paying the money they claim the payment wasn't received and cancel hotel booking,1,0,2026-07-23 13:12:10,14.25.0
33bae7d1-34d5-4e12-b752-a470a6786567,M D,"It's too good for metro cities etc but remote locations they haven't reached as yet, good for persons doing prior bookings",5,0,2026-07-23 13:10:27,
1915376f-f86b-4726-a173-77207ff5a412,hasna sabita,"Tanggal booking salah terpilih dan kami minta perbaikan sebulan sebelum menginap. Hotel sudah setuju ubah tanggal, syaratnya Agoda menerbitkan voucher revisi. Agoda tidak pernah menerbitkannya dan tidak membalas sampai batas waktu lewat. Reservasi hangus, uang hilang. Setiap dihubungi, Agoda menyalahkan hotel. Kami bahkan bersedia bayar selisih harga, tetap tidak dibantu. Agoda bisa menggagalkan solusi yang sudah disetujui hotel lalu lepas tangan. Lebih baik booking langsung ke hotel.",1,0,2026-07-23 12:31:56,14.11.0
cfeefdec-0885-48b7-9833-fbf801fa09b8,猪啦啦,"I booked a flight on this app, paid, but the booking failed and I haven't received a refund. When I called customer service, they said it would take 30 days to process a refund. This is a terrible platform; never use it!",1,2,2026-07-23 12:31:06,14.25.0
b673122d-1c61-4d1d-8afa-92d8966bab12,VIGNESH J,fraud app shows very less amount in the name of special offer only for you but after booking the property owner is not accepting the same amount it offered for me.,1,0,2026-07-23 09:35:41,14.26.0
df295af3-10dc-4113-b0cf-b277266457bb,Ali Khan,very helpful and informative,5,1,2026-07-23 08:27:42,14.25.0
8a78ab14-5655-4fb1-8613-863ae28106b6,jayson cruz,"Booking process takes a very long time,after 24 hours, they will just tell you that it's canceled",1,0,2026-07-23 08:16:03,14.26.0
1a4ed9b2-510f-4a04-b48a-89fa4ee307e4,DINESH SHARMA,Very good & easy to use app.,5,0,2026-07-23 07:52:24,14.25.0
976b187f-769b-42d2-8344-031305b66d20,Mary Waspe,easy to use confusing to use coupons,4,0,2026-07-23 07:22:42,14.25.0
cf68c897-121d-46c1-876a-d4fa10aa3322,Ernitia Paramasari,Not worth the download,1,0,2026-07-23 03:26:22,
f5b8c846-5d23-4ea7-a96b-74986273e88e,DjMatter,"Absolutely horrendous. I wanted to make a booking for 2 rooms in the same hotel for the same day but only one got booked for that day and the other was rescheduled for the next day. When I asked for cancellation they simply didn't respond and left me with no choice but to buy another room. Navigation is atrocious, everything is cramped in one place in small, unreadable text. It also changes the parameters of your search itself for whatever the reason when you accidentally leave the page.1 star",1,0,2026-07-23 01:54:46,
676e536f-ceeb-4488-8d57-698ef794e4de,Mohd Razif Abu Bakar,Salah satu apps yang banyak loop hole. Mudah untuk di gunakan untuk scam pengguna.,1,0,2026-07-22 22:49:21,14.26.0
24dec5de-129c-4b2c-8973-7671fe2c45a0,Duc Pham,My name is wrong on the ticket and no support from Agoda.,1,0,2026-07-22 20:35:55,14.26.0
f506d70a-87da-4d78-ab47-3ad945b3428c,Harshad V,bad experience from agoda hotel and agoda customer care.,1,0,2026-07-22 20:32:45,14.11.0
715ef655-47a9-46e0-a8bc-096f2de3e8aa,Himanshu Jain,Fake reviews!! Overpriced hotels!! Everytime​ I do the booking it shows payment failed but the money gets deducted. Pathetic customer service on the top of that!! Doesn't help one bit.,1,0,2026-07-22 19:36:42,
61ca78b1-3029-41a1-8084-d79527b8703e,Aniket Bhosale,bad experience....The room policy is not written properly. The hotel sends the policy after booking the room and then does not cancel the booking.. customer care not responding properly don't book on this site.,1,0,2026-07-22 15:48:50,14.25.0
78431500-cd8b-480f-8eb6-40ec8324aa84,ng Cl,"Fantastic (scam) platform. Changed prices by it's own. Beware!Once u in to select all defaults, please check 3x at least for final price before payment. I got into the trap this morning. Prices was refreshed again n again for every step. will give u free seats whatever. Once u select it, the default select no add on will change lol. So u go and pay without seeing since already seen many times old pricing. Super, the person who thought of this deserve 1 year bonus. Good job agoda. Trust destoryed",5,8,2026-07-22 11:29:46,14.25.0
a51f74f6-9962-418a-a35e-36be74b23395,Ubaidh Vm,"⚠️ Extremely Disappointing Experience with Agoda Very disappointing experience with Agoda. My hotel booking was not honoured, leaving me stranded at 1 AM. Despite immediately contacting Agoda, they later blamed me for not reaching the hotel. I have requested a conference call to clarify the facts, but received only contradictory responses. Agoda must take responsibility for bookings made through its platform. Agode is fake, dont use this platform",1,2,2026-07-22 10:20:36,14.21.0
1e267909-d41f-4eeb-aca9-c0e85798ee92,Praful Roogi,Fraud app and Fake reviews. this is my third experience that Agoda Bookings are not accepted by hotels. and Agoda customer care is pathetic. try better options. avoid agoda.,1,0,2026-07-22 10:00:05,14.25.0
050aa66f-ef89-453d-abaa-c93db1668eee,Justin Mouzoukos,"very easy app, generally great asia. in SE asia. Highly recommend for travel for its simplicity and options",5,0,2026-07-22 09:26:10,14.20.0
a590e866-8904-4f30-835b-27c647290d0e,Divya Anchal,worst app ever i booked a hotel my amount was deducted from my account n on the app it's not showing my booking confirmed or any reservation,1,0,2026-07-22 06:14:43,14.25.0
3405f583-feb0-464a-90e1-de4a77b8373a,רשף הראל גולדנברג,"My issue was not with the hotel, but with Agoda. Agoda showed me a price that supposedly included taxes and fees, yet the reservation they sent to the hotel instructed the hotel to add 18% VAT, which was never disclosed to me. Agoda also confirmed a Standard Double Room but sent the hotel a reservation for an Urban Room instead. Always verify the hotel's confirmation, not just Agoda's.",1,0,2026-07-22 03:03:53,
83e1c945-24de-4472-98e5-ace911a87e63,mustafa zaki,من أسوأ التجارب اللي مريت بيها حجزت اليوم حجز بالغلط اريد فقط تغيير التواريخ لكن دون فائده انتظار ع الشات ساعه دون رد وانتظار ع الهاتف ساعه دون حل موظف يتحدث عربي مكسر وبالاخير يقول الفندق لا يرد وسوف يتواصل معي والحين انتظر من ساعات دون فائده,1,0,2026-07-21 23:03:13,14.24.0
0cfe1a0c-92bb-4664-a717-79ec1fe506ec,Joe Vibar,dont use this app and they will keep on changing your flight date and seat you chose.,1,0,2026-07-21 23:01:05,14.25.0
6acdeb94-542f-49af-8050-2c2870f4ebc9,PRO GAMER,"This whole booking thing in this app has been nothing but a disappointment. I booked a hotel in a remote area where hotels arent available easily, and for some time it said I had a hotel booked and all my fees were paid. But when I checked with the Hotel the next day, the hotel representative said that they didn't had any booking on my name. Please confirm your booking thoroughly before arriving at the Hotel or better use other booking apps",1,3,2026-07-21 18:06:15,14.25.0
123dc284-7d31-4866-84d4-eb670cccd2a4,Lowrence J,I wonder whether Agoda represent honest owner of Service Apt. My family had a bad experience. We were travelling from other city and was lost finding our way to the Service apt. Desparately needing assistance frm owner but NO RESPONSE. We end up not chccking in. And owner did not bother to help us at all. Matter has been forward to Consumer Tribunal n police. It felt like a total scam by owner & Agoda. How can Agoda allow such owner advertise in their app or are they working together to scam?,1,0,2026-07-21 17:45:07,14.25.0
02223c8b-5ad6-4b70-9152-e4fb0f8a5b1d,Rajeetharan Sanchayan,app is crashing and showing nothing. very disappointed.,1,1,2026-07-21 15:13:33,14.25.0
f0015a90-b7b1-4590-807f-90edb2274a43,Sahar Pearson,There are price manipulations. Same hotel different prices depending if you open agoda on website or your phone or other means,2,0,2026-07-21 14:23:25,14.25.0
9286fe09-ad34-4d60-885f-ae93ce66cea1,Mudasir Wani,one of the worst hotel booking app..took my money and booking not confirmed...kindly dont book any hotel from this app...,1,0,2026-07-21 12:38:43,14.25.0
508edddf-59ab-439e-8ce6-878e2a877a74,Jacob Lau,Never use Agoda! They mislead their customers with wrong information and do not want to assist when its clearly their fault! They do not want to refund even though the hotel isnt at the location where they say it is.,1,1,2026-07-21 11:27:45,14.25.0
d48db978-dcab-43a8-b723-84d60ae886ca,Nadeem Solanki,the Hotel booking went we'll without any trouble but when I bought 4 ticket for Univeral Studios I was told 83.660 OMR but was charged 87.800 OMR,3,0,2026-07-21 08:44:50,14.25.0
68326fe8-d542-4fe6-8edc-779a1a5ed2ee,Irwan Sareman,Fast & easy bookings made.,5,0,2026-07-21 08:20:53,14.25.0
cb7cbfbe-e9e9-433c-8ce9-ba48ef5d14b2,ronald antony,app is not user friendly,2,0,2026-07-21 06:21:59,
2661c72a-d2f8-478b-a72a-502c05cd7746,Mohamad Mustafa,"Misleading app with wrong information about the hotels. I have made many bookings with this app and there is always a gap between the information on the app and the reality. I booked a hotel with very clear picture of a swimming pool, but when I arrived there was no swimming pool. This is just an example.",1,0,2026-07-21 03:34:09,
c89fa391-f9c7-438c-9a24-ad699b23828e,Mohammed Imran,"Trust me, if anything goes wrong or if you experience any issues, Agoda just washes their hands off and ask you to stay in touch with the end Vendor directly. It's their platform, their booking system, their advertisements but once you pay them, forget their service.",1,0,2026-07-20 22:59:34,14.25.0
54e1b484-4f75-4f4c-9a61-781db68c50cf,sallehudin Mdnasir,"saya da tempah bilik tapi tiada email, tiada tempahan dalam agoda apps, tiada langsung feedback Setelah 4 jam, tiada tempat utk rujukan, customer servis macam kolot, biadab , apa ni agoda??",1,0,2026-07-20 22:50:44,14.25.0
3150fd62-1653-45e8-9edc-705dccf2c34c,Naoufal Chobah,supports sucks - good for finding places but almost useless in case of support need,2,0,2026-07-20 21:34:44,
c560c8f8-6c50-494c-80d0-3778900916ba,B DuB,"too many ads and popups. One price is advertised, then it increases when it's time to pay (bait and switch). These behaviora make it difficult to recommend the app and/or site",2,0,2026-07-20 20:54:26,14.25.0
aeff142c-abf3-47d9-872d-9099bde9d137,Khyati Langalia,⭐☆☆☆☆ Terrible experience with Agoda. We felt forced to cancel our confirmed booking because it appeared the rooms were being sold at higher prices instead. Customer support was unhelpful and took no responsibility. We felt completely misled and will never use Agoda again. I wouldn't recommend booking through them.,1,3,2026-07-20 19:25:30,14.25.0
3529c694-ebca-4c57-a02b-a0f5288ab896,mary ann McNeill,Easy and fast transactions. Thankyou Agoda.,5,0,2026-07-20 19:16:29,14.25.0
7041b5ea-9c39-4add-8b91-07c9280101d0,kaar shopping,please dont use this unless you know the hotel. they say it is free to cancel but if we want to cancel asking us to reach the property. but booking done through agoda. the hotel we booking in chennai is full of cocroaches and we had two booking with a gap few days. agoda is not reachable at all. only ai chat painting everything to the property.,1,0,2026-07-20 16:28:08,14.25.0
f81fff20-81db-4c5b-92de-247aaa958369,Bách Tạ Gia (MrFine),Travel in the country. WHY DO I NEED TO ENTER PASSPORT?????,1,0,2026-07-20 15:43:57,14.25.0
607bd7f2-58a4-4a32-b1f6-11a2050f9e7d,akladius levanthre sani simanjuntak,"aplikasi penipu, pembelian wahana gagal, tapi uang saya tidak dikembalikan, kerja makan uang haram, biadab",1,0,2026-07-20 14:58:08,14.22.0
2aea4fac-bd4a-49aa-96c7-b19e96597859,Rock Moon Star,"tiba tiba keluar sendiri teruuusss. capek banget bolak balik ke home. udah mau bayar tiba-tiba blank, lagi enak enak scroll blank. ah emosiii",1,0,2026-07-20 14:02:51,14.25.0
ed7550c8-91a0-4c6b-89c3-f967cfb2a84b,Naidu Ravan,"refund will not be given don't book hotels with this site . last I checked on twitter people have waited 3 weeks , months worst app ever made",1,0,2026-07-20 13:56:01,14.25.0
34832a09-9ad6-4c76-8121-4787f4a5cf09,paulo reyes,"i have used this app for years and was shocked to learn that there are other better apps than this, that has better offers. im just gonna uninstall.",1,0,2026-07-20 11:53:01,14.25.0
bc49104d-2ab2-4430-9130-befc9a99b35f,Tari Agustin,"gak jelas jir tiba tiba dicancel, mana gak bisa di refund",1,0,2026-07-20 10:49:53,
096afaf2-5b15-4cc4-a119-6acaca726145,Shourya Shinde,best application for hotel booking,5,0,2026-07-20 10:01:55,14.25.0
b2cb599c-b1e2-488d-9382-797e0b580d16,Zade Meadows,I'm deleting my account and uninstalling your app this is ridiculous,1,0,2026-07-20 10:01:25,
5c797152-5929-437f-9843-369f7ebb08e3,Shahnawaz Alam,I got scammed for 2000ntd by the Chantai Hotel. They mostly scamming everyone and Agoda customer service is not assisting a bit. I will try to talk to the hotel myself and fix things but pathetic customer service by Agoda no reply. Please reply on GMAIL instead of being sorry,1,1,2026-07-20 08:46:44,
ece17cba-37f6-4828-b8ba-c9a99644da39,Shahrul Khalil,late to confirm and stuck at payment....after payment id agoda lost at apps agoda not even soft the problem,1,0,2026-07-20 05:11:41,14.25.0
61c758b6-08e7-4344-a503-63d2f09caa53,Michael Schwarz,they make you install this bloated app to get cashback,1,0,2026-07-19 23:44:36,14.25.0
0f9df1d0-91df-4fb9-818c-1918f48e741c,Shanna Loh,"I don't like that you can no longer save properties into the saved folders anymore. why do i have to create a ""trip"" and why can't i delete the ""trip"", why do i have to pretend to plan a trip when I'm just browsing and saving properties i like",4,1,2026-07-19 20:08:47,14.25.0
3eff568e-f8f3-4930-bd83-edc027b7be9e,B Stratford,My go to for booking accommodation.,5,0,2026-07-19 19:45:28,14.25.0
3a1c18d4-d5ca-46b6-903e-b677c7c8c489,Deepak Shrivastav,I had Downloaded it first time Agoda App according to your search I visit Hotel in Chennai City Area Triplicane And the images you show in your site is totally disaster different Worst experience with your Search and added hotel in your sites asked your executive to visit hotel and room and then add it in your app,1,0,2026-07-19 18:20:57,14.25.0
7ae082c4-d7fb-4a9c-9692-527608b23b4d,fadi aljerf,انتبه تحجز من هذا التطبيق اي حجوزات ...اسوء خدمة عملاء مرت علي في كل التطبيقات ... سيئين جدا .. ماعندهم اي حلول او اي استجابة لمشاكلك ...الحجز باي تطبيق سهل بس اللي يميز هو التعامل والخدمة بعد الحجز او اذا كان فيه مشكلة مثلا في مكان الاقامة ...هنا ماعندهم اي استجابة او اي حل مهما كانت المشكلة ...خلاص انت تورطت ...انتبهوا وين تدفعوا فلوسكم ...,1,0,2026-07-19 16:46:18,14.25.0
11c7c997-ce28-4b3c-a0ea-0d56a0936e2c,Prerona Saha,worst aap ever...,1,0,2026-07-19 16:16:02,
eb810010-8c94-4c9c-a080-6811cf2bc25f,Sachin Naringrekar,Horrible experience i have Horrible experience with Team Agoda as mistakenly I was booked hotel on wrong date and then after immediately escalation Agoda customer care team member assured me that your money refund back to you once you book the hotel room on correct date. Accordingly I did that and then later on they simply sent one apology mail as we cant do anything in this matter and closed the issue without refund of single penny to me. So I hereby request you all to explore another option.,1,0,2026-07-19 15:06:05,
5bd855df-b923-4960-8154-413ec44a57b7,Fraulein Jill Polii,"Worst service ever. There's no menu available for add-on baggage, before and after buying the tickets. Tried to call the CS, there's no solution. Then, I tried to buy the add-on thru the ticket counter, it turns out Agoda bought my ticket in another currency and I cannot pay anything thru online. The core problem was even found by the airline itself, Agoda team has no idea at all. This is so bad. I will never use Agoda anymore.",1,9,2026-07-19 13:11:44,14.25.0
7aec8cdd-3d85-4c77-b539-d5ad8d49c99f,Assyifaul Fadiyah,Proses pembatalan dan refund ribet dan berbelit-belit. CS sangat tidak membantu.,1,0,2026-07-19 11:31:43,14.25.0
3296d5a3-4760-4f84-b9ba-78de32a65ff2,Sandaruwan Sethunge,"Scams are run and supported by Agoda, I recently booked hotel following their offers, I booked and paid for 3 guests, but when in the hotel reservation they said that the reservation is for two. I showed them what is in the app, it shows 3 guests, but hotel refused that and they asked me additional payments. This is scam, avoid Agoda, be careful about their so called offers. Agoda is full of scams, I heard friend of mine also faced the same issue. Avoid Agoda scams, it applies web abd app both.",1,7,2026-07-19 10:55:34,14.25.0
154aca05-7925-4472-b242-41fcfc729adc,Ishank Ahlawat,don't trust their charges because there is hidden charges which are mandatory to pay 😕 without any reason,1,0,2026-07-19 09:20:32,
3b5a7a7e-1d54-4567-8711-4caa6b2dec66,bose bose,Worst Cheating hotel's in your list,1,0,2026-07-19 06:13:01,14.24.0
ee3c8ca7-9ee3-421b-a0b4-928061e4a3d5,George Thattil,"Frauds, don't book thru this app. All reviews are fake n misleading to cheat customers. they don't publish actual/ real reviews. I booked hotel thru Agoda. Had a Very bad experience-bad location, no 24x 7 front desk, rude/third class receptionist, no facilities, no early check-in,but Agoda gives fake Excellent- 10/ 10 review. Did not publish my factual/ correct review.Agoda actively Conniving with 3rd class hotels to window dress their shabby n third class hotels to lure innocent customer.",1,0,2026-07-19 02:32:02,14.24.0
457d85fa-6e41-496f-8a0c-cacb5c703352,Dewita Soeharjono,Easy to use and user friendly app and you can select hotels with free cancellation.,5,0,2026-07-18 22:20:23,14.25.0
f1bd9f16-0ee2-4215-a0d1-7278e25b3b80,Imthiaz 007,"had paid money through agoda there is no booking confirmation ,no refund ...no proper customer service ...",1,0,2026-07-18 22:11:20,14.25.0
b60f9637-5a2e-4ee8-98a4-cb744011aa2c,David Forden,this organization allows hotels to rip you off blind with not consequences.. DO NOT USE THEM,1,0,2026-07-18 21:47:05,14.24.0
730a8100-7eb3-4dc6-83f0-f43622bb4500,Jonatan Dzaganishvili,"Displays one price for selected dates, then increases it 300% when you go into the booking. Not sure if this is a legal practice but certainly not one I enjoy. Uninstalled and won't be using this service again.",1,0,2026-07-18 21:01:19,
76fc651c-d5b0-4f11-a01a-617c388746f2,Vijaya Ram Vedantam,don't book hotels in agoda. This app is fully fraud and big lie app. this app is not at all elegible for that 1 star also. Please I'm requesting don't book hotels via Agoda. The worst and fraud app in the world,1,0,2026-07-18 19:42:09,
8134fe2d-b658-4ba7-84a1-346d3b77d940,Sakthivel Sp,"My Agoda booking was confirmed, and payment was successful. But when I reached the property, the owner said all rooms were full. They had only 10 rooms, but Agoda accepted 12 bookings. This shows poor coordination between Agoda and the property. Customer support was also disappointing. They first offered alternative hotels, then processed a refund without my consent. This wasted my time and caused stress. I do not recommend using Agoda.",1,2,2026-07-18 17:54:25,
1f2b1cfc-b832-4bfe-af77-26b68161ff8f,Atul Choukade,No customer service. Booking denied by the hotels twice. Actual hotel is different from images shared. No customer support.,1,0,2026-07-18 14:03:43,14.25.0
165daa07-ecaf-4b79-8562-f3b5c6bf0bac,Colin Nonis,agoda always does me well. simple to use and very efficient,5,0,2026-07-18 12:36:25,14.25.0
76802acc-44f8-4652-ae99-ca1a970e7808,Sonam Nishad,"Worst booking experience. Never use Agoda. The website shows ""Full Refund"" at the time of cancellation, but in my experience, I did not receive any refund at all. I ended up spending time and money calling their international (ISD) customer care, with no satisfactory resolution.",1,2,2026-07-18 11:51:26,14.25.0
17da370c-d75c-4d0e-b585-db6e2d20d628,Dream Studio,Worsit app very bad app still not received my refund amount 3 days,1,0,2026-07-18 09:11:15,14.25.0
02408c1a-b096-4800-92d4-9533880e1f69,Elena Belgum (Count Talkula),"I used Agoda every night for +1yr. I have almost entirely positive feedback. those nights, booked last minute budget rooms in SF for 4 to 12 EXTREMELY difficult, unhelpful rowdy people.🙄 Agoda had bst pricing EVERY TIME. Can save/bookmark hotels, fill shopping cart up, hold the rooms temporarily and go through it, option for hotels only with free cancellation, cash on arrival, no deposit, etc. NO room fell through, canceled, overcharged EVER.Price/term always honored. love!",4,4,2026-07-18 00:14:46,14.25.0
a27cfab8-20a7-4754-b6ac-190cfc5a72be,Vijay Chhabra,third class app no customer support and they showing fake details on their site person booking for 4 person booking recd only 2 person for correction no customer support and hotel asking for extra money. third class app,1,0,2026-07-17 22:49:47,14.25.0
b2e8785d-6488-4ddc-b1ce-cde0be1a9d59,Senthil Kumar,nice app we are happy all in booking inthis app,5,0,2026-07-17 20:25:04,14.24.0
6367a41a-bfbe-42ac-a031-4ad7451f4aa7,Mulyalim Koswara,user friendly. super apps,5,0,2026-07-17 20:07:44,14.22.0
3c209535-d4fc-4677-b401-c60ba2124449,BD Bosch,Never again. What a disaster booking... and contact when you could not book into the Hotel. Sold 11 days before??? No alternative accomodation. AI not good enough. Very difficult to contact a human. Quick cancelation.. no alternative accomodation and compensation is another issue.,1,2,2026-07-17 19:03:24,14.25.0
8a09cc6c-d054-4abb-998b-187dbe336c75,Hanif Zaidan Sinaga,dua kali saya dikecewakan oleh agoda. saya merasa ditipu. saya tidak akan pernah pakai agoda.,1,0,2026-07-17 18:59:23,
5fd5a0fa-3a53-4b4d-aa74-c21ce23099f7,Revi Gunardhie,simple and easy,5,0,2026-07-17 18:50:19,14.25.0
ff114738-449f-4332-a4f2-cfd8a87f6a8d,Ankit Shukla,worst app you will ever encounter in your life,1,0,2026-07-17 16:55:11,
31b3421e-beb7-4e54-bf21-bec70382be7d,Lakesha Smith,it say it's has the best hotel prices but when you apply the coupons they don't reduce nothing off the hotel pay prices are the same as rest of the hotel apps to me it's false advertisement and it's never any deal or discounts on this app,2,0,2026-07-17 16:49:54,14.24.0
e3b120a9-46a1-4f09-8990-a2eed390ee8a,Khan Bhai,"Agoda trying to do a scam on me not refund my money yet and not fixed the issue it's waste of time and money to trust Agoda being an old customer, they don't even care about",1,0,2026-07-17 16:40:58,14.23.0
9d5149aa-d2a6-448e-bdd9-b64041d17bd0,ais ais ais,Sudah pesan dan transfer. Tiba2 pesanan dibatalkan. Mana proses refund ribet dan bikin susah. Ga usah install aplikasi ini. Mending traveloka,1,0,2026-07-17 14:25:04,14.25.0
af1e207e-da22-4977-937a-da541b133939,Bilalmohamed Bilalmohamed,Agoda froud company,1,0,2026-07-17 09:15:24,14.25.0
be804901-dcc4-473e-a664-d162e91d30a9,monkey bone,full of bullshytery app,1,0,2026-07-17 06:05:23,14.25.0
a8312a77-0b86-4fe2-8e9d-a312f73f30aa,jhansi chowdary,please don't book rooms through this app they provide discount without knowledge of hotel people and then hotel people don't provide rooms they are asking 4 time of price what agoda providing. Waste app waste service waste of time Agoda management people are really idiots.,1,0,2026-07-16 21:18:53,14.24.0
0577a560-c5b5-4134-95ab-08fa6a931bfb,Vishnu N,If zero was an option I would give that. Scamming hotels are listed.,1,0,2026-07-16 20:14:01,14.24.0
484c7602-1202-4ce7-80a0-a56a3d632714,Phát Nguyễn,"Bay nội địa mà bắt nhập số hộ chiếu là cái gì nữa vậy trời??? bị ngơ à agoda? viết app mà ko có tư duy, quá kém.",1,0,2026-07-16 19:01:17,14.25.0
ef05d2b2-af43-4cb1-bcac-617457cdfb45,Mahruaii Chawngthu,"So Many Fake hotel registered in this Apps ,Last night (15/07/26) I lost rs500 cuz of this untrustworthy app (Agoda)..This Agoda app send me the Booking Confirmation but Hotel or the Location of the Hotel can't be found ..Are they (Agoda) involved or be the mastermind of all this Fraud ...?",1,1,2026-07-16 17:30:49,14.25.0
57ccf42d-65b1-4229-8666-2b9847746363,James Callisto,"slow, many stupid policy as well, and very inhuman desing of app especially when choosing date",1,0,2026-07-16 14:40:41,14.24.0
2fa535b5-13c9-4197-8377-9d540c0e7493,Hannes Labuschagne,Great app with nice incentives.,5,0,2026-07-16 12:24:34,14.24.0
2eff57f7-40b8-4029-827b-9dbbcd4054cc,John Hall,Love this app it takes out the stress of running around trying to get a good deal. always best to book all your nights for payment safety and best deals.,5,0,2026-07-16 11:47:18,14.24.0
0ef81c32-c8cf-4547-a47b-df88849ad457,Dev Associatespune,The Best App for travelers 👍,5,0,2026-07-16 00:53:57,14.23.0
ca9e9da8-cb6a-42e6-b575-6e4a2a9e40fe,ashwin Parmar,"Worst first experience with Agoda! Money deducted, booking processing failed, and they cancelled it. Now they want 30 business days to refund my money. Unacceptable! Never using this app again. Stay away",1,0,2026-07-15 20:10:22,14.25.0
22093166-4d88-4d3f-bce1-7b894df1f865,Mike Cipriani,Unbelievably slow and clunky.,1,0,2026-07-15 19:42:27,13.18.0
d9db3dac-eab0-4c97-a3f3-215621110892,shraddha jadon,agoda is just an agentic group who is not responsible for any issue or problem faced by the customer/ traveller. I have trusted it twice and both times it has gone unsatisfactory.,1,0,2026-07-15 19:30:54,14.24.0
e9b83da3-b04e-4d10-82c1-01bf197b16d0,Muhammad Hamza,great experience with agoda,5,0,2026-07-15 19:11:24,14.23.0
ca88d555-817c-47f5-b829-608481b852a9,ARUN A,they refused to refund...the money spend goes to agoda..not to the property they get money only after 45 days...agoda. cheated ....worst app ever will file complaint aginst them,1,0,2026-07-15 18:59:55,14.23.0
94f86187-cef8-426d-9297-19a051fbc3f1,Jas Dero,說真的，你們的客戶服務太差勁了。當我透過信用卡取得回饋時遇到了問題，當我向客服求助時，對方聲稱由於訂單有過變更，該預訂不符合回饋條件（但這根本不是事實）。結果我後來才發現，必須先更新 Agoda App 才能使用該功能。你們的客服人員沒能提供有效的協助。這完全是你們的問題——如果需要更新，App 本應提示我的。 你們的客服並不真正了解我的情況，甚至連我要求切換到英語聊天這一請求也沒能處理 貴公司確實應該評估一下這項機器人客服功能的效率與成效。,2,0,2026-07-15 18:56:44,14.25.0
c9d7e336-d17e-461f-909f-328b1ec58de8,Raj kumar,"very bad experience with Agoda, after booking confirmation reached on hotal place, then got to know there was not available that hotal , it was ground area and property owner mobile was switched off then try to connect with customer care there was also no response, so please guys be aware of this kind of scam,",1,1,2026-07-15 18:44:37,14.24.0
f1b1fe61-811d-43bf-86af-cafa4895eeee,Salsabila Panca Edelweis,T&C tidak jelas. not recommended at all guys. better try other platforms. mungkin lebih mahal dari agoda tetapi secure! price might be cheaper than other platforms but Agoda always has hidden fee during check out your order or during check in at ur accommodation u choose.,1,0,2026-07-15 15:42:35,14.24.0
8ef86709-24a9-4492-af33-e22c248771d4,Khoa Tran,too bad. Auto cancel booking order with no email remind while promotion notifications are overwhelmed. 2 phones for customer service are not available.,1,0,2026-07-15 15:25:47,
77d62d65-2e30-4638-87df-3b75198820b4,Waleed M Al Shamy,من خلال تعاملي معهم لا مصداقية، قبل الحجز مواصفات وبعد الحجز مواصفات مختلفة وعندما تتصل على خدمة العملاء تجدهم كفاءة عالية في عدم الاعتراف بخطأهم والمجادلة بالباطل,1,0,2026-07-15 13:44:49,
37499676-3a42-40f5-af9b-006cd669d2bd,Carlos Lemond,bait and switch on dates,1,1,2026-07-15 10:21:30,14.24.0
9f7d5924-2e25-462c-b8a6-9a52c794763f,Denis Westbrook,"flight and hotel bookings a very good way to sort travel, less hassle too.",5,0,2026-07-15 09:56:40,14.24.0
1494c2bb-f24c-42f2-b48e-dfa7d8237a9b,Peter Janul,"scammers. sell fully booked hotels, dont refund.",1,0,2026-07-15 09:12:50,
6f397eb9-47c4-45ca-a8e6-e099981f1945,faid Unniez,"pemakaian pertama malah dapet experience yang jelek, pas bayar ribet, udah bookingan tb tb dibatalin, uang refund juga nggak langsung ditangani.",1,0,2026-07-15 09:10:15,14.24.0
8c93153d-2ff8-4308-9f98-e12c3b3e2cf0,Hemant Pathak,bad customer service experience I booked hotel through app and cancelled before 1 month but till date my money not received in account,1,2,2026-07-15 08:34:10,
cab46031-b6ec-4a58-853a-1afd494caaa2,Sujit Kumar Mathan,"This app's a scam. Last time I booked a hotel through it, when I got there, they wouldn't let me check in. I chatted on the app for an hour, and they sent me to a different hotel, but it was the same problem. Hotels aren't dealing with them anymore. Think twice before booking on AGODA.",1,0,2026-07-15 07:10:08,
3ba325e0-0e12-40a4-b864-6cf25f0ed665,Anup Nair,"Booked hotel in Chennai before checking in detail the negative reviews. Cancelled the booking then contacted customer care but received 30-45 days refund time and no transaction id details as money travels to US it seems. Complained that this is not fair trade practice and mentioned if money not credited by next day morning a complaint would be filled with consumer greviance, did the same and got refund within 3 hrs via Paytm payment it seems. Not worth the time.",1,0,2026-07-14 22:51:28,14.24.0
fe064f49-0bf7-4074-838a-6aefbaf58064,Vincent L,"The App has become too bandwidth intensive that it crashes when launched or browsing accommodations. The My Trip is over cluttered n becoming unhelpful. With 20 accommodations interlaced with unnecessary suggestions, no 1 liner hotel details, need to scroll like crazy to reach 20th hotel. The designer should imagine how a To-Do list should look like to understand customer's needs.",3,0,2026-07-14 21:20:12,14.24.0
164e8bd4-f603-490e-9b2d-3beb1e143162,media shilp,"Extremely Bab Experience with it's hotel suggestion. Beware, the hotel it suggest for my family stay is extremely dirty and not suitable for family as we notice that illegal and escorts activities are going in that hotel. Pl beware wirh the App.",1,0,2026-07-14 21:03:39,14.24.0
882e2536-253d-4a1f-aed1-df33558695ea,Nikhil Verma,why not update my status on diamond,1,0,2026-07-14 20:06:22,14.24.0
eef99c51-10cf-4096-9bf3-10835ee5ad77,Shoumik Halder,Total faude app.Hotel book payment done but hotel refused no customer support.,1,0,2026-07-14 19:02:59,14.24.0
f83e889c-3440-4cb5-9833-b63fdbe963d5,Malin Mondal,good app thank you 👍,5,0,2026-07-14 17:51:10,14.24.0
d6cfeed1-3ffb-4e67-a209-29572ac5682d,Rudraksh Makwana,would never recommend it. reaching their customer care is impossible. haven't even received the refund yet. and I don't even know the refund status.,1,0,2026-07-14 17:27:45,14.24.0
d33ccada-6e0e-499b-b20f-73827275762e,Sushant Garje,Experienced fraud. The hotel booked via Agoda showed that payment is not required upfront but the hotel booking got cancelled as upfront payment wasn't done. I had to book another hotel at a much higher cost.,1,0,2026-07-14 16:48:13,13.47.0
a50d1867-0fcb-4212-b68e-d456672ca34a,Tarek Tott,don't deal with them. they are really scammers and thieves. after you book and pay. the hotel will inform you that your booking Is no longer available. when you get back to them. they will never reply. even I emailed my case to the company CEO more than 5 times and I didn't get any reply or care. and they enjoy making their customers suffer and waste their money and effort. and never help or reply on the messages and emails. they are really scammers,1,0,2026-07-14 16:07:27,14.24.0
c719914a-2451-4424-906f-c94af899c48b,Lau Kingfook,booking Dua kali Dua kali cancel tak dapat confirmation pastu booking hotel juga di cancel duit sudah kena potong xdpt pakai lah,1,1,2026-07-14 13:55:00,14.25.0
da287e90-5d49-41ed-ae90-be7feb666b8a,Ryan Kurnia,"Absolutely the worst booking experience I've ever had. Agoda allowed a hotel under renovation to be listed without clearly warning guests. The property was noisy and unfit for a comfortable stay, forcing me to check out the same day. Agoda rejected my refund with a generic response and took no real responsibility. I wasted my time and money because of their poor customer service. I've permanently lost trust in Agoda and will never use this platform again. Avoid Agoda if you value honest service.",1,0,2026-07-14 09:19:24,
e0248999-abfa-44e4-85ab-e4dbdaac4024,sharad jaiswal,bahut he ghatiya service hai inki paise bhi le liye or hotel wale ne check in bhi nahi karne diya mai tho fass gaya payment kar k ab or koi use na karna bhai is app ko,1,0,2026-07-14 00:26:59,14.24.0
d186b93d-f2de-4c08-baee-a0c40672bbc3,KAMALESH KAMBLE,"worst app, Dont use this app. I have book hotel then hotel stap said that we will dont take agoda service. and they cancel the booking. there is no customer care number that easily available. when raised the complaint they just say that the booking is cancel and amount. they dont show any status of booking",1,0,2026-07-13 19:16:01,14.24.0
acb08cbd-5de9-4fce-aebd-68284667e6e7,goo,تطبيق لصوص قمت بالحجز لديهم حجز قابل للاسترجاع المجاني بالكامل ثم قمت بإلغاء الحجز قبل المدة المقررة في الفترة المجامية وسرقوا اموالي لم يرجعوها حتى الآن,1,0,2026-07-13 15:34:08,14.24.0
e15b90e5-3815-4ee7-ac3e-510313c717af,Sonaton Kora,op app real time good app 🥰🥰🥰🥰,5,0,2026-07-13 14:39:16,14.24.0
c33ee244-98e6-4c73-8291-1865bc86536b,Nir Franbuch (franbuch),just SCAM APP nothing else to say anymore.,1,0,2026-07-13 14:34:00,13.47.0
478b31d8-6d60-46be-b97e-d99d8e49ce8b,Stephen Chan,I use your platform for 15 years. recently I got a transaction from your platform out of the blue. and I raised the situation with your support team (Laxmi) and they were told to ignore the customer until the transaction becomes an actual transaction. why would a platform company charge a customer out of the blue for no reason and refuse the acknowledge the transaction until it is final? using my precious time to follow up and get no answer. thus I think the Agoda app and platform is broken.,1,2,2026-07-13 14:33:53,14.23.0
2707b32f-6d9e-4e79-bf51-f4be66c47bde,Cahya Ramadhan,"I had a terrible experience. One way to ruin your holiday is to trust Agoda for booking. They took my payment and listed my booking, but wouldn't forward it to the hotel. Even the support service told me the issue was resolved. At that time, I cross-checked with the hotel, and there was no booking under my name, although payment had already been completed. Then they told me to wait for 24 hours, but suddenly it got canceled. 😂",1,9,2026-07-13 12:39:36,14.24.0
446ee2cf-4dcb-47ae-a5bf-a32e63f9f0f4,Rajeev Birla,I had been using this app for so long but ...it's very difficult to approach a live customer agent support. i made a booking for fabhotels at Navi Mumbai but after making a booking it was showing some payment error so I re-booked and again facing same problem i re-booked...at third attempt it was successful but when I talked about refund of two duplicate bookings they refused to do so as the hotel policy didn't allow them. this it's very disappointing app and no help at the time of need.,1,0,2026-07-13 12:07:30,14.24.0
b34afef7-809a-4904-b6da-4849b0b7e34a,Vivek Rajak,Very pathetic service provided by agoda I strongly don't recommend book hotels with agoda they provide wrong hotel details during booking after that they don't provide that amenities and their customer care doesn't provide a solution.,1,0,2026-07-13 11:38:23,
bf54f90d-b063-431d-8442-f22b3485619a,Ganesh Dhamodaran,Agoda is very good app for property owners but not for customers. Their cancellation policy is locking us. In image app is showing something but in real we will get totally different and disgusting and due to the cancellation policy they won't even respond back to us and trust the property owners blindly. And ultimate is they will ask us to prove that the property is not good after we checked out. Before anything they should charge only fir the stayed days atleast. No action on same day checkout,1,0,2026-07-13 10:28:54,14.24.0
ddfb1a4c-b636-4084-9815-360ea7bb399d,Leah English,will never recommend agoda. customer service is terrible. trying to cancell a booking is possibly the worst experience ever had. 100% will not recommend,1,0,2026-07-13 07:32:24,14.24.0
e2c405cd-8df7-446c-931e-051828fcfa46,Kevwah,"Saya trauma & sangat kecewa dengan Agoda. Anda sudah janji mau kembalikan uang saya tapi janji tinggal janji. Saya sudah hapus apilaksi Agoda dan saya memakai aplikasi lain yang tidak omong doang. Jika Anda bingung saya bicara apa, silakan cek history transaksi & komunikasi dengan saya. Saya sudah sakit kanker ganas stadium 4, sudah cukup pahit tapi masih anda tambahkan pahit. It's okay. Tapi saya lepaskan pengampunan untuk Anda. Enough is enough",1,0,2026-07-13 06:43:47,14.24.0
d2d7fe96-dffc-4c86-99b2-303fb7c3252a,Ms Ppt,"Very disappointing experience. Booked a flight through Agoda that appeared to be a normal connecting flight. There was no clear warning before payment that this transit had special operational requirements. I was denied boarding, spent months obtaining official documents requested by Agoda (including an airline-issued denied boarding letter), yet Agoda ultimately refused to take responsibility and simply referred to the airline. Lost around USD 1,000. Extremely disappointing customer support.",1,5,2026-07-13 03:31:34,14.24.0
6c843db3-35c8-457d-906a-62a1d5d89a31,Samarendra Jha,"Off late awful. Booked few hotels. What we got was a Lodge at multiple lication with small bed. The description says double room 30sqm. What was given was a very small room, small bed and hardly any space. Absolutely incorrect description and no more reliable to book from this app.",3,0,2026-07-12 19:58:22,14.24.0
3a5f04a9-d692-4a5d-908f-0794e5bb118f,HARSHIT AGRAWAL,"fraud team. their responsibility is over after you book a hotel with sucessful payment they don't support you were stuck and hotel service is not good. don't book hotel for. agoda anymore. when I was register a complain on Agoda customer support they said their is no hotel policy of refund. Then why you listed such type of hotels where no electricity backup, you wasted my money.",1,0,2026-07-12 16:56:01,14.24.0
b65c1818-0487-4ac7-8c34-a130a452b16d,Sumit kadam,"Very disappointing experience. The app was confusing to use, customer support was slow and unhelpful, and the booking information was not always clear. I faced issues with reservations and found it difficult to get timely assistance. The overall experience was frustrating and stressful rather than convenient. The platform needs significant improvements in transparency, customer service, and reliability. dont use it pls don't use",1,0,2026-07-12 16:03:18,
18576c91-9d13-4a0b-9f50-bbe7f8b39589,Saurabh Rajput,very nice aap,5,0,2026-07-12 15:25:10,
e3adaa33-4e34-4498-a808-7b2e4703948d,Ahmed Osman,"not trusted app I had a very disappointing experience with Agoda. I booked and paid for a room for 2 adults, but when I arrived at the hotel, I was told that Agoda had only reserved the room for 1 person. This caused unnecessary stress, wasted my time, and put me in an embarrassing situation at check-in. I paid for accommodation for two guests, so there is no excuse for this booking error. A travel booking platform should be reliable and accurately communicate reservation details to the hotel.",1,2,2026-07-12 14:49:18,
632f237a-bd5e-4bfc-91d8-3f8a248a6fc9,Deborah Smith,"easy to use, helpful 👌 👍 🙂",5,0,2026-07-12 14:21:51,14.24.0
0639660a-2a37-42da-967d-c25b42a18536,Vedant Agarwal,"while searching for 2 rooms and 5 adults, app shows me the result of 2 rooms and 2 adults i paid 840 × 3 = 2520 additional to the property because of the confusion created by the agoda app i tried doing the same search in other apps. but in those apps i found all the search results to be 2 rooms and 5 adults. so if agoda is giving different results that could result me paying extra at the property, why will i continue to use agoda app. i should instead use other hotel booking apps.",1,0,2026-07-12 12:57:43,14.24.0
d459cc6a-83c9-4fb9-a8e0-2bff4f451aca,LEMUEL JERDEN SANTOS,having booking problems to this app is like justice in the Philippines specially their customer service. you always refering to the customer service but only a.i response not a person that's why the specific concern cannot resolve your customer service is a.i generated only that's why my specific concern is not on the choice!!!!,1,0,2026-07-12 11:52:13,14.24.0
7af56b4e-eea4-4ba8-b8f1-5ddfcbdad390,G Qin,very bad customer service and not able to resolve conflict.,1,0,2026-07-12 09:48:29,14.24.0
6a65fe12-533a-4b77-9fc7-4ea90107d325,Aahryn pablo,"Fraud company, tried to make a flight reservation money was deducted didn't receive any confirmation, when I called their customer service they said there was no reservation made with the passenger name, email and phone no. tried to provide transaction details refused to listen, have send email with all the details still not responding. Repeatedly called their customer service refused to transfer the call to the right department. This type of company should be reported should be removed.",1,3,2026-07-12 09:05:49,14.23.0
86ce0d2e-f367-401b-a8f7-05e32852133a,Afy Danus,"aplikasinya parah, susah banget hubungi csnya trus uang sy yg di refund gk dibalikin.",1,0,2026-07-12 08:02:17,14.24.0
f1b3d0a9-adb1-4ad7-a5f3-c61ec033d90d,Oleksandr Zhukovskyi,"booked an apartment, never stayed because the rentowner could not find key and never got refund",1,0,2026-07-12 06:12:02,14.24.0
747e6dc1-a22c-4a8f-a055-3d327bd01616,Niran H,"Canceling bookings and immediately rasing the price, scam.",1,0,2026-07-12 01:37:46,14.18.0
b18d0080-a31b-47ef-87c4-516c861330e0,choo vivian,Easy to access,5,0,2026-07-11 20:06:09,
b2b16bcf-8686-490c-8a65-c0edff96b44e,Shatarup Chowdhury,"booked via agoda, but the hotel yet to receive any booking from app.",1,0,2026-07-11 17:15:11,14.24.0
d1dd73fb-809c-4aee-8d15-05514c4c7163,SHOW GAMER,worst app ever no support over anything they are holding my money for cancellation don't recommend they are scammers,1,1,2026-07-11 16:04:25,
535f0bea-3704-4453-b312-4c044a7713c9,Eric,charged but no room to check in....,1,1,2026-07-11 15:56:58,13.40.0
24a62a28-a860-48f4-99bd-4537161b01c0,Hamna,The app is easy to use and navigate but could improve the customer service experience.,3,0,2026-07-11 15:29:36,14.24.0
3fa8fd71-4010-489a-b97c-868b05b13b20,Skills Of India,booking get canceled and deney by hotel every time,1,1,2026-07-11 15:08:30,
77dc2983-949d-40f0-ba40-8c85e9a16648,ishaan Khan,humesha kum price dena nice app my lovely agoda,5,0,2026-07-11 13:44:47,14.24.0
eab1f88a-03e9-4847-bf07-78e0e1e4a987,Vijesh v.k,"It is extremely disappointing that the complimentary breakfast, which was clearly included at the time of booking, was denied during check-in. This is completely unacceptable and amounts to misleading customers. This has been a very frustrating experience, and it will be the first and last time I use Agoda. I expected better transparency and customer service.",1,5,2026-07-11 12:00:42,14.24.0
759f932b-9656-46d2-bb54-39853cefb3b5,Lyrica Stories,"Very disappointing experience. I selected 10th as my check-in date, and the booking page showed the same. After payment, Agoda automatically changed my reservation to the 12th without clearly notifying me. I only discovered this at the hotel during check-in. My payment was not refunded, even though I never intended to book the 12th. I lost both my money and my stay. Please double-check every detail before paying. Be careful—my experience with Agoda was frustrating and unfair.",1,4,2026-07-11 10:35:31,
7f236abe-eb1d-4186-aa38-adc9b541b357,Aina Kazmi,"worst worst worst app,they are scammers..",1,1,2026-07-11 10:32:08,
b1c13901-b70a-40b4-984c-0e91a63e94d7,aarika aarika,"Be aware while booking any hotel by using this app. They are showing different pictures and details while booking and things are different while arrival. there is no useful customer care support. If you are travelling with family and friends, NEVER trust this App for booking.",1,1,2026-07-11 10:30:30,14.23.0
9fc39fcc-7b2b-4333-862c-05de115d58f7,Gab Diaz,"Hotel listings are good. However, it is very annoying that after you've reviewed your last hotel, Agoda's app and website keeps on telling you fo review that same hotel. And guess what, I have like 50 a year so all of my reviews were never published.",3,3,2026-07-11 09:01:27,14.24.0
bb4b7c33-61a1-40cc-bb25-2722086d3cc9,艾文,"setiap mau checkout, harganya berubah2 jadi lebih mahal, ad voucher sudah di apply malah tidak terpakai vouchernya saat pesanan terpesan",1,0,2026-07-11 04:01:24,14.23.0
74ab3136-ad77-4dd9-b494-095eb5fe9037,Rujinschi Remus,Totally to avoid! Never use this service ever.,1,1,2026-07-11 01:50:08,14.24.0
70691586-f1a2-475b-be25-156996ac827e,Jaicrsna Baticar,useless piece of work,1,1,2026-07-11 01:26:59,14.22.0
34ce5c84-d60e-4dc4-b3f6-076666598135,Sandeep Singh,I booked a hotel room in the various cities of India more than 3 times but I could never get the room in that selected hotel even after the full payment even on Agoda. Recently it happened today in Hotel Town House Formerly Santosh Palace in Prayagraj. Agoda gets the online payment and then it happens that we could not get the room. It is almost impossible to get any help from Agoda. It is almost impossible to talk to their customer support.,1,4,2026-07-10 22:55:18,14.24.0
c823f293-c13e-4490-a22c-f6f11efda4d2,song lover,Agoda Cancelled my hotel booking for no reason which was already paid. Refund is also delayed. There is no responsibility. We just realized before checking in that our booking was cancelled. We got a bad experience with this.,1,0,2026-07-10 21:54:12,
9924e177-a0e4-4a16-a764-a926a865f66e,Fayshal Robin,"you can a cheap deal , but not at all helpfull when you get into a problem with hotel or hostels , they only ask you prove stuff you can't and don't demand the same from the other party , don't know they might take a cut from the hassling hostels. totally helpless",1,1,2026-07-10 21:17:06,14.24.0
57e9db20-0340-4f26-9b3f-2b3a02b4de81,Rufina Hartono,"emang si lebih murah, tapi ga lagi deh pake apk ini. kemarin beli tiket pesawat udah payment malah ke cancel, emang di refund full tapi lama🙃",1,0,2026-07-10 14:53:36,
285e5674-71c9-4668-bd71-3afc2eaf5137,Alexander Acriptis,"Lost about $1,000 because Agoda presented a flight as a normal connection without warning that transit in Podgorica required entering Montenegro for some nationalities. Air Astana confirmed the transit was impossible for an Indonesian passport holder, so boarding was denied. Agoda refused to help. Please clearly disclose complex transit requirements before purchase.",1,1,2026-07-10 12:23:02,14.24.0
c7e44f28-d690-418a-8281-37ca83c2e43b,I. P.,Proven and reliable,5,0,2026-07-10 12:18:41,14.19.0
8bd1efe6-676a-4d97-8ca4-982a751da26e,Kevin,"I am Diamond/Vip the highest tier that supposedly could get special promos etc. Turns out its all just expensive and promoted content (ads) or silly promos that you can easily get much better for free in other apps or even on agoda but searching using google instead of this app, then open the promo on the app (from google) and there you have it, cheaper than a VIP promo with coupons. Also stop bombarding my inbox with USELESS ""special"" promos that arent remotely cheaper than the usual price",1,1,2026-07-10 11:35:51,14.24.0
4e26d567-0157-4d62-9b0e-9ec3290a5e60,Rosa Maria Diener,Good experience with firm though I seldom use their service.,5,0,2026-07-10 09:10:11,
5f1e4cd0-e6df-4561-b8c3-61f2f0fd86af,zhang wei,"Pemesanan tiket pesawat gagal terkonfirmasi , order history di hapus otomatis oleh agoda , pengembalian dana menggunakan pihak ke 3 , dan pengembalian dana saya sudah berlangsung 2 minggu dengan total di tolak 3x dengan alasan informasi bank tidak sesuai dengan akun , faktanya saya menggunakan rekening payment untuk menerima refaund , isi email penolakan selalu bertuliskan kami telah memproses pengembalian dana , anda harus menerima dana sebesar (nominal refaund) pada 1-3 hari kerja, dan ditolak",1,0,2026-07-10 07:25:41,
5f37f96d-2208-4bd4-9486-999de75aa160,Mirza Kahrovic,Worst customer service I've ever experienced.,1,0,2026-07-09 19:46:29,14.22.0
bc4518cf-822f-4213-82ff-8ff2bf395428,mohammed shabuddin,"Rating: ⭐☆☆☆☆ (1/5) I booked an AC Deluxe room through Agoda, but when I arrived at the property, the booking details received by the hotel showed a different room type. This created unnecessary confusion and inconvenience. The hotel staff explained the issue based on the booking they had received. My concern is with the booking information provided through Agoda. My advice to future guests is to call the property and verify your room type before travelling. It can save you from unnecessary t",1,0,2026-07-09 19:14:24,
16a4dae4-d1aa-4892-8095-0d1a14e8803f,Sandeep Sethi,"app crashing, after restarting same problem. latest updated. but crashing while clicking on map button after searching hotel list",1,0,2026-07-09 17:37:38,14.24.0
f12b20e0-8c28-4aaa-9e17-cabeee798733,Tom,"SCAM customer service... you raise serious concerns about safety and what do they do, they ask the property, the scammer if your concers are valid.... sorry what?",1,0,2026-07-09 16:13:06,14.23.0
6cc0e29c-076e-428e-8243-8f77cd9c5348,Allison Cropper,"**EDIT** changing my 5 star to 2 star. Used to love Agoda for booking hotels. But lately the customer service is not efficient. Feels like they will do anything to NOT help you out and they will drop your call. ALSO, I'm the highest tier member but if I go on the app or website as a guest, rooms are sometimes a LOT cheaper.. and after 61 hotel bookings with them, I've never received any sort of complimentary anything.. no cash back or points or a free night stay.. not a single thing.",2,7,2026-07-09 15:39:33,14.23.0
a21a992c-9df4-4a86-9e5a-b6b010cf4ceb,Raphael Vallecer,"The best app ever, they care all concerned and served me very well. Special thanks so Agoda customer service who assist me on some issues as fast. Definitely recommend this app 300% 5 star for that ⭐ ⭐ 🌟 ⭐ ⭐",5,1,2026-07-09 14:40:08,14.24.0
dfdd9959-9c43-4a2f-9c42-bb039f03a75d,Tony Dallison,Agoda offered a 10% discount for reserving in-app but then just elevated the price to absorb it so no saving to be had. Dishonest.,1,0,2026-07-09 13:23:45,14.24.0
c6fa554a-0e2f-4660-a300-083b914f128e,Lakshmi Sai Ram Paleti,"worst experience. I had cancelled my booking and no refund has been issued. the customer care people are a scam, they are asking me to share card details to give the refund. that too by connecting on WhatsApp call and asking me to share my screen and camera to take pictures of my card from which I made the payment. never ever book through this Agoda website or App. it's a SCAM.",1,2,2026-07-09 12:22:54,14.24.0
69024a97-bafd-4f8d-aac7-ca123d34198e,Vilma Briz,Super easy and the price so affordable offer,5,0,2026-07-09 11:10:45,14.24.0
ca19489d-d8c4-45b4-b96a-99e28d357f8c,Surya Das,best app for booking hotel room,5,0,2026-07-09 10:43:49,
7342fa08-8765-46a7-bfa1-2785a6f2775e,radhe xerox,this app is not best not a reply and not for good hotel not a show ready money first year Book and after hotel saying more money I am telling app but not replied I have a lost my money don't install this and don't working this,1,0,2026-07-09 09:10:19,
89781b9f-66b9-4639-8337-a91666a9758b,Hanif Noor,scam apps..when you book its cancel 3rd times after that price increase..fak this apps!!! everyone that need to download this apps please check at their facebook comment as this company taking money without refund..i already submit for fraud complaint to banker and do police report!,1,1,2026-07-09 07:05:32,14.24.0
a79dee43-84ca-4513-8926-a5576c5946c4,Romi Ramzan,"Agoda is an excellent app for booking hotels, flights, and vacation stays. The interface is simple and user-friendly, with a wide range of accommodation options and competitive prices. I appreciate the frequent discounts, secure payment process, and easy booking experience. Overall, it's a reliable travel app that makes planning trips convenient and stress-free.",5,0,2026-07-08 22:46:41,
a9c5e191-071b-48b5-9ffe-6549900777d2,Stephen HATE,Cashback claim through app not possible Call agents too dumb to understand the problem. Will never use Agoda again. Nightmare travel agent!!!,1,0,2026-07-08 21:35:12,
70404900-8c87-4a77-9b69-18f680bf754d,Sudip Dey Sarkar,"Agoda is a very useful app for finding good travel deals. Easy to use, fast, and convenient for hotel booking. Great app for comparing prices and planning trips. Agoda makes travel booking simple and smooth. A reliable app for booking hotels and flights.",5,0,2026-07-08 20:22:45,14.24.0
64007bd0-2798-4a05-a41c-577f38e327d9,Vivek Kumar Rajak,customer support is worse. they did not respond time,1,0,2026-07-08 16:35:05,14.23.0
dad4ffa0-5bd3-450e-b679-06e29c455e12,lindy martin,great prices and easy booking 👌,5,0,2026-07-08 13:22:42,14.23.0
86fa9f4c-72a4-4bce-9741-74148263f2c2,Arya,good and easy to book buses,5,0,2026-07-08 12:24:13,14.23.0
7b599174-56a7-42a4-ac54-d32f3b6efa72,Paladin Zhou,"Terrible experience, card payment failed. Tried VISA and Amex, both failed. Frustrating!",1,0,2026-07-08 12:18:05,14.23.0
0c4cc5e0-b334-4573-8fd4-cf1edbe9a896,ସୁରେନ୍ଦର ସିହଂ,bad app note instal,1,0,2026-07-08 09:12:28,14.23.0
39ca0228-de44-425c-9f28-88ae2bf88257,Akhilesh Sharma,"Gave me a nightmare with hotel booking. The hotel was shown as a 4* rated with clean rooms on the app but it was nowhere close to what was shown. Dirty walls, stinking rooms and ac didn't work in all the rooms. It was late at night and agoda customer care took over 2 hours to cancel the booking and refund. They show ai edited/ fake images on the app. Pathetic experience! It's a scam! I'll never use the app ever again, lost the trust. Not recommended at all!",1,0,2026-07-08 00:41:26,14.23.0
8f81dbb4-bafc-4340-912d-015eee670c59,Roger Elaugos,This application is frustrating. I cannot verify my phone number because I am not receiving the OTP.,1,0,2026-07-07 23:32:46,14.23.0
cbb26927-8f61-4080-9e29-a7beb224e241,Christian Falqueza,"First using this app, and I got scammed, the hotel that we booked is not existing.",1,0,2026-07-07 18:51:46,14.23.0
91ea45e7-697b-44e4-9168-1f943b3b93a1,DANG LAM,"After booking the wrong ticket, I contacted Agoda customer service immediately, but they only offered a non-refundable option with no real support. My ticket was around 10,000 JPY, but the change fee was about 16,000 JPY—higher than the ticket price itself. Please be careful when booking with Agoda. Even if you contact customer service immediately after making a mistake, you may still not receive a refund. Very disappointing experience.",1,9,2026-07-07 17:18:14,14.23.0
43e845f5-2f38-447e-87d9-b4e965fc4e3b,Gordienko Evgeny,"Agoda has a serious platform problem. In 3 recent bookings in a row, Agoda confirmed prepaid/non-refundable stays before ensuring usable check-in access. After payment, access depended on WhatsApp, manual codes, external agreements, extra payments, or hosts not answering. A prepaid booking should guarantee access, not just guarantee payment to the host. I was left without accommodation and told to wait or accept symbolic compensation.",1,0,2026-07-07 16:54:55,
85038c2a-4242-42b9-a80d-400b5f10152e,860 Amit Patekar,Having bad experience with agoda I booked hotel in akkaokot with 3rooms for 6 people but it showed me after payment 3 rooms for 3person then I cancelled it on 5th July it was under refund policy but today it's 7th July still i didn't receive any refund from their end now I am travelling o 10th July To akkalkot and I booked the 3rooms for 12700 still i didn't receive the refund and now I want to book another hotel but from were i will book the hotel my money is stuck with agoda please i request,2,0,2026-07-07 14:01:49,14.22.0
5917bd09-5d76-42a0-9453-0add9dae3e1f,Ferry Kurnia,"""Absolute masters of disappearing acts!"" If you love paying for a terrible hotel, not staying there, and watching your money vanish into thin air, this app is an absolute masterpiece! Their customer service has a spectacular talent for completely ignoring customers. Truly a 10/10 experience in how to lose money and get absolutely nothing in return. Highly don't recommend!",1,0,2026-07-07 13:44:28,
7f4d8e0a-0c5f-4ae0-ae72-6f4643738140,Muhammad ameen,don't share my data plz,4,0,2026-07-07 13:17:19,14.23.0
13ed6a08-5dab-47f0-9311-d085f240d16f,Husain,they will not help you get a refund despite having proof that a hotel didnt open their doors to you and get you checked in.,1,0,2026-07-07 06:28:53,14.23.0
ed0eee4d-c528-465e-94b7-f588b58110d5,Adam's Uncle,messages from properties don't always go through. sometimes there are issues with differences in the payment and it's annoying to start talking with customer service every time,2,0,2026-07-07 00:37:02,14.23.0
e2de7ef4-9bee-47c4-a4db-a6f29e68a243,Hasan,"scam garbage service. claimed my booking is confirmed and the hotel had no booking. there is zero support, straight up stole my money",1,0,2026-07-06 23:56:40,14.23.0
7b82340b-7842-4cbb-9abc-024f6bf615cd,Ankita Mishu,"I would not give any star to this ridiculous company. Don't be fooled and book from here. their UX is bad and customer support even worse. They have hidden charges after you goto payment page.If you are stuck and have questions, they redirect you to AI over chat and calls. if you have anything else, urgent or different from their set responses, you are stuck. If you want a refund or wallet money for a booking made by mistake or for a medical emergency they will refuse to refund. Worst company.",1,0,2026-07-06 21:22:05,
727105e5-96d3-4e89-a9f1-71c3c6ff298d,Epson Printer,"DONT USE THIS - The Agoda app charged higher prices than what Agoda lists for the exact same room on Google Maps Agoda listed it at A$31, while the Agoda app showed A$35. After logging out & uninstalling this app, the lower price appeared again. Always compare prices on Google Maps, Use the Agoda website don't login, You will be getting the best deal. I complained many times to Agoda I had enough of these bad business practices & tricking there loyal Diamond customers.",1,0,2026-07-06 20:52:40,
bf43933b-f2dd-4c62-a926-a622c75bb176,Brian Dolan,Do not use this company! Booked a room with them that did not exist. Took a week of talking to AI agents to get it resolved!,1,0,2026-07-06 20:48:46,14.23.0
08fcd198-666c-4307-9e3c-4a04b860a93e,Muhammad Ilyasa,full of scam,1,0,2026-07-06 19:27:46,14.23.0
bbd40789-bb10-4cca-b72b-f90f20f248f1,Ngie Hui Ling,"Beware of Agoda, you will pay different from what you see. i will not book with them any more. No customer support, they just try to fool customer around.",1,0,2026-07-06 19:19:32,14.23.0
f993129a-1f42-4dd5-a392-b8b896e6953b,Deepshikha Negi,"I booked one hotel from this app in Delhi today. That hotel doesn't even exist in reality. When I reached there, they told me there's no such hotel. Full scam going on Agoda. Agoda always upsets.",1,0,2026-07-06 18:49:32,14.19.0
db0f641c-a483-426b-a01c-243aebb301b7,Victor Guo,difficult to pay.,1,0,2026-07-06 12:15:00,14.23.0
7a1a8aa2-377d-4000-8d76-defbec241fc3,David Retor,Do not ever order any airplane ticket from this app. It is a scam.!!!,1,0,2026-07-06 12:12:51,
ee62e0fa-e1f7-49ad-8b3e-765fbaec2ad0,Raffy Tamondong,price should include all including taxes!,4,0,2026-07-06 12:05:45,14.23.0
e87ad9a7-3fc8-4bcf-9d9b-d28dd68a9af9,Koushik Choudhury,"Extremely disappointed with Agoda. I booked a hotel for around ₹2,000, but the booking confirmation email showed almost double the amount without any clear warning. This experience felt misleading and caused unnecessary stress. Please be very careful and check the final amount before confirming your booking. I won't be using Agoda again unless they improve their pricing transparency.",1,3,2026-07-06 09:36:19,14.22.0
f8d0c9e1-8865-45c6-8fac-80ce09134de2,Stephen Marcus,I love Agoda for hotel bookings and have often used it. DO NOT USE THE FLIGHT BOOKING. I just tried the Flight part of the application. There is a big sucking sound. The app wanted to charge me for any changes 1/2 the time and simply did not work the other 1/2 of the time. I don't know who the partner is for the Flights but it is horrid. I went directly to Korean Air airport desk. No hastle. No charges.,2,9,2026-07-06 09:12:16,14.23.0
78d7214b-2056-4484-ac46-deb506b4bdb8,Zaheer,easy to use app great on price,5,0,2026-07-06 04:19:56,14.23.0
d4ca14b3-add3-4a2f-b111-1aaef4c538ec,rao shankar,"just like oyo , now agoda and its hotel tie up acting like. online booking available and after reaching hotel owner says no room available then why on earth its showing it? your travel cost and also if its night you have to compromise with the hotel pricing.",1,1,2026-07-06 03:52:02,
5f66d3e4-fe9c-49b1-98ae-e2e7055328c4,Talha Durrani,one of the worst booking app possible,1,2,2026-07-06 03:49:40,14.23.0
d933813d-32e4-424a-8cca-9ae4ab7d2b21,Odai Abo Areeshah,Customer service are useless,2,1,2026-07-06 01:09:25,
38a40ee4-82f7-4f92-b09a-9de95240c021,Habib Ashik,"The app seems congested and clustered a bit, should work on it.",4,0,2026-07-06 00:23:30,14.23.0
14b2e7ea-7060-4ab0-af14-e06880fc8b0c,عبدالعزيز الشعيبي,"It was the worst experience, I lost my money without getting a hotel reservation.",1,0,2026-07-05 19:11:43,14.23.0
8d36a245-6291-4f39-89d3-21bc6e0f4f34,Yohanes Satria,Penawaran tidak sesuai yg ditampilkan,1,0,2026-07-05 17:09:08,
fc622b1d-ac7c-4c88-b195-ff10f08f8360,Cyntia Putri Agustin,refund saya ga masuk masuk udah 1 bulan lebih,1,0,2026-07-05 14:53:09,
48466fdf-b7e2-4260-a3f9-1debb7605e9e,Halim Kurniawan,this agoda is one of the worst for flight bookings i book a flight for 2 people and get 2 booking codes (for other app we get one coz its same time booking n package) and get seperate sits so far i couldnt see my wife when i stand up n it happens not just once,1,0,2026-07-05 13:28:58,14.23.0
1417a5ad-38e8-40f4-9e1f-5e77879868cf,Rohansh Yadav,nobody book hotel from this app they all are cheater no one can response to you for help boycott this app,1,0,2026-07-05 12:34:04,
3851941d-25db-4a38-8ee6-1e1e7e02445d,Savita Shettigar,"The hotel has denied my check-in because they have no record of my booking from your platform. I had already sent an email on the day this happened but no proper response nor a refund was credited to my account.when I arrived at location and made a call to the hotel staff to check the confirmation of my room, they replied that not rooms were booked by you and no other rooms are available for now. If there was no rooms available then, how could u confirm the booking I need a full refund",1,0,2026-07-05 11:22:56,
cc94b405-4de8-4ca4-ad3d-b56881c9838e,Jye Thn,so far so good,5,0,2026-07-05 11:18:22,14.23.0
789ef94b-7d6a-4d63-affe-3d1eb6cd1394,Rajat Mahanta,I use this aap since last 10 years . but when ever I cancelled my booking the agoda mail that refund successfully but never I got my refund in my account. lastly I hv booked 6th of july swosti grand in bhubaneswar and when I cancelled it shows and reflected cancelled my booking and refund my money but yet not credited my money in my account. So Agoda app froud and scamming with our money . All users we get together and a petition file against Agoda in court . fraud ..scamm,1,0,2026-07-05 11:13:03,14.23.0
67c99d30-a3e1-4642-80c0-e9884a09bce5,Balu Ahire,veri nice app,5,0,2026-07-05 08:29:00,
33e68b03-e3d0-448f-849a-9f1636f67950,waster Sympli,Thank You AGODA,5,0,2026-07-05 04:19:22,14.23.0
912981a8-d942-485a-9ca8-93a3430630c1,LarryL,"have been awaiting for refund since Feb. 1, emails back and forth saying it is in the process til June15 got email says my account got no any records. Checked with Airline that says the refund was completed on April 11, then, on July 1st Agoda says .......",1,0,2026-07-05 01:45:33,14.23.0
aaffd3b9-0f4c-434a-a699-da568ecc5f6c,Morgan Sherer,awful service boardering on criminal,1,0,2026-07-04 23:58:58,14.23.0
c4d382f6-f9bf-491f-b15f-c28e56ea4005,Yaniv G,"i recieved a special coupon of some sort, but it's impossible to use it.",1,0,2026-07-04 21:47:00,14.23.0
606ede4c-a760-4e5e-b1c4-eac4084e7b73,Elaine Elleazar,"The app is not working effectively on my Android phone. I tried troubleshooting it, updating it, opening the location for it, etc. I had no problems when I use Agoda on my browser or desktop, only on the actual app from Playstore.",2,0,2026-07-04 21:08:37,14.23.0
768fb36b-d7d2-44ba-8008-368ddd27afb6,Syz Mob,"screwed up my booking. waiting 45 minutes at reception because they didn't receive the confirmation from Agoda. call agoda but instead of just confirming with the hotel the booking, they are going back and forth with a 'booking partner'. still waiting and can't check in",1,1,2026-07-04 16:48:37,14.23.0
ccfae427-d322-46db-815d-53a517f1d362,YOKESWARAN SAMPATHKUMAR,Very bad application there hosts are not accepting the stay after booking do not instal the application also money is not refunded fully.,1,1,2026-07-04 15:39:12,
f5cd2cd6-2b4f-44f9-b160-0427e6e66891,Rinkiii Bora,pathetic app. i made the payment but shown failed so made a new payment again after then both booking got confirmed. when I tried to cancel they told to contact hotel when I contacted hotel they told to contact agoda . very poor service. donot trust this app it's a fraud please don't go for it. no proper customer support,1,0,2026-07-04 14:16:55,14.23.0
92aeebc9-f774-4746-80a2-ff4e3e31ebd1,Hopp Scotch,"@19usd per night penthouse suite 49th floor with rooftop pool. Uptown, downtown, Kuala Lumpur. Hard to beat.",5,0,2026-07-04 13:36:44,
6fc78481-9497-4f0b-a99c-5a96881e3c55,Clive,"booking tercancel secara sepihak tanpa pemberitahuan, tidak bisa refund, proses refund lama (100 hari) dan harus ditelpon berulang kali (lebih dari 10kali), sangat tidak direkomendasikan",1,0,2026-07-04 12:42:05,
489221a8-8625-4a53-8c8d-b50d31a58720,diki indra,this Travel Apps was Sucks there r so many cases of double booked and its happened to us twice from Agoda and ill uninst this App from all my gadget also in my mind. be carefull of yr booked !!,1,0,2026-07-04 09:12:26,14.19.0
7dfaae2d-1ccd-4870-bb8a-afc2b52242e4,Lawrence Dsouza,"Agoda shows cheap prices to lure customers, but the bookings are not actually confirmed with hotels. Many travelers arrive at the hotel and find this scam as there is no reservation — a complete trap. When you call customer care, they send another “confirmation” link, which is just another scam. Clicking it drains money directly from your bank account. This is not just poor service, it’s fraudulent practice. Avoid Agoda at all costs if you value your money and pe",1,0,2026-07-04 08:48:57,12.44.0
f9dc4736-fcd3-429d-bb75-362b5515268f,Mary Grace Lagarde,"I disappointed with your app. Your app is not consumer friendly, no safety with our money. Your refund system is horrible. You follow the hotel policy which it was absurd!!! Give back my money I dont want to use your app anymore!!!",1,0,2026-07-04 06:55:56,14.22.0
4aa2a93e-0d7e-45f3-b199-f7cc9d33f2a5,Grant Haroway,App filled with really dodgy attempts at behavioural manipulation. Prices are almost always higher than on other apps now.,1,0,2026-07-04 00:57:03,14.23.0
957c5d00-89b2-471f-963c-bcb1fe5a6803,Jahabarali Janaralla,Very good apps i am always using,5,0,2026-07-03 23:58:17,14.22.0
2843830a-a45f-42b9-92ba-49c8deaea802,sameer Khan gohri,horrible experience with agoda hotel phone number was not correct and there is no customer care executive present in agoda to guide at night time,1,0,2026-07-03 23:20:48,14.22.0
09463cdd-4f13-4b32-8fa2-828074ea33aa,Anita Mishra,"I was having great regards earlier for this SINGAPORE based Company AGODA but.... unfortunately....they proved that they are CHEATERS with THREATENING attitude. We booked a room with the help of Agoda, paid fully same time, subsequently keeping mum they send a mail that we are not going to honour the commitment even after getting full amount. Either you cancel the non refundable Booking siting sufficient reasons of cancellation for our PREVIEW to return the amount OR we will cancel your booking",1,1,2026-07-03 21:08:27,14.23.0
b5928fd9-35de-4a83-8caf-9a88edd6562f,S S Mishra,"Cheating Service Provider as far as Hotels Booking concerned. For foreign Hotels Booking they never pay backed as they had confirmed on several occasions. Still I had never complained. But this time, they had forced me to cancel the booking in F Hotel Bangalore after full payment with a coercing attitude. Well, I'm not describing here the way they treated me after taking full payment and confirming the hotel booking here and there but whole episode was very surprising & s Simply DISGUSTING.",1,1,2026-07-03 20:21:19,14.23.0
6d197027-3dbc-4140-99d7-2124f5661e89,chimin fantazier,"the customer service is the worst in the world. the property owner provided a room that doesn't match the picture, promised a refund but never happen. the agoda customer service is just pure rubbish with all the automated reply that never resolve your problem.",1,0,2026-07-03 19:51:57,14.23.0
d30dac50-1d30-4cc5-ace3-8f0cbdddd89e,Suresh Ramalingam,"I kindly request that you refrain from using this application. I have incurred a loss of approximately ₹8000. I canceled my booking, yet I have not received a refund. Additionally, customer service has been unresponsive. Please exercise caution, my dear friends.",1,0,2026-07-03 19:05:40,14.15.0
0898cf6d-c9b8-44a5-8db1-01f684305a8e,Gayathri Rajeev,"I had a disappointing experience with Agoda. My booking was marked as confirmed, and I even received a confirmation email from Agoda. However, when checked at the property, they had no record of my reservation. This caused unnecessary stress, wasted time, and uncertainty during my trip. A booking confirmation should mean the reservation has been successfully communicated to the property. Agoda needs to improve its booking confirmation process and customer support to prevent such situations.",1,12,2026-07-03 17:33:10,14.22.0
8096ca60-d70d-413d-8368-0e280c853d28,Sidharth R,"worst app ever, You just book but the hotel won't receive any booking , they promise refund but you will never receive",1,1,2026-07-03 15:31:05,14.21.0
a8481f25-bd84-4b2d-875e-2c63e50c2e83,Jayakrishnan Ap,"⭐ 1 Star – Worst Booking Experience I had a confirmed and fully prepaid Agoda booking at Holiday Residency, Coimbatore. When I arrived with my family and luggage, the hotel refused to honor my Agoda reservation and told me they were not accepting Agoda bookings. I was asked to contact Agoda instead. Despite having a valid confirmed booking, I was not given a room and did not receive an immediate accommodation solution. My family and I were left stranded after our cab had already left, causing",1,1,2026-07-03 14:02:05,13.47.0
9d649b3e-380e-4d72-8a3d-260b58a27fb4,Steffi Rodrigo,Agoda app is a total fraud. The application is scamming by not providing the correct details even though our search was right. They are making us to pay extra while we arrive at the resort by stating the amount charged is for one adult only and have to pay extra for another adult upon arrival. Completely disappointed. They are refusing to accept their fault and provide a refund.,1,1,2026-07-03 12:30:51,
7da4de5e-afca-4ad5-ac61-b77c9c71c5cb,Devendra Singh,"very pathetic service i booked a hotel by mistaken and then i tried to cancel it, it shows no cancellation allowed then i sent several emails you guys are not responding what kind of services you are giving my money is stuck now i unable to connect with you everytime i tried to call it didn't picked up or by any chance it picked up then nobody speak how can i get my money back you wasted by 2000 rupees, see i want my money back check my calls and emails otherwise i file a complain against you.",1,1,2026-07-03 09:43:25,
6e5d1d4b-3bb8-4e08-91f8-a8f2b39e0090,annas fadhillah,Saya pesan kamar deluxe tapi dapat nya lite di hotel tychi. Kompensasi cuma dalam agoda cash tidak dapat dicairkan dalam uang,1,0,2026-07-03 09:30:26,14.22.0
edf1e3d0-06fb-4b87-99be-d657bebefe8c,J X,"Basically a scam, don't trust their policy or customer service",1,1,2026-07-03 08:38:02,
86adb94b-5ff5-4e77-8e84-6397abfc8306,Erwin Sumang,Their listings include establishments that are not in any way connected to Agoda. The hotel will not accept/honor the booking done through Agoda.,1,1,2026-07-03 03:55:35,14.22.0
9f476e69-3655-4e7d-806f-1c094e31d359,Darren Sicat,"I booked the hotel, but Agoda canceled my reservation even though it was before the cancellation deadline.",1,1,2026-07-03 00:03:26,14.23.0
a213ead2-f161-4875-a569-7c51f50622e7,Dennis Lee,professional marketing and good price with excellent quality services.,5,0,2026-07-02 20:35:49,14.23.0
244ba21a-99a5-4ceb-87b8-4a2d6143d295,Prasad Boga,"I tried booking this hotel for 28 June, but because the hotel blocked bookings for a week, the date changed automatically to 4 July without any clear warning. I noticed only after payment and immediately contacted the hotel. They advised me to cancel, saying I'd get a refund. After 48 hours my request was denied as non-refundable, and the final cancellation gave ₹0 refund. I couldn't find proper Agoda support. This was a very disappointing and frustrating experience.",1,6,2026-07-02 19:45:40,
f2b555fe-56f5-4a46-92fc-c102fe8bf106,Mahendra das,"I have booked an AC room in a Homestay. However, the owner has called me up saying that it was a non AC room and I would need to pay extra Rs 700/- for availing AC facility. I checked later on in the booking, AC service was not mentioned in it. However, I have clarified earlier asking about the availability of AC, it was confirmed to me that it is an AC Room. Why this kind of playing with customers? Is the owner wrong or the Agoda?",1,1,2026-07-02 15:47:04,14.22.0
a87f5df3-d2fd-4a4c-8639-14d561c0d3f9,Hotel AVIRAJ NIVAS,fraud hai customer care number,1,0,2026-07-02 11:32:36,
cced7870-50a0-4bbb-8465-a5bb95e58c73,Sakil Sk,Agoda:Book Hot very good app,5,0,2026-07-02 06:42:28,
b82efb80-815a-4ff4-b6f9-fcecc682184e,Amanda Schoeman,Booked property.Got there just to be told they don't work with Agoda anymore(for more than a year)We were 2 women stranded without a place to stay.App is unreliable. Will book through the apps I know and trust.Uninstalling immediately!!!!!,1,1,2026-07-01 23:01:33,14.22.0
692cbb51-256b-4fe2-b808-9002fb9a4528,JAMIRUL HOQUE JAMIRUL HOQUE,best apps and other countries to me at the end of the day,5,0,2026-07-01 21:37:07,14.23.0
04dc34ed-2fb7-46dc-bdf5-c3a4b7d5a6b6,Anish Pungliya,Worst App for booking hotels..... always show the wrong prices and discounts and then the hotels don't accept the booking.... My bookings have cancelled at three times even after booking confirmation through mail. We don't even get the confirmation by hotel about the booking is confirmed or not. You don't even get compensation after reaching the hotel and getting the booking cancelled even though they told that you will get compensation to 20%. Didn't get any mail or even any update.,1,2,2026-07-01 19:19:13,14.23.0
74234977-3865-4fc1-aca6-96a8ead731cf,pavankumar palla,Don't ever book from agoda.. I booked a hotel and hotel have rejected my booking and the agoda doesn't have any customer care number to talk.. and finally got to a chat with customer care after 2 hours of searching .. and they will just say we will just refund your amount and no other option being provided.. after going to hotel and wasting for lot of time trying to contact this customer care and they didn't provide any alternative option ..,1,4,2026-07-01 18:32:51,14.22.0
78c10c45-0822-4ab0-a008-7baf7f3e9e10,Kumar M,"My children are big thieves. When booking a hotel, they show the hotel's reviews and location as being very close and good. When we go to the hotel after booking, we realize that they are big thieves. If we like the hotel, they don't show this while booking. They show it after booking. I didn't like the hotel, so trying to refund the cash will be of no use. The customer service only speaks English. There is no other language. Please don't use this. They cheat a lot. ದೂಡ್ಡ ಸೂಳೆ ಮಕ್ಕಳು ಇವರುಗಳು",1,3,2026-07-01 18:02:06,14.23.0
5df3e308-3cac-4c8b-8e08-38f4b3e57671,Ankit S,never once I get a decent hotel by this app and always money has wasted. never use it. they make you pay in advance and then they don't return it back even if you don't like the hotel when visit it.,1,1,2026-07-01 17:44:00,
f188c264-bc0f-4be3-8782-9165374e2b7b,Abbas Jan,I got offered a $31 discount on Agoda for my flight to Bangkok but once the booking confirmed they charged me $15 over and on the invoice I got only $16 discount instead of $31 and I tried to reach the customer service only AI no human services available I will delete my account for sure and never will use it again,1,1,2026-07-01 17:01:51,14.22.0
b92b461e-782a-4927-96ca-452ce116a522,Polly Pham,"SUCKS big time. i cannot access the cashback rewards page, despite numerous times signing in and out and million otp keyins. its funny the only way to get your earned cashback is to claim on the app (the webpage asks you to do claim on the app). why not let us claim from the web-based version already??",1,2,2026-07-01 15:19:02,14.23.0
49f208f4-4dec-4981-ba5b-332841990714,Yin Lok Wong,"This app cancels your booking on the last minute without any prior notice. It leaves you helpless at your destination and ruins you holiday. There are just too many apps out there for booking flights and hotels that I would advise anyone to stay away from this app. P.S. I have had a long conversation with their support regarding my sudden booking cancellation, and they basically said ""this can happen at times"" and refuse to provide any help/compensation.",1,8,2026-07-01 15:19:00,14.22.0
44d92ec4-36a4-4099-b896-5154dfee644d,Mylapilli Naveen,"i was using this application from last 5 years. i was so good at the beginning but recently from my last 4 booking i am facing lot of issues. when i am trying to check in, the property is not allowing me, giving the reason that AGODA is not paying us. so we will not allow agoda customers. customer support is also bad. everything is AI support. it keeps on sending repeated messages which are not at all useful for us.",1,1,2026-07-01 10:43:03,
5b3388e3-f8f0-461b-8488-33e619937d6d,Jake Markiewicz,"Booked a hotel for one night and the confirmation showed the wrong night. Also paid for ""express check in"" which is apparently meaningless jargon, because our check in was anything but quick and easy. Contacted customer service to dispute the incorrect confirmation and was charged for the night anyway without a refund. Had to book another hotel in the middle of the night, obviously not with this useless app",1,2,2026-07-01 08:21:43,
00fdc2da-fbaf-43de-b26c-6480e9ae574c,Ruthel Crawford,"I recommend you dont use this app for big transactions or dont use this at all. i have been using agoda for a long time. it has happened twice that i booked a hotel and by chance, found out, they are not in business with agoda anymore. the first one took a while to refund. update: still no refund for the second one because Agoda would not accomodate even though the problen is all caused by them.",1,1,2026-07-01 08:08:07,
d55c6a85-7b49-4c03-a2d2-f8adafb6620d,Rajan Kumar,PROPERTY BOOK HOKE PAYMENT BHI LELI BUT PLACE MEI APHINCHE TO VAHAN PROPERTY THI HI NAHI. PAYMENT Bhi refund nai hui agoda hotels ke naam pe logobke sath fraud karte hai avoid booking by Agoda,1,0,2026-07-01 06:57:08,14.22.0
3c0ff6ec-ad51-4a54-87bd-04640b42954a,Sameer Ekka,"believe me, Not to Install this Scam agoda.. too too disappointed. never ever instal this.. no customer support , no update, no Real prices.. totally scam..",1,0,2026-06-30 21:04:31,
105891b5-dbd7-4ab3-bc76-8b24088f68bf,Vijay Patel,"""I am extremely disappointed with Agoda's services. I made an advance booking at the Geetanjali Hotel in Mount Abu, but when I arrived, I found out the booking had been cancelled. Neither the hotel had cancelled it, nor is Agoda providing clear information. I faced a lot of trouble on the spot, and now I'm being told it will take 30 days to get a refund. ""Never book hotels with Agoda, it's a total scam.""",1,1,2026-06-30 19:37:03,14.22.0
fc0a0bfc-7e4b-47a5-8cf2-314689eeae46,Greg,"App so annoying. Why can't Agora i save a hotel to favorites. i don't wabt to save a trip! Also says pets allowed, but the hotel doesn't allow pets! Waste of time and money.",1,2,2026-06-30 17:41:28,14.22.0
66a86ce9-0692-47ee-856f-ccf0a42e94c3,Vinay Thakur,2 kodi ka app fraud hotel hai sare isme to worst service.,1,0,2026-06-30 17:30:58,14.0.0
8dbdeb11-6344-46b8-a646-30be47e584bc,Doshi Niket,"Pathetic application, not user friendly, and does not hear to your complaint, updates resort photos from AI , not sharing fact features of hotel or resort.",2,0,2026-06-30 16:16:24,14.22.0
3d42f328-bab3-4d98-917d-082072e3c5e2,Robert Jordan,"Rubbish, only customer service is this Rubbish called AI and in the meantime they get away with selling misleading vouchers and losing cancellation monies. Looking elsewhere for next trip...",1,0,2026-06-30 15:56:12,13.17.0
72eedf08-6c0c-4bb5-8e46-8ce22c15e80c,carlo ellana,"not recommended for company travel, they unable to issue invoice. i already called you cannot do anything about it. i think im gonna report this to BIR its illegal to not provide an invoice.",1,0,2026-06-30 13:23:04,14.22.0
adb93f55-59f2-49d3-bce7-8983bafa4927,harsh vakani,"I'm very disappointed with this app I'm book hotel with agoda bt they froad with me and now they not refund my money or not settled my things it's totally mentally harassment with the me I'm so tired with this app, and costumer service also totally poor",1,0,2026-06-30 11:16:03,1.0
bb7f8cc1-b76f-449c-afec-5d62c7a2fba5,Curtis Green,"agoda has taken my $40 will not return it! I't I am dISGUSTED AND DISSATISFIED WITH SERVICe. how do I pay for a room, receive a confi, receive a booking give me a number to call that no one answers, and will not give me my $40 back. I need answers and I need them right now! I need my money back or I need it on credit right now? as a result of booking the room and now being turned away telling me that they no longer have a room for me. I wish I could give -5 Stars",1,0,2026-06-30 10:55:43,14.22.0
0e6207c4-bf8a-46d9-b417-2f5d06570e4c,Ramesh Sirvi,"we booked a Room for the night through Online but the date was automatically changed to the next day when we went to the hotel room the receptionist told the same and asked to pay the full amount for the night ,when we have. already paid the amount for the night through online why should we be charged again for the Technical Glitch and Hotel Receptionist was very rood and told us to leave immediately after we started to convince him .we called the support team of agoda but they were also unable",1,1,2026-06-30 10:26:45,14.22.0
d2a351f5-6ea5-4d88-898e-afeac91f5989,main uddin,agooda better policy.i like,5,0,2026-06-30 05:26:45,14.21.0
061f4ec3-8e8c-430d-ad03-1bb358f67564,myshkin manra,"Our stay at Arawana Regency Park Sukhumvit was extremely disappointing due to poor maintenance, inadequate service, and an overall lack of hospitality. The rooms were old, shabby, and poorly maintained, with leakage issues, damaged fittings, and an unpleasant ambience. The bathroom drainage was inadequate, causing water accumulation and creating a slippery and unsafe condition. What was most disappointing was the attitude of the reception staff. Despite raising concerns request were ignored",1,0,2026-06-29 22:35:52,
96a5ae87-adae-4a65-ace6-56ececadfdcb,Sandeep Kumar,"This room is completely different from the one we saw advertised on the Agoda app. This is a bad room. From today, I will not book any room from the Agoda app, nor will I recommend it to anyone I know.",1,0,2026-06-29 21:26:08,14.22.0
bdd53c50-e9d4-48e2-be10-3131dd8494ed,Aruna Vakani,very very bad experience with agoda apps very disappointed i never recommend any other person,1,0,2026-06-29 20:02:02,14.22.0
678f5509-6a17-4e5c-b01e-eb93e93d87ac,Namrata Butani,this is all fake price showing app they're showing different price n final price is dubble or triple,1,1,2026-06-29 18:25:57,
eef8020b-6744-437f-adab-733a56822a71,bhagyashree rane,"Very disappointing experience. The property was shown as available on Agoda, and my booking was confirmed. Later, the owner cancelled it, claiming the property was unavailable. This caused unnecessary inconvenience, and my money remained blocked until the refund process. Agoda should ensure property availability and facility details are kept updated to avoid such last-minute cancellations and inconvenience to customers.",1,0,2026-06-29 17:16:22,
3c9a93cb-770c-40a5-94f0-0096f2db5762,M SUKUMARAN,"i booked room this platform, my situation want to cancel my booking. still not get my money. this is the quality service",1,1,2026-06-29 16:37:22,
0014894e-7235-4784-97b4-379f5856747a,john melecio ventura morera,best of the best,5,0,2026-06-29 14:48:59,14.22.0
c805c87a-b6e5-404e-8148-6e49f3e8c3a1,Nicholas Blount,easy to use and always has the best deals I've been using it for a while now,5,0,2026-06-29 14:35:40,14.21.0
41b1f279-7e84-4c1e-9f76-83e139c68942,Mohammad Tanvir Mahmud Habib,"I booked a plane ticket. It changed the schedule itself. Later, the refused to changed it back as I did not take screenshot. How was I supposed to know that they will change the timing after confirming the ticket?",1,1,2026-06-29 12:56:00,14.22.0
05570cb3-f35e-40b8-b32d-aa1f5e889f80,febin francis,does not allow genuine review in their app for their resorts and stay. The photos in the app are misleading.,2,0,2026-06-29 11:42:49,
3c322f85-9442-4d4c-b3d1-20ec9ffe5d26,Gabriel Tudor,Best prices for Asia,5,1,2026-06-29 02:24:30,14.22.0
6d1ce11d-ea7e-4ff1-a3e7-0f1b357ea9c8,indranil biswas,utter nonsense customer care and an app 💩,1,0,2026-06-29 00:40:42,14.22.0
39d39bc3-f7d3-4269-ba6d-bf45b7eecdb9,Marjorie Ackerman,"I LOVE BOOKING WITH AGODA, SO NICE PEOPLE IF THERE IS AN ISSUE WITH THE PROPERTY",5,1,2026-06-29 00:29:35,14.22.0
20a5467c-3721-4668-b977-777dba27e072,José Hernández,"Agoda is an easy site to use, and I can always find great deals. I've been using it for years. 🍺😎👍",5,0,2026-06-29 00:04:02,14.22.0
4954161a-fbd1-4a86-a15a-fc1d4abcbcba,Leo Joseph,"The worst company, not even basic ethics, travelled around 800 kms just to find that the hotel is not booked after paying the booking amount, very bad experience, do not use agoda",1,0,2026-06-28 22:58:08,14.22.0
9a410dc4-2b0f-4897-8f3f-288d0827263a,Anshul Panicker,"The low prices are a bait to sell bookings for hotels that never match the quality standards, pristine photos and claimed amenities in the app listing. Never re-installing this app again.",1,0,2026-06-28 21:01:55,14.22.0
ee3623b6-654e-47d7-877a-6f17c6d63d3e,Phakhun Wongmahapaul,"paid for hotel, the app canceled ( give back as credit and not cash ) => increased the price by 50% ☺️",1,0,2026-06-28 20:43:26,14.22.0
35bdbaec-49f1-4667-8b6c-85a5c2ce3527,Alibek Shudabai,"scam app. it never shows real price, but wastes your time. then ""extra charges"" out of nothing",1,0,2026-06-28 20:03:30,
bbc517d9-5cd4-4740-adc4-3560073bc713,Svilen Tsvetkov,Harshit made my customer support experience bad. The app is okay overall,2,0,2026-06-28 19:28:58,
db11b166-c721-4f7a-9486-4728a9c4ba96,Akash Srivastava,"I had a confirmed booking through Agoda, but two days before my trip, I called the property to confirm my stay. To my surprise, the property owner informed me that they were already sold out and could not accommodate my booking. What I don't understand is why neither the property nor Agoda informed me in advance. If I hadn't called, I could have traveled all the way to the resort only to find that I had nowhere to stay. This would have resulted in unnecessary travel, wasted time, and significan",1,10,2026-06-28 19:23:47,14.21.0
5d9e9011-cf21-4b95-af6e-fc77a009b04f,Jaspreet Singh,one of the worst app this app don't show the property tax and show the fare without taxes.,1,1,2026-06-28 17:06:44,14.22.0
92f8a51a-cebc-4ce5-be69-56cb60981ad4,TAX IN INDIA SUKANTA MUKHERJEE,booking not confirm from hotel but agoda still show booking is confirmed.. refund related issues.,1,0,2026-06-28 13:07:25,14.22.0
dcb2cb61-3eb3-4792-9406-48401f175595,mahesh mohan,Please don't book from Agoda..Have lots of bugs in the application. Basically you will be cheated and lose money. You won't get any support there.,1,0,2026-06-28 12:41:59,
09328c33-f4c0-4317-b828-66614e51edaf,Arthur Waide,I have reserved a few hotels through Agoda and even though I enjoy the website I certainly don't like being notified 10 times within a 2 hour time period that my room will be ready at 2 pm. Agoda I'm not an idiot I know what time my booking is so could you please stop 🛑 sending notifications. Remember to I'm the person who made the reservation,2,0,2026-06-28 12:11:38,14.22.0
11110aba-fe27-45e2-9b74-fdb94152daeb,Prashanth Kuruvatti,I booked a hotel through agoda and also paid in advance. The hotel denied entry upon arrival and told that the rooms are fully sold out. Agoda customer support didn’t do much but just said they will process my booked amount. But I couldn’t got hotel anywhere and had to book and come back to home with my family include 2 years kid this happens for me 2nd time and for my frds also. please don't trust this app.,1,0,2026-06-28 08:43:43,
5328c8c9-2c20-4dae-96cf-5e9e7f640bd7,Venfil Sismar,please regarding my booking i paid already only i need to change date.. its about 450 riyals but only that issue change date,1,0,2026-06-28 08:26:37,14.22.0
c1ef6a7f-d845-42b5-85e7-b5a95348b92b,Annur Baiduri Amat Jamrin,"Bad service, customer service doesn't helping at all. Very terrible",1,0,2026-06-28 08:00:05,14.22.0
abef202a-a9ef-44f1-b0e8-0290b316207c,rohit raghav,"I booked Hotel East Residency through ""Agoda"" based on the facilities shown online, including a swimming pool, gym, fridge, welcome drink, breakfast, lunch, and dinner. After arriving at the hotel, I was extremely disappointed. None of these facilities were available — no swimming pool, no gym, no fridge, and none of the promised services were provided. The actual property looked completely different from the photos shown online.",1,2,2026-06-27 22:26:49,14.21.0
446acf1e-9cce-4882-9e7a-5c41aa87cada,Nibrasul Haque,"I booked a hotel using Agoda with breakfast included. But when I reached the hotel for my exam in Tamil Nadu, the hotel staff denied breakfast and said Agoda booking doesn’t include it. I had to face this issue during exam time which caused a lot of stress. Agoda shows breakfast included in the app but the hotel refuses at check-in. There is no proper coordination between Agoda and the hotel. I wasted time and money. Agoda customer service should fix this problem and verify with hotels too.",1,4,2026-06-27 22:15:02,14.22.0
cf5a309e-21e4-48de-870d-6840e33125b3,Raissa Maringka,"parah banget app ini ganti ganti pesanan orang seenaknya. pesan double bed, masuk voucher di property twin bed. mana kata receptionistnya sering kejadian. benerin tuh manajemennya kalian, ngerugiin orang",1,0,2026-06-27 21:21:33,14.22.0
dbeffc50-1eef-4617-88e5-9edb867a87a1,Ayesha Sayyed,worst app 😭 i regret to install this app i was booked a room on hotel payment i was paid but hotel management was refused to booking was not acceptable on there website and I was contacted with App but Agoda customer care was worst my refund not received and they are not available to contact this experience was worst i just hate agoda,1,0,2026-06-27 20:57:30,14.22.0
9e16bfbd-346c-4b6b-a842-a0311d5655ae,Ham Lover,"this app is a disaster and disappointment. the honesty and customer service is terrible and unhelpful in extreme cases. it's like having an auto generated message from customer service answering everything in a very messy and unorganized way. I highly would not recommend this app for any reason. Also, their pricing details are not accurate, and did not take care of customers very well.",1,0,2026-06-27 20:00:08,
0733a817-f0e9-417e-b354-e140550a062e,Vidhya Raman,They mentioned a specific date for cancellation and even though we cancelled before the mentioned date they denied a refund. They are charging us for the faulty cancellation date on their app. And customer service is pathetic even without resolution they'll close the ticket.,1,0,2026-06-27 18:09:57,14.22.0
3676f5f2-e15a-4e58-9442-df1814c39800,Rajput Vansh,very bed experience with child age policy,1,0,2026-06-27 17:34:56,14.22.0
d4a31956-d1c3-4689-a447-11617e295f95,Debojit Dhar,it buffers too much,2,0,2026-06-27 15:12:43,14.21.0
21089085-0a6c-40cd-865e-a8ab6767ac23,Ferry Gustian,"disappointed, tidak bisa mengakomodir keluhan pelanggang, sungguh buat kecewa",1,1,2026-06-27 14:29:29,14.21.0
cb104e65-17fd-483f-a05f-ed84db5346f6,Dan Clarke,"Made a booking for 29 to 30 June in error, should have been July. Tried to amend immediately, not possible. Contacted hotel, they directed me back to Agoda. Tried altering the booking as the hotel allows this and request was declined as there is no availability, even though there is. Under a new booking I booked the dates I required for July through Agoda for the same hotel who weirdly did have availability despite Agoda telling me they did not. Frustrating!!",3,8,2026-06-27 13:37:41,14.22.0
243f6abc-8be2-4592-b181-6f7513f701a8,SimonLLoyd Strydom,unable to add baggage to flights. final charged price on flights was way more than shown. support unhelpful,1,0,2026-06-27 06:25:19,14.22.0
dc85f244-1713-44ef-80a8-5fb3eafdcb7e,Jerry Mekonnen,"I am very disappointed with this app. When I booked a hotel and got there, it didn't have AC and I didn't stay there. Even after talking to Agoda, they couldn't refund my money.",1,0,2026-06-27 01:29:32,
36b5bb58-61d7-49f4-9b88-cb3575782f24,sangram pradhan,this a completely looting aap..agoda is a cheater company..don't download it,1,0,2026-06-27 00:03:51,14.22.0
25d359ff-5eae-4844-9e26-fad4eebaf31d,Shobit Gupta,"Pathetic experience When we called hotel prime stay contact through a contact number given on booking voucher, they said to come some banquet hall. When we reached there and checked room, there was no electricity and no water. How can we stay at such location ? It seems like the property doesn't exists and the contact person send me to some other property with no electricity and no water. On asking for refund from them, they asked me to cancel from agoda. Please look into this.",1,0,2026-06-26 23:23:25,14.21.0
6994df0f-0547-46aa-94d1-45636a6e71fd,Mohamed Al-Katheeri,agoda hotel reviews is not trustable any more some dirty hotel got 7 of 10 while others like booking shows the reality. i got trapped twice by agoda review results into bad staying experience,1,0,2026-06-26 21:15:06,14.21.0
a2c6d590-bcef-4eef-b643-2a794f083fd4,Abe T,apps to book rooms is very convenient but the account security is very concerning.,1,0,2026-06-26 19:48:47,14.22.0
b714697b-a0cc-4cf3-8a26-757610ca8c6a,Jessie Aileen,"careful on booking more using this app. i've used this app as my main booking apps for accommodations. i've attained platinum status. My partner on her agoda account, only bronze status. but when we search using two different account for the same hotel, same room type and same date, bronze status shows much much lower price than platinum status. seems like the higher VIP status you got, the more expensive they will offer you. very bad. highly not recommend.",1,2,2026-06-26 19:15:47,14.22.0
df119b5d-acfa-480e-aea0-8e2273df552b,paula sucks,horrible... it is a scam on the offers... i applied 3 coupons....and download the app for 10%discount on 1st purchase.. tourned out not only the accommodation was cheaer on their website but also on partner websites i probably cant mentione here and i had to coupons no discounts still was cheaper...,1,0,2026-06-26 18:17:03,
46fb4f09-e153-4363-9b55-5153499a9599,Kiên Phạm,"Tôi đặt phòng qua Agoda ngày 17/2/2024, thanh toán đầy đủ và sau hơn 300km chúng tôi đến nơi vào lúc khoảng 20h khách sạn báo hết phòng, giữa rừng ban đêm chúng tôi lại đi vài chục km để tìm chỗ lưu trú khác, quá mệt mỏi.. Tôi đã email với với Agoda theo confirm booking cũng rất nhiều lần nhưng đến nay đã hơn 2 năm trôi qua tôi vẫn chưa nhận được khoản tiền Agoda phải trả lại cho tôi. Agoda chỉ phản hồi tôi bằng các email tự động, chẳng lẽ tôi tiếp tục tranh cãi với các email tự động này???",1,0,2026-06-26 17:55:51,
d67d5f59-5ddd-45cd-a3bd-6d0681b58450,Tom Brockington,such an ugly app,2,0,2026-06-26 16:48:02,14.22.0
e20e299f-a638-4a52-8332-e651efa19afb,ajin tg,my hotel booking is cancelled on two days ago but my refund amount not received. they are saying one month make my trip just five minutes,1,0,2026-06-26 15:03:50,14.1.0
fd7360be-a1a0-44d1-936a-38247fa37d66,Malhar Vala,"very bad app , booking confirmed on app and when arrived at location no room available, bad service, no customer support, 😑.",1,0,2026-06-26 14:13:35,
93ae4ede-2c2c-4b9e-8384-31b89bc04140,Krishh Gupta,better hotel prices than any other website out there.,5,0,2026-06-26 13:50:48,14.22.0
8d2cd982-7768-48f6-b966-156e48a73912,Rohan Ranga,"I booked a hotel from this site and paid all booking fees. Afterward, they called me, saying that the hotel booking was not confirmed and that I could either get a refund or take an alternate hotel. They were showing very cheap hotels. I had already completed all my flight and train ticket bookings, so this was very bad for me. I recommend not booking from this website; this is the second time this has happened with this app I haven't received the refund yet.",1,15,2026-06-26 12:54:00,14.21.0
1ec81699-126a-4e54-8f4a-4c28ca335350,MANOJ KUMAR NAHAR,Loyal & superb App!,5,0,2026-06-26 12:05:46,14.21.0
5f829026-7735-402c-aa3c-68c3a1af6faa,SHYAM SINGH ROY SHYAM SINGH ROY,very good best more first better app,5,1,2026-06-26 11:37:21,14.21.0
137430c9-a93a-47f3-bcbf-b55d94b2bc94,Aiman Rusyaidi,"The interface itself is a problem especially for mobile users. UI design are not friendly and adjusting the photo deleting and reupload itself are frustrating due to same picture but not shown in the listing as a customer pov. As a first time host, this is quite a terrible experience to setup even using YCS still terrible and give me a headache. Lots of restrictions. really a bad experience.",1,0,2026-06-26 10:05:39,14.21.0
3808ee5f-ca09-43f7-9dc1-bd19129d8a34,parth lad,"Never use agoda for hotel booking. they will never share the booking invoice. they just send receipt. and if you get the invoice from the hotel then you will get amount difference. there is no customer care number also so if you need any help then you can contact no one, if you send a mail then no response on mail. Make my trip and other application much better than agoda.",1,4,2026-06-26 10:05:01,14.21.0
381c482d-0d0e-4821-8a38-215ce8d5295f,Marie Braden,"they are not in favor of the guest, but are always in favor of the host. Even when the host are clearly in the wrong! They allow the host to take your money even if the facility has rats or give false information about the facility to bring in guests. Basically scamming the guest for money! as long as Agoda gets their cut, they don't care about you as the guest",1,2,2026-06-26 08:15:30,14.22.0
9b319794-cb0f-4af2-9147-efcbd57ec5c8,naveen s,"Do not trust this app with your bookings. I had to cancel/modify a booking that was eligible for a refund, but Agoda has completely ghosted me on the payout. Their customer care gives nothing but automated responses and empty promises. It is impossible to get a straight answer or a real human to resolve the issue. Save yourself the stress and book directly or use a better platform. This app is 100% Fraud if u try to call customer care that number is connect to Fraud persons directly...",1,2,2026-06-25 22:33:23,14.22.0
bbe70318-595d-455c-bfbf-71f97d606c5c,Shilka Sheljan,agoda doest update the hotels booking properly and experience with agoda horrible. please dont book through agoda,1,0,2026-06-25 20:17:23,14.22.0
4d970a62-ff97-4e8e-a458-18f0c03d3949,Rohit Raj,worse app ever. their cancellation policy is worse,1,0,2026-06-25 20:06:36,14.21.0
c124bad4-b8ad-41da-9ec7-fb9d6a0dc334,EJ Darren Fisaret,bad experience in agoda app. better to use other app. please do not use agoda for your trips. its a wastw of time and money. i booked a hotel. and when i get there. theres no room for me. and agoda cant find a room for me.,1,0,2026-06-25 19:55:05,14.19.0
896698ed-3e4e-48d4-8f34-30d41ee2ad3d,PRASHANTH THANDALAM VASUDEVAN,add more features,1,0,2026-06-25 18:49:42,
dc16ca46-a84d-4430-9d13-76eae8fe4e4c,Theo Black,They gave me a wrong type of room but at least they still gave me the solution.,5,0,2026-06-25 17:49:00,14.22.0
3fb70069-83b4-496a-8357-c89e0face8ba,DIDI SULISTIAWAN,"ketersediaan room tidak valid, kalau memang sudah full bagusnya tidak perlu ditampilkan dalam hasil pencarian, ini sangat menyita waktu",1,1,2026-06-25 16:44:17,14.21.0
02290216-d2da-4aa6-8b19-42ceddc46e53,Ashish kumar Ekka,"cheat and cheap service! when I booked and made payment for a hotel that time they gave a different deal, when I reach hotel they told me diffrent. so that time I tried to reach agoda CC, but only got repeated answers from ai generated chat bot. I will never ever make any booking from this app again.",1,0,2026-06-25 14:48:08,
919998c1-f8a8-4872-9f4b-949909b22adb,Ashish,fake photos in listings. so bad customer care they don't even reply. i will never in my life book from agoda. and will suggest others to do the same.,1,0,2026-06-25 12:58:16,
6a22fde7-e9eb-4f62-bb5a-cf8c5cce3ccd,Dea Natalia,"pesan hotel deluxe room tapi yang masuk ke sistem hotel malah yg superior room (lebih murah), pake third party lagi (klik and book). Korupsi anjir. Udah sengaja bayar lebih mahal malah yg di pilih kamar yg lebih murah. Pelajaran gak akan lagi pesen lewat agoda. langsung book di wesbite hotel aja, udah lebih murah.",1,0,2026-06-25 12:16:34,
a37d05a8-2101-47dd-bb80-5ea367bfd95a,Reni Octari,"Saya lg jln2 ke KL 5 hr. Di hari kedua dsana, Tiba2 tiket pulang saya dibatalkan sepihak. Kebayang donk pesen tiket pulang H-3 harganya gmn. Naik 3x lipat dan dr agoda ga ada bantuan sm sekali. Bahkan refund pun makan wktu 3 bulan. Call center nelp pun nyelekit smp blg 'ya ga mgkn saya bikin pesawat yg ga ada tiba2 terbang bu' pdhl saya udah mohon2 bantuin cari psawat lain yg penting saya plg.. Saya lg di negara org lho. Hancur bgt semua perjalanan kami kmrn.. PERTAMA KALI PAKE AGD, MENGECEWAKAN",1,0,2026-06-25 09:17:08,
c47db58a-c720-4330-945f-5f110ff4b019,Daniel I,"worst customer support, u will be stranded in cities with their poor quality hotels",1,0,2026-06-25 08:32:19,14.22.0
cd3724a1-4352-4938-a02e-7f84eddc1a4c,سلطان الرويلي,سيئ جدا سياسة صعبة غالبا ما فيه الغاء مجاني واذا فيه لازم الغاء قبل السكن بيومين صراحة بوكنق افضل بكثير ويعطيك سعر مغري لكن فيه ضرائب توصلك لسعر التطبيقات الثانية يفتقد المرونة صراحة,1,0,2026-06-25 08:00:25,14.21.0
ca765027-b50e-41d3-9b71-142e708ba7a9,Ema Sucitra,"Very disappointing experience with Agoda. I booked a property in Kuta and later found out the property claimed it was a pricing mistake, asking for an extra IDR 250,000/night. I refused and requested cancellation. Agoda asked me to wait 24–48 hours, but after almost a week of repeated follow-ups, there was still no resolution. Agoda kept saying they were waiting for the property's response. Poor customer support and no clear protection for customers.",2,0,2026-06-25 07:09:12,14.21.0
46ae43f0-ea86-4ad6-89cc-62350b715bc9,Cassandra Gray,love the rooms and discretion,5,0,2026-06-25 05:54:12,14.21.0
004fcd57-94e8-4164-926f-5de485349fb9,Vamshee Reddy,"We had a function and booked 10 rooms in Saaradhi grand hotel through Agoda in 3 different bookings. When my guests came for check in the hotel management said no rooms booked from agoda even we shared all emails. Agoda team talked to hotel but no use. There is rooms available but from agoda not booked,after discussion with hotel. Hence we booked offline same 10 rooms with high price. I would recommend don't trust Agoda since they were not able to handle even there was rooms. Seems it is a scam.",1,2,2026-06-25 05:22:58,14.21.0
e2af9d4e-02d8-4ad8-9f51-b11cf87b65c4,Amy Cothron,"if the hotel is fine with changing a booking, and a customer wants a change, agoda thinks it still shouldn't happen, because they say so. you can't submit it, but that's what the hotel needs, so you just lose your money. don't worry though, agoda still gets their cut of course.",1,2,2026-06-25 02:09:28,14.21.0
159adfbf-8d0d-465d-b2d0-0aec5fd10a40,Nay ZawTun,really nice app,5,0,2026-06-25 02:07:03,14.22.0
5f84ecf2-d9a9-4142-a103-aaa670bd4a1e,Benjamin RANKIN,"never ever list your property with them as they will do everything they can to not delete, even if the images and prices are decades old.",1,0,2026-06-25 01:35:14,14.21.0
5c575533-3c60-47ed-8c14-2639e087fdeb,Abdul Basit,loved the app.. esp.. they gurantee Low price.. they have a price match policy..,5,0,2026-06-25 01:22:26,14.21.0
3b9368c1-237b-4fdb-99c4-4692b1b3c74d,javed mohammad,wrong information booking n cancel,1,0,2026-06-24 23:45:45,14.21.0
ed3fe2a9-c2d1-4e77-aef4-7ed4e804ef7e,Yessy Julizar,"Book two rooms for two nights in the most expensive city in the world. The email said ""because of a system error, your booking has been cancelled"". Problem was they will WITHHOLD YOUR MONEY FOR 30 BUSINESS DAYS. That is day light robbery, just imagine the interest they could accrued just by doing this. And imagine the hassle for US THE TRAVELLERS WHO SUDDENLY GET THEIR TRAVEL FUND WITHELD FOR 30 BUSINESS DAYS.",1,3,2026-06-24 21:36:50,14.21.0
8b5eeb7b-08ea-418f-b6c2-f9b4fecb77c8,Doc Holliday,"NEVER. NEVER. NEVER USE AGODA. I tried to book a 4 star in Lat Phrao, Thailand, a room for my wife and the app said the room was unavailable and to choose another room. I chose another room and when my wife got to the hotel she found two rooms booked and the hotel would not cancel one of the rooms. Agoda wants the booking information which I supplied and won't reverse the charge. Their USA customer service is no help! I will dispute the charge w/my credit card co.! NO WAY, AGODA!!",1,3,2026-06-24 20:49:42,14.22.0
5156ad79-e0f4-405d-a96b-77356034e2f0,Cass Ambrose,great booking site,5,0,2026-06-24 20:30:17,14.21.0
6e9cdfb1-b9df-4346-8cbd-0fcef9c49adf,vikash kumar,"⚠️ सावधान! मैंने Agoda के माध्यम से Hotel Pinaki Inn, Nainital की बुकिंग की और भुगतान किया। बुकिंग कन्फर्म होने के बाद दिए गए होटल नंबर पर कई बार संपर्क किया लेकिन कोई जवाब नहीं मिला। होटल की वास्तविकता संदिग्ध प्रतीत होती है। Agoda को होटल लिस्टिंग का उचित सत्यापन करना चाहिए। यात्रियों से अनुरोध है कि बुकिंग से पहले होटल की स्वतंत्र रूप से जांच अवश्य करें। मेरा अनुभव अत्यंत निराशाजनक रहा।",1,0,2026-06-24 18:25:00,14.21.0
fc89c056-4aaf-43d7-b421-3576b95fad59,Abraca daniel,"Bad.Really bad.The app is often not recently updated, like many rooms are listed as available but it turns out they are already full. i booked for 1 room available, fully paid alr, then the hostel informed me that it's full already since yesterday. it's difficult to reach CS Agoda to get refund manually, since in the app CS agoda is all bot and doesn't helpful at all. up until now I still not get my money back 🙄",1,0,2026-06-24 17:18:50,
cee16443-f918-49e8-83a8-8f01a4aa087d,Sachin Chandna,Great experience on Ist booking,5,1,2026-06-24 16:56:14,14.21.0
75acbccb-4289-4757-a13c-9465b6c62c8f,Toha Fakrudin,this application is full of scam. the price is really cheap but the reality tells different. the developer never confirm the price to the property owner.,1,0,2026-06-24 16:30:54,14.21.0
9208d93c-8086-4cfc-aa6c-1bd8c7d4fe26,Raphael White,worst app and customer service...I didn't get my refund also,1,0,2026-06-24 15:46:02,14.21.0
a8a71e80-4456-4656-87ed-6c8b65741a8b,Simran Singh,"Horrible Experience, I booked a hotel in puri, after checking I saw this hotel doesn't exist at all, i don't know how Agoda took responsibility for authenticity for the property, i cancelled it as soon as I came to know this property doesn't exist. it was showing refund processed but till now it is not getting refunded. This refund process should be changed or should make it simpler. we need to wait for 30 business days for refund. worst app I have ever used.",1,1,2026-06-24 10:29:07,14.21.0
5578b29c-37e2-4c3d-8e19-25efbe01d3c7,Katia Berdichevsky,super easy and extremely competitive pricing !,5,0,2026-06-24 09:03:47,14.21.0
c447fe3d-2372-4281-8fa3-249686e8b32f,William Marcus,"stupid apps, when u try to make a payment, the price will always change",1,0,2026-06-24 08:31:02,
149338ea-c392-4b09-8ebc-927a49718a5f,yiong linyin,"very lowsy app, having glitch while i made payment and charge me two times, when i call they said didn't receive payment ask me to wait 30 working days,very disappointed, dont use the app just a few ringgit cheaper only",1,0,2026-06-24 08:24:01,
a9e658c1-6690-44cf-ab30-ed9aee705598,Lomya Lokesh Mohanta,This app is very useful for me And it is a good app,5,0,2026-06-23 21:46:59,14.21.0
7deeb4ba-cb2f-417d-b27b-a6fd05d83b58,Fajar Iksan,"mau refund bertele tele , bukan masalah nilainya!!!",1,0,2026-06-23 20:54:36,14.21.0
7608fe6d-0a07-4fe7-bb29-3a9990f565a3,Snehal Patil,wonderful app help a lot and nice discount,5,0,2026-06-23 20:49:03,
56ffde9c-04e6-43ce-addb-86ff46958d61,My Account,"They misled me. A large checked suitcase appeared in the booking, but that was not actually included. Now I cannot cancel the reservation, and they are not responding to me.",1,0,2026-06-23 18:10:11,14.20.0
8d4ef97b-dbfd-49bf-a3f8-d90546ab8eda,Edmund Tan,Good price with free cancellation as compared to others.,5,1,2026-06-23 15:49:15,14.21.0
72664191-9cc0-4c79-92b9-b7994749f72d,Srinivasan Billionaire,Agoda provides excellent offers,5,0,2026-06-23 14:13:50,14.12.0
e4252689-ffc2-4dd9-ad47-8dc6a0d4d17c,Hani Safiyya,"Disappointed with Agoda support. Hotel gave us the key and confirmed the room was ready, but the room was dirty and the bed was not prepared. We left immediately and did not stay. Instead of addressing the room condition issue, Agoda only repeated that the booking was non-refundable and focused on the alternative room. Poor handling of a service quality issue. Will never consider using Agoda anymore.",1,0,2026-06-23 13:35:20,
c36866a9-d386-4c20-8976-52b23404bdba,Nic Schifferdecker,"SCAM this company charges you before they have what they charge you for (Hotels, motels,tickets,ect...) then if their automated system decides that the room you reserved is no longer available they just cancel the reservation and then their automated system will somehow mess up sending you back your money and you have to contact Agoda support which is not easy reach",1,1,2026-06-23 12:47:23,14.21.0
0c8186f9-2158-4312-a94d-b8dfeb292942,Pretty Boii,i love good deals Agoda is the best,5,0,2026-06-23 10:17:08,14.21.0
cd63076a-f8b8-4370-95c3-ea4d401a3b78,Kunal Vyas,"It is a fraud. Do not use this app for any booking. Horrible experience. I booked a hotel and had selected the right dates but I don't know how but the page got refreshed while checking out the dates got changed to one day ahead. I somehow missed observing it and made the payment. Now, I tried connecting to Agoda but they do not have a dedicated help desk. They have only AI generated chat bot wherein no way to contact them options available. Property is saying they are not tied up with Agoda..",1,4,2026-06-23 09:14:13,14.21.0
7420667e-b7a7-47da-91da-2d99a09a6912,Hisyam Alyfayiz,"cant do reschedule while in the ticket package, we choose the one which can reschedule flight",1,0,2026-06-23 08:28:38,14.20.0
f310d626-9906-43b4-9859-c9d86830390c,Lj Lee,scam. increases the price every page you land on,1,0,2026-06-23 07:45:42,
14620f6b-b739-4200-8a52-a254d7936724,Ankur Agarwal,This was the first time I booked a hotel through the Agoda app. I would never recommend anyone to do any bookings via Agoda. I recently booked a hotel in Vrindavan hotel from 14th to 17th June via Agoda. The rooms were not given by the hotel and they said they didn't get proper communication from Agoda and they offered me the rooms in other hotel which was the worst. I tried my best to connect with Agoda but failed. It is almost impossible to get connected with Agoda customer care.,1,3,2026-06-23 00:51:31,14.21.0
c1c4b8f6-4c25-4c17-9e6b-03ef9b0be00c,Joemar Sedeño,ang hassle kelangan pa ng passport walang option na iba ung mga walang passport di maibook,1,0,2026-06-22 22:18:03,14.20.0
34d8a3bd-b045-4120-96a3-6b8ec900c2c9,Angela Sutherland,"Disappointed I had a room booked for a few months. Then when I went to pay it said something went wrong, and lo and behold my booking was canceled. I'll NEVER use this app again",1,0,2026-06-22 18:59:15,
99fa2237-135c-4905-aaae-f98f8061a0bd,Gaurav Malasi,"For staying in Nainital, I have booked hotel (Hotel Pinaki Inn) from the App. and paid full. After some time they call back for cancellation as the hotel is denying due to unavailability of rooms. But I have not get my refund back. Important fact is that the hotel which I have mentioned is not physical available in Nainital it is located in Chattisgarh. No any customer support.. fully fraud.",1,3,2026-06-22 14:22:45,14.21.0
a7f7c003-8565-4eca-8ad6-adab1b7c27cf,Ryan Cline,"the listing said there was air conditioning, but it was broken for the entire building, so i stayed elsewhere.Agoda refused to refund me.",1,1,2026-06-22 12:28:17,14.15.0
8af44a16-ad68-469f-9ce4-5831497b597b,Bombede,cant get A refund on hotel even tho it was unsafe only sent me copy and paste replies. yall are useless and a money hungry company,1,1,2026-06-22 09:43:52,14.21.0
255c5999-1607-43b2-ba27-b5421cc2229a,Zhafri,"i book using this apps for some reason my detail data book from this apps got leak by scammer and they keep contact me using my detail data like date of my booking, Hotel name, full name, phone number and even my email.",1,0,2026-06-22 09:33:42,14.21.0
7d2af1a3-b00f-4c94-ae7f-c874e8135b60,Rajeshkumar Ganeshan,website slow response,4,0,2026-06-22 08:19:05,14.21.0
d87ed9c3-8034-43fe-a2ed-b57b17083845,Betu Vishawakarma,bhut achha hua agoda app,5,0,2026-06-22 07:53:05,14.21.0
984be125-6aa4-4677-8767-c8ab26a23cd8,rahul dadhaniya,Its poor service,1,0,2026-06-22 07:49:22,14.20.0
878a46ef-2d79-423c-8248-58101c00c22b,Javi Andres,"I had a trouble with my book, I was very long and sometimes I felt like the support chat didn't help me. but, finally I resolved my situation. thanks...",3,0,2026-06-22 06:09:15,14.21.0
1567fffd-a8bf-4a9b-b3e4-d9f4f2c7e18f,LALA Brown,you cant receive a OTP to verify your phone number. so unable to use my visa pmt,2,0,2026-06-22 05:52:16,14.21.0
c098f72b-3567-48d9-98ce-b16cc32dc8ec,Pratik Bhosale,Lot of fake properties listed,1,0,2026-06-22 03:38:01,
bb4cfdcf-4468-4783-9390-d734d5ef1a70,Gulab Singh,"Very disappointing experience. The staff behavior was rude and unprofessional. Extra charges were demanded for a water bottle. Despite booking through Agoda, the hotel failed to provide a GST tax invoice even after request. Poor customer service and lack of transparency. Not recommended.",1,2,2026-06-22 02:37:21,14.21.0
4554c296-2227-4851-b4a0-0d94bccdc4f0,Shanbhag Chanda,"This should be the first and last time I use your service. Nothing mentioned AC or non-AC rooms, so I was shocked when the property demanded ₹1,400 extra. My train was late, and due to heavy rain and the late hour, I had no choice but to stay. The rooms are pathetic and nothing like the pictures shown. I have already emailed regarding this. Very misleading marketing and an extremely disappointing experience. I will never choose you again.",1,2,2026-06-21 23:14:05,14.21.0
7ad487a2-ca2e-4b1e-b3ae-f25f1f776c6b,SHUBHAM Mohite,giving one star cause don't have zero or nigetive rating... reason is 2 months ago I book motel room from this app after reaching there i found out that motel has ended there agriment with the middle chain that registered with this app and my booking denied... but allready paid for room. After 1 hr of negotiation with apps helpline query they cancelled my booking and said will refund me within 30 days...but nearly 2 months gone and not a penny is refunded and I even can't inform or inquire .,1,0,2026-06-21 22:33:29,
ccb75209-d8c1-419f-a244-c3c999f11da9,Dr. Bhalchandra Bite,one of the worst platforms for books. Highly disappointed. recommended to use other platforms.,1,0,2026-06-21 20:26:12,
5600b3af-87c8-4bea-a517-234a49f3dfb4,Vyom Garg,I have had a horrible experience with agoda. Their cancellation and refund process is horrendous. Please don't expect them to give any of your money back.,1,0,2026-06-21 19:12:59,14.20.0
d2ff14c3-f596-4fd3-83b2-7c8518473575,Poh Kwan Chia,"this apps always confuse user, and scam user indirectly.. happened me 3 times..",1,0,2026-06-21 19:11:47,14.21.0
92ec7166-8530-404e-8044-4ec0b56244ed,Thomas Bossy,"Terrible app. First time booking, app crashed and I was charged twice. Uninstalled immediately",1,0,2026-06-21 18:32:19,14.21.0
7fcd1cd4-d92e-4e15-a3ee-344f540b1fd1,Ronald Harvey,Useless non-functional map feature to help you select a hotel by location.,2,12,2026-06-21 16:40:36,14.21.0
cef65510-de12-4a1d-9b27-9e1fc7714207,Aliff,When I make a payment it says decline and I book another. After check my trip its shows I already book for 2 room. I can't refund because the time past already. This is my first time using this app and never use it again!!,1,0,2026-06-21 14:47:43,14.21.0
75851cf2-46b7-45ae-bdd2-4f0d3503a541,Shyam Sahu,"fake application, fake review, fake hotels , no customer support, only wants money then non refundable. my first time experience was very very worst. this application show fake high ratings hotels and ask for money before visit and then non refundable even hotel where I visited was very terrible. don't use this application.",1,0,2026-06-21 14:06:01,14.21.0
576387f4-ad29-43b4-a333-da105a5b3f41,Rajesh Upadhyay,very bad experience because I book a hotel for two days in Delhi discount 92% but after booking confirmation showing amount 1758 is pending very bad property and app totally fraud,1,0,2026-06-21 13:58:29,
d3ac0dfc-ca9d-4763-9e54-951fe82e8bbe,Rafael Hutagaol,"tiba tiba failed, dan proses refund nya lama",1,0,2026-06-21 12:39:06,14.21.0
d22f06b3-30b9-4a96-8049-c438a87d20f6,aLvin Low,"I made a duplicate booking without realising that wife had also made a same booking. I discovered my mistake and noticed Agoda within 3 hours. Over the next 5 days, their response was always no response from their partner and hence could not confirm the cancellation. drop a email to the concern hotel and received a reply instantly that they agree to cancel the 2nd booking. However Agoda claimed that their partner declined my request and is not willing to make a refund. I asked to raise this mat",1,3,2026-06-21 12:12:19,14.21.0
68e56ba8-0176-4296-934d-6952440540c9,Ramanya Pundhir,Worst app. We booked rooms from this app and it booked the rooms without knowing that the Hotel was not in service. Even the app took the advance booking which was not refundable.,1,0,2026-06-21 11:58:09,
3dba7927-c2d1-4707-9750-b69d0004d99f,yessie eirene johannes,the besttt option to your holiday with or without family🩷,5,0,2026-06-21 11:21:58,14.21.0
61c50714-ba0e-4d03-b869-76b455ce4032,Venus Savaliya,Worst booking app. It tracks your activity in real time and will increase the price just when you're about to make the booking (Typically around $60-70/trip) and if you decide to choose refundable (with option to pay later and cancel) it'll make the pricing ridiculously high so you book hotels that do not allow cancellation. It is filled with tons of dark patterns to make sure they charge as much as possible to their clients.,1,13,2026-06-21 08:01:02,14.21.0
33209ad6-e008-4f2e-b9e2-74a331559856,Johnny Foo,"unreliable , won't protect client from scammy merchant. APP DELETED , YOU LOST A LONG TERM CUSTOMER 4EVA",1,0,2026-06-21 06:04:40,13.6.0
a969ec16-62a8-41ed-89d7-ed9242b07bbc,Saquib Rahman,"It's just a useless app don't download it they will be having a glitch problem anytime they can't resolve it and you have to bear the loss and cancel your happy moments because my 14800 had been forfeited because of a glitch problem no refund had been made, they won't be helping you in anything just they will take time and keep on delaying just don't download it because of a single glitch you have to suffer and your holidays your good times will become regret after using this app",1,2,2026-06-21 01:22:41,14.21.0
b9079fd1-675d-4058-91df-f637b76dd7a2,BullsandBears22,if you book a hotel then the last page will increase the amount,1,0,2026-06-21 00:05:16,14.21.0
5a7f550a-2283-4f2a-84b7-f42d4c0b6dd2,Gamil Banoub,"The worst customer service ever , They are not helpful, once the transaction done they don't do any step to help ,Agents put you on hold then line disconnected. I prefer to book directly through official website with extra payment to get peace of mind .",1,0,2026-06-20 20:38:30,14.21.0
89f3c3a1-083a-4dc5-bc28-1de75c8be0cb,Rizwan Khan,"Very disappointed with my experience booking The National Aquarium ticket through Agoda. I travelled all the way from Dubai, wasting my time and effort, because Agoda showed the option to select an All Access Ticket, but after payment the ticket provided was only a General ticket and no refund. This was very misleading and caused a lot of inconvenience. I contacted Agoda for a refund, but they are refusing to help even though the issue was related to the ticket option shown during booking.",1,1,2026-06-20 20:37:02,
0cc605ca-6fa5-4979-8774-7b2db84e17a2,Mary Ann Villaraiz,"Been using Agoda in the past and all went smoothly. However this time, for my upcoming flight bound for Vietnam, I had an extremely unpleasant booking experience which triggered me to delete my account and swear to not use if anymore. Both Agoda and the hotel have several inconsistencies. I had the ""pay at the hotel"" option in the first place but the red flag for me was the property asking me to pay already. The policy of the hotel and Agoda are not aligned. Avoid Chill Hill in HCM!",1,0,2026-06-20 20:34:06,
ff019b07-ad87-471b-a026-417e601b9040,Rashi Gupta,"we have booked a room on agoda for 16 june 2026 in Mussoorie. Due to some mismanagement from hotel owners side, they cancelled the booking on 16 june when we go to hotel for check in. the agoda app help assistant have assured us that they will give full refund+ 10% concession. But even after many calls and mails they only refunded the amount not the concession. That wasn't at all expected from agoda. Due to their last minute cancellation,we have to book a very high charged room for that night.",1,0,2026-06-20 20:32:21,
72a42e5f-2041-479b-96c6-d4f56ae0bdb6,Yashi Gupta,"My experience with Agoda was not at all good. We had booked two rooms, but when we arrived, they refused to give us the rooms at night, saying that there was a shortage of hotel staff and they could not accommodate us that day. When we contacted Agoda's support team, they simply apologized and said they would cancel our booking and provide a full refund. we told them we have nowhere to go now. After argument, they agreed to give us a 10% concession, but we never received that concession either.",1,3,2026-06-20 20:22:04,14.21.0
0c4a938a-fb43-4f8d-a1cb-4fd506a9d1c5,SteveHuang77,bagus. sudah sering pake,5,0,2026-06-20 20:06:29,14.21.0
8233713b-8007-41ec-9962-4a81ed0c92d0,Sharif Alvis,"App is poorly built. As soon as you switch to another app, Agoda completely starts again from scratch and you lose everything you were doing Customer service is poor. Again if you start a chat, it takes many minutes to get a reply, you switch to another app, Agoda completely restarts and you can't find your way back to the existing chat. If you are lucky enough to keep your screen on for 15 mins, the agent just asks you to repeat your issue all over again as if they can't see what you wrote!",1,4,2026-06-20 18:49:34,14.21.0
a10df2bd-52d2-43dd-a3b4-644eedc4eb8c,Sagar Gaikwad,Very bad management... Don't believe your confirmation mail check out ones with hotel... Agoda customer care service also pathetic.,1,0,2026-06-20 17:08:25,14.21.0
76a1b01d-5e79-4d07-b599-601817cd7ba1,Adrian Fitness,DO NOT USE - SEARCH IS AGODA CUSTOMER SERVICE GOOD THEY HAVE NONE ITS A RANDOM PERSON TALKING NO REFUNDS OR CUSTOMER SERVICE VIA THE APP PLEASE BE AWARE,1,0,2026-06-20 15:20:12,14.21.0
43a0ae65-92f8-4f92-98bd-0e26ea2ec6a2,uday alkazzaz,"first time I used this app and I regret it , I booked for a family of 54 adults and 1 child, when I went to the hotel, they gave me 2 rooms each with 2 beds, and I have to pay extra for the child, it turns out this known issue, it drop the child at the back end when you make booking, never use it again",1,1,2026-06-20 12:51:35,14.21.0
9f4533f2-bcaa-4c84-b7a4-0d3fe9697c6a,D. Hal,do not use this to book use it to bargain at the desk,1,0,2026-06-20 12:14:19,8.33.0
37391ad2-972b-443d-b135-d5168b27bac1,tuyet pham,tin nhắn lúc 12:37 AM với cơ sở lưu trú để xác nhận các thông tin đã mất. khi đến nơi thì cơ sở lưu trú từ chối xử lý hỗ trợ vì ko có tin nhắn minh chứng. Đã cung cấp thông tin cho DVKH call,1,0,2026-06-20 11:39:52,14.20.0
35fc0ee6-ea38-4656-bafa-9a6daf9c8b44,John Sterling,This is better than Booking. You can customise the search with so many filters it makes it easier to find the right Hotel for your needs.,5,1,2026-06-20 11:22:09,
0467b179-6627-457c-b376-ce6226b6ae19,Sachin Goel,worst app fraud...we booked for 2 adult & 2 children but when we reached there they asked extra charges for our children.. it was over charged already...bakvas property Taj Resort Agra... staff behaviour was not good..this app shows something else & provide something else...ye app bekar property ki rating khud increase krti hai or property k photos bhi manipulate krti h.,1,0,2026-06-20 11:05:26,14.21.0
b58ed91b-97c1-467d-8862-cceea52effb9,Muhazin Rasheed,waste of money and fraud app🤬,1,0,2026-06-20 10:53:04,14.21.0
eb3fbc25-b22c-4cab-a093-2c05e05fb3ce,Zari O,I was using this app almost 2 years but on 06.19.2026 my reservation was overbooked. it's almost 10PM and I am trying to find a room. Thanks Agoda!,1,0,2026-06-20 10:27:38,14.21.0
53a73cab-4fdd-41a1-9f84-e09fd13373e8,Amit Raman,very poor app . it shows misleading advertisement . they first show right members like 4 members and right price but after payment they reduces member to 2 after confirmation comes and i had to pay extra while check in . and this happns to lot of person . i called customer care like 10 times and no issuehas been resolved . Dont ever use this app ever .. really poor minus rating,1,3,2026-06-20 10:07:49,14.21.0
434dd314-6386-4490-ac65-bdd9e0e069a6,Nikhil Bagul,contact customer support is hidden,1,0,2026-06-20 10:01:49,14.21.0
f2f2b8e7-d3a7-4d60-b3ee-06904839f69d,HwP,They just gave notice that they are no longer giving cash back rewards that you have already earned if the amount is less than $10. Which most trips less than seven days won't be more than $10 cash back reward. At least they should honor rewards ALREADY EARNED and give them to you as promised! Very slimy business practice.,1,2,2026-06-20 09:01:14,14.21.0
f493a944-1774-4f7b-8a0d-ecff6294b534,Rasyidi Alwee,"The app redirected me to a third-party service without clearly informing me. When issues arose, getting a refund was extremely difficult. Customer service kept saying their partner could not be reached, so no further action could be taken. I had to contact the hotel myself and resolve the issue directly. Despite this, I still have not received my refund because Agoda claims its partner cannot be contacted. Very frustrating and disappointing experience.",1,1,2026-06-20 04:58:59,
a57478ee-19e4-4952-aaf7-9fa1af3ae60e,sunil prashanth,"I uninstalled this app, because booking not happening, no confirmation on booking, worst app.",1,0,2026-06-20 00:40:11,
1e61d91c-9605-4a93-ba28-a17cfd62f7d1,Dinesh Roy,very bad!! I Booked a hotel from this app late nights and I have experienced a very bad situation with the hotel and the agent said they will cancel my booking and refund me but they haven't given any refund. They have many hotel options agoda don't have any tie-up. Hotel management was rude and misbehaving without allowing us to enter the hotel.,1,2,2026-06-19 22:44:41,14.20.0
b81e7ddc-db57-4f54-8aa6-f7f33baba0ca,Yusri Yahya,"mudah ,murah dipercayai",5,0,2026-06-19 20:47:03,14.20.0
6cb1a605-82f0-4e87-8e8e-99a40eaef61d,Azaliyya A.f,"the app good at price but i hate why you ask for passport number for domestic flights, it shouldn't be necessary because it's totally unimportant, just remove it",2,0,2026-06-19 20:06:27,14.17.0
88404231-29a0-4b6a-8cd5-57c3b4f12402,Atik Handayani,This apps is not reliable. I'm so disappointed. I book deluxe room and the hotel downgrade the room. I ask the CS to help but they seems not helpful AT ALL!! They even block my number so that I can't call them again to ask for clarity. Now I don't know how am I going to get my money back!!! You guys better not using this apps. I will definitely delete and un install this app. The most annoying one is the staff who handle the complaint was also very very very rude!!!!,1,4,2026-06-19 19:24:51,14.21.0
6548bbe6-7a66-4a19-9374-633b82849dbf,A Google user,this is very useful,5,0,2026-06-19 17:33:40,
531177a4-dfcc-41be-9219-92ca3e61b77d,Ashish Pandey,most foolish app. I am searching for current dates. app is showing booking for some other dates. this is a joke.,1,0,2026-06-19 16:43:37,14.21.0
3f0b1cd4-814b-41c3-b516-ebfa0564f666,Jayrajsinh Champavat,the app is amazing and I loved it.,5,0,2026-06-19 14:16:16,14.21.0
4b12f6f2-5655-4f69-afae-88fac83e3c1d,Angel Ann Joy,"Extremely disappointed with this property and the way they handle reservations. My booking was confirmed through Agoda, yet it was cancelled without any prior phone call, message, or attempt to contact me. People travel hundreds of kilometers and spend time and money planning their trips. Last-minute cancellations create unnecessary stress and can completely ruin a vacation. What makes this even more frustrating is that my refund was not processed immediately, leaving me without both a room",1,14,2026-06-19 12:39:01,14.20.0
6cb997f0-fca2-45c8-a96e-ad809f510a1d,anu ac,"It is incredibly frustrating to arrive at a hotel tired from traveling, only to be turned away because of a platform error, especially after wasting your time and energy moving across the city. The first booking itself was totally disappointing.",1,0,2026-06-19 11:24:02,
919368be-4f06-4b64-965b-147ecca38f9a,Pamela Gatuz,"I gave this app a single star because the customer service always logs out the conversation without saving it. Also my refund request hasn't been fulfilled, it's almost 2 months now since my request. Overall, the app can't manage or provide services properly.",1,1,2026-06-19 10:34:51,14.21.0
8908dd06-7229-4777-9936-f393c1f627ba,Amit Kashyab,not value for money I am going to hotel and pay extra money,1,0,2026-06-19 09:36:27,14.21.0
8e36deb0-638f-4490-bc39-81f6eafdf30b,Kano Hawk,Awful customer service if you can even get connected. had safety risk and the call agent disregarded it. they argued about refund and I only got a coupon with a deadline. CHOOSE ANOTHER APP,1,0,2026-06-19 08:18:13,14.20.0
ddddae40-3c5b-43f4-8477-cecb87f75f50,ali haramtravels,"⚠️⚠️ Unsatisfied ⚠️⚠️ I book a room in London & done all my payment in advance, due to some reasons I cancelled my reservation, today about after a month (till now) no response from Agoda. I send emails about 4-5 times but no response",1,0,2026-06-19 07:02:31,
d6c79f28-5b55-4f53-a252-752b223dcf9b,Loch Mclean,"Worst booking company, unable to cancel a booking and stuck in an endless loop with the service centre who keep asking the same thing. Absolutely terrible, id rate them no stars if I could. So bad that it spills over into how hotels can work with them. Update 18/6 Agoda and the hotel partner continue to ignore my requests for a refund. I booked the incorrect date by 1 day, immediately realised my mistake and requested a cancellation/ modification of the date (this was 7 days from the booking)",1,4,2026-06-19 01:30:49,14.21.0
33d803be-bd53-4611-bbeb-60502b9fb3ff,Yahya Tobriz,very helpful 🙂,5,0,2026-06-18 23:35:09,14.20.0
4feb2351-d809-4976-a54d-6d90c8800534,Amit Y,"very unreliable service. pathetic hotel, don't allow for check in, agoda also not responding for hours, customer support takes forever to even connect or respond. poor service. pathetic app and service. waste of time, money and efforts.",1,0,2026-06-18 22:12:16,
42eadb49-45f2-4a4d-b1ff-721307bea0a3,World Explorer,"La aplicación es demasiado estúpida para permitirme buscar, exige que inicie sesión = inútil, si no puedo probar las funciones básicas de la aplicación, ¿cómo sabré si funciona o si tiene valor? Nunca había oído hablar del sitio web de esta aplicación en los últimos 80 países que he visitado.",1,0,2026-06-18 21:48:56,14.21.0
3cfb52b7-2a94-4c67-877a-d91a0aeff4e2,Ivy Carlson,I like agoda is easy book and cheaper,5,1,2026-06-18 20:34:38,14.21.0
c2953c2a-c62d-4d3e-b3f3-3f6f7fea5b46,Imran Mohammed,"Misleading Booking Experience and Poor Customer Support I made a booking through this app after specifically selecting the ""Free Cancellation"" and ""Book Now, Pay Later"" options. Despite these terms being clearly displayed during the booking process, the full amount was charged to my account immediately. When I contacted customer support to resolve the issue, they did not acknowledge the discrepancy. Instead, I was asked to provide evidence such as screenshots or a screen recording of booking.",1,0,2026-06-18 20:17:33,
5091b30d-fd39-49ff-b866-a8e44d409620,Okky Mahardika,Tambahin filter sarapan buat hotel lah,3,0,2026-06-18 19:21:37,14.20.0
a51ffce1-560d-40f5-b72f-8e0a88a1c929,SUDHANSHU SHEKHAR,Trusted a lot to agoda in fact I always book my stay through agoda but have been cheated with my last booking my relatives for whom I booked the stay have to face a lot of inconvenience travelling from one hotel to another and at last my booking was cancelled and I have been told I will get full refund also with the penalty charges from company but haven't received a single return not even my money which was used for prepaid booking.,1,0,2026-06-18 18:08:17,14.18.0
770a071f-0185-4cf9-8b05-fa319b30f548,Rishit,just take all my money and unalive me. that would be a better and more acceptable way of getting mugged here.,1,0,2026-06-18 16:10:27,
1da40d01-a6dc-4f67-9075-67de09bb38ed,Marlene Gail Lao,costumer service is bad. agents were lying for you not to be compensated about the inconvenience they given to a costumer.,1,0,2026-06-18 16:01:17,14.21.0
da9fa0bb-ee82-4582-84e3-e4739688c0eb,Priya J,"i cant book hotel n flight together,it just hangs",1,0,2026-06-18 14:28:55,14.21.0
36112b78-f3c9-4db7-be66-b2d34a77e05f,Haseeb P,"I explicitly booked accommodations for four adults and two rooms in Bangalore. After completing the payment, upon arrival at the hotel, I was informed that my reservation was only for two adults and two rooms, necessitating additional charges for each extra person. When I attempted to reach out to Agoda for assistance, the help button was inaccessible after a few days. This dark pattern in the user interface and user experience feels deceptive.",1,2,2026-06-18 13:43:48,14.20.0
896107cc-c390-4db4-b23c-4d219dca154e,Subha Vivah,"before booking plz check clearly becoz it have very cheap customer care services,any problem forgot to solve it.",1,0,2026-06-18 13:13:54,14.21.0
dc1172a4-0ee1-4619-8015-366bb78bcfca,jhess lim,useless app just keep on notifying useless bookings 😡😡😡😡,1,0,2026-06-18 12:53:13,
740ae5c6-6374-47cc-8896-a06b563bb88d,Ben White,Very slow and spams promotional messages.,2,1,2026-06-18 12:52:01,14.21.0
ebad3590-5b0f-40a7-b987-c5451122bcad,Sarthak Gupta,"The worst service I have ever seen and the agoda gives the worst and poor type of service I will never use this and I will never suggest anyone to do so. Even after booking, these people demand more money. This is a very useless app For hotel bookings and reservations.The best thing is that you can book offline, if you book through this app then it may cost you a lot of money.",1,0,2026-06-18 12:35:11,14.19.0
45641ded-3769-47b4-a264-02d390e6f412,prabhat rathod,My experience with the Agoda app has been extremely frustrating and disappointing. 1. The photos and property details shown on the app are,5,0,2026-06-18 09:14:39,14.21.0
c0530c77-a775-4885-a131-db3c27350461,Deepak Singh Tomar,"I had a disappointing experience with Agoda. The platform displays attractive hotel prices initially, but there are hidden conditions that are not clearly disclosed during the booking process. After completing the payment, I found a remark stating that additional local taxes must be paid directly at the hotel. This makes the advertised price misleading, as the final cost is higher than what customers expect when making the booking. Agoda should be more transparent and clearly include all mandat",1,4,2026-06-18 08:31:18,14.20.0
5a609482-666f-4dd7-ab9f-f057a9d8ba17,Dipak Purani,why hotel owners uploading a ai images to showcase their hotel??? vlearly watching they are not uploading the real photos of hotel.,1,0,2026-06-18 06:11:37,14.20.0
e29a8997-f57e-4901-bc3e-195a6f6e23db,Jaazzvilyn,"Deduction of clients payment done within seconds, but when it comes to refund they take ages...Make people feel tensed.",1,0,2026-06-17 22:00:30,14.20.0
05bf469d-3070-47a5-a29a-058b38ea284f,Serhii Karpenko,"Everything is great, as always. Easy and convenient search, nice discounts! Highly recommended!",5,0,2026-06-17 21:24:10,14.20.0
bfaa3cc3-0240-4a22-89f8-875b140bf15e,Jeff Russell,"Horrible app. They lie about how many beds a hotel has, and you get screwed with no help. Use literally anything else",1,0,2026-06-17 20:36:20,14.20.0
9a1ffab1-a43b-48a1-a299-02075d7d1a78,Manzil Neo Marvel,Very bad experience at all. After booking confirmation email when I reached the property simply they are telling the booked room is not available. Not dependable at all and it is purely against consumer rights.,1,0,2026-06-17 20:23:23,14.20.0
3471072c-bd24-4b1f-b750-2efbfe8fe52a,Anish Thomas,"The booking from Agoda if it's done for official purposes, pls note that they don't provide a GST invoice. They will tell you to take it from the property and the property will tell us to collect it from Agoda. If you call the call centre, they're in a different world. They will force u to come on WhatsApp call, share the screen, install apk etc.. fraudulent activities are taking place and more over no ethics in reply emails. Even the CEO doesn't address the concern , so better avoid Agoda",1,0,2026-06-17 17:14:54,
13a99fbf-bf1a-4134-abd4-7344ff90e8f5,S Asada,acha app hai,5,0,2026-06-17 13:02:06,14.20.0
2059790d-73ad-4ea6-9bdd-a901e6fa56bb,Anil Kumar Samal,"Agoda showed that checked baggage was included during booking, which influenced my decision. However, during check-in, I found no baggage allowance at all. This is highly misleading and feels like a tactic to attract customers with false information. Other platforms clearly show correct details, but Agoda failed here. Very disappointing and untrustworthy. Double-check everything before booking.",1,1,2026-06-17 11:38:11,
776a11c3-8238-4fde-9164-d8307f679f4c,Ramachandra Behera,very nice app,5,0,2026-06-17 09:58:42,14.21.0
52948e74-498b-4c59-9430-b51827b3b66a,Coco 10,"Aplikasi ini sering cancel booking ke hotel tanpa sepengetahuan customer, ga ada konfirmasi apapun.",1,0,2026-06-16 23:29:20,
5996bedc-af1b-4b27-a5c0-628b5dc319e0,Kevin Fogarty,Great app. Great availability of accommodation and prices not on other booking websites.,5,0,2026-06-16 22:26:12,14.20.0
16405a03-3129-4517-babb-9c79aafac858,Shivam Gupta,I booked a hotel in mussoorie via agoda but when I arrived at hotel they refused to provide room also hotel different from what was shown in app,1,0,2026-06-16 20:12:26,14.21.0
647d3064-9228-4748-8fca-b7239d3b89e9,Theresa,this the best app for booking rooms ever,5,0,2026-06-16 19:05:13,14.20.0
1b5a0c8e-1e62-48f5-9223-3776ff0668bb,LALU,"Agoda completely cheating I had book room through agoda, but that was wrong property, I contact customer service same time they offer me refund within 14 days, now 30 days completed, they didn't refund the money, curly I cannot contact Agoda customer service, Agoda is completely cheated me, I lost money, I advice everyone don't go through agoda",1,0,2026-06-16 16:22:00,14.20.0
a03656cc-34de-419a-8423-548d7e596153,Maisara shoeib,"Frankly, I feel misled. You told me that a special Diamond member discount had been applied, yet the final price is exactly the same as the price available to anyone booking through Agoda. In some cases, Agoda even offers a lower rate. If the final amount is unchanged, then what exactly is the value of the ""special discount"" you claimed to provide? A loyalty program is supposed to offer real advantages, not create the impression of savings while charging the same market price. This experience",1,5,2026-06-16 13:04:09,14.20.0
392a6a8f-581d-4e51-a5af-ed689b60a650,Vinay Pathak,badhiya app hai 👍,2,0,2026-06-16 12:55:32,14.20.0
aa95c8a9-71f4-4f6a-a985-e3118cdc2bea,Nandkumar Shetty,"I had very worst experience I booked a room on this app at 1 am in Howrah. The name of the hotel is Sonar Bangla Please do not book this hotel again. It shows it to be cheap, When I went there, no one opened the gate. I did not even have the hotel number. I called the consumer care and they said that you can't cancel it This wasn't part of their policy, so whenever you book a hotel, read the terms and conditions thoroughly before booking. I couldn't get into that hotel; I had to go to another",1,2,2026-06-16 12:55:14,
43f9a7f3-b846-460c-a156-3672be98667b,Beetto Joseph,After booking the room me went to Mumbai from kochi there is no room.,1,0,2026-06-16 12:33:51,
b007f4e0-7ebe-4c17-9008-9da6b3c19008,Kyrollos Atef,Watch out they are canceling your trips for better prices,1,0,2026-06-16 11:45:50,14.20.0
b40990ca-06ef-4fc5-a588-931c8e33626a,Callum Holloway,"They authorised my card but my booking is still pending for up to 24 hours. For me it's non refundable, but the hotel might decide to cancel then I will be stranded. I can't even look for another hotel until they either accept or decline my booking.",1,0,2026-06-16 08:24:43,
03a1d132-0865-4097-b811-c76e363ef82a,NAKUL ARORA,Never book with them fraud company. I booked a hotel room but when i went to the hotel they mentioned they had no rooms available and they confirmed that we have cancelled the booking since they are no rooms. So had a book a nearby hotel at twice the cost. Still agoda charged me for the first hotel. Such a useless company,1,0,2026-06-16 07:52:21,
08fca700-c5d5-4db2-8f3f-99f6a134d83c,COOL CRAFT AIRCON,insa kabhi booking mat karna inka pass koi solution nahi he me ap e bacho ke sath puri raat road per rha or inka custmor car ke pass koi solugion nahi tha or na hi cancel ka opation tha soo pls dnt booking hotel on this app,1,0,2026-06-16 05:52:27,14.20.0
71bda24c-1343-40c0-aced-92e564a017f7,Tamer Ozturk,absolutely rubbish zero customer care I will never use stay away,1,0,2026-06-16 03:38:19,14.20.0
741c4b59-4b5d-4bac-9392-967e8c3989d1,Nainshi Gupta,This scammer app booked rooms of AC charges and the hotel refused to give without paying extra money and when you complain on app they suggest to talk to owner and don't give any help.,1,0,2026-06-16 01:31:32,14.20.0
b49cc335-bf35-480d-a67b-ae420b891250,moshlub,great deal with this app,4,0,2026-06-16 00:48:40,14.20.0
8f110e6a-e16b-4adb-81dc-63b76b5cdbc0,Nabila Anggia,"VERY VERY BAD, DON'T DOWNLOAD THIS APP!",1,0,2026-06-16 00:35:06,14.20.0
bd4ede2b-c80e-4d36-be6b-21c4c2118e74,বিশ্বজ্যোতি নাথ Bishwajyoti Nath,Fraud App. Take Bookings but Don't Service,1,0,2026-06-15 19:56:15,14.20.0
3d73f618-2bba-4060-ac1c-0f15d9ff53c5,Patrik Tatang,"Saya Platinum, pengalaman pertama beli tiket pesawat langsung hangus karena terbalik rute. Agoda super cocok untuk hotel, tapi untuk tiket harus hati2, kalau salah tidak bisa ubah jadwal atau refund.",3,0,2026-06-15 18:51:53,14.20.0
5b836d98-0607-4f06-973f-58d8b4418da8,Wahyu Widodo,"Agoda sucks. It just greedy middle man. I ordered standard queen bed, but Agoda give order its partner cheapest twin bed. If you want refund, it act like they contact property for refund confirmation, but the property declined the request. Actually they don't even bother to send any email to property about refund request. Sucks... Really sucks. I really got scammed. Avoid this scammer!",1,0,2026-06-15 18:21:25,14.20.0
1e69b80a-8fce-4992-9e92-9255f4c1b5b2,Carmen Alfonso,"i am a long time user of this application. I am glad they really give the lowest rate and have provided a chatbox. however, if you chat in the application to clarify room inclusions, they give vague answers and literally tell you to contact the hotel you wish to stay. my suggestion is very simple: 1. indicate if there is payment for the meal/s included for a room with 3 or 4 adult guests. 2. indicate if the 3rd bed or more will be paid in rooms with maximum guests of more than 2 adults.",1,0,2026-06-15 15:23:10,
fe50af73-9676-46af-a701-2614d7dff595,Tanya P,App is faster than very slow agoda website but 10% app discount doesn't apply as well as other coupons. What's the reason to offer it if it doesn't work?,2,0,2026-06-15 15:11:30,
a120edb0-1eae-415a-b34f-75627e0daba6,Hamdy Moussa,"Do not trust Agoda I was looking for hotels when suddenly they dedect from my credit card without My agree and without my CVV, I sent them to correct that and never receive any answer, which made me make dispute to credit card company never leave your credit card data with agoda They are not trust worthy",1,2,2026-06-15 14:50:01,14.20.0
00d03f6d-c375-4837-a5c2-a202956ffa89,Rohan Bahadur,very nice pic good 👍,5,0,2026-06-15 11:35:28,
272cf952-834a-4b35-8f5c-5b86a60614a6,Colin Bucell,"Worst app ever, do not use! They steal your money and refuse to amend or cancel reservations even when the vendor agrees. Thieves steal money. Zero customer service with AI runaround!!!",1,0,2026-06-15 09:08:50,14.20.0
6b8494f2-5d9b-48de-845d-c162bd962281,Daria Akulshyna,the app is glitching and you can only contact a bot,1,0,2026-06-15 09:02:53,14.20.0
5b0db8f3-fa81-47fc-a1ca-9d9cf7c56b50,Deborah Skivers,this is a horrible website their whole thing is bait and switch refuse to give back my money it's a complete scam,1,0,2026-06-15 07:12:48,14.20.0
78212da9-b873-45cd-a84e-266be58da7fa,Poco,"Agoda janji mau kembalikan uang free cancelation, terekam dipercakapan saat telpon dengan petugas Agoda. Pihak hotel juga sudah menyetujui free cancelation. Tapi BOHONG. Agoda terus mengirimkan email bahwa tidak bisa dibatalkan. Padahal pelanggan adalah pasien Kanker otak stadium 4/Terminal Illness, semua bukti sudah dilampirkan. Tapi Janji tinggal janji. BOHONG. Padahal buat AGODA uang segitu mungkin tidak seberapa tapi bagi kami uang segitu sangat berarti. Shame of you.",1,0,2026-06-15 06:15:03,14.20.0
19b7264a-62de-4ac6-bd7f-d8e0d8f826cd,anisha gadodia,I would have given negative if possible. Useless app and customer support. the calls are never answered. the automatized call instructions are unclear.,1,0,2026-06-14 22:53:36,13.46.0
82e3052c-65c1-4778-b338-cf3edccd59fb,Piyush Awati,Glitch in the application. worst customer support.,1,0,2026-06-14 22:25:07,14.20.0
08cad510-d8da-43d9-8a1f-7952133ac7a1,Ankush Kalra,"Agoda promised cashback in both the app and email, stating it would be available 60 days after checkout. After waiting, I was told no cashback exists, despite providing clear proof. This is unacceptable and highly misleading. I have found many similar complaints online from customers facing the same issue. I demand that Agoda honor its commitment and process my cashback immediately. If not resolved promptly, I will file formal consumer complaints and pursue all available legal remedies.",1,0,2026-06-14 21:23:07,14.20.0
0ce51dc4-d57c-4385-803d-e3c2e5173d2d,dhananjay dheevar,prices differ after booking the property,1,0,2026-06-14 18:50:38,14.20.0
d06ae631-4b6a-4d15-9388-420d556d0757,Faizan Khan,"This is a third-class application. I had booked for 2 adults and 2 children (aged 4 and 2 years), but the app automatically changed the booking to 1 adult only. Later, I was unable to modify the details, and the payment was already completed. This has caused a lot of inconvenience.",1,2,2026-06-14 18:42:55,14.20.0
e1b89302-4a01-459c-aac0-4a0fe22a89ab,Hari,worst service. over charging . for sure a scam.,1,0,2026-06-14 17:48:39,14.20.0
c5eefde9-2713-4302-942d-b5838e144630,The clock Room,"FROUD COMPANY: I reserved a hotel, received the confirmation email, and made an advance payment, but the property denied me check-in. I contacted Agoda and even spoke with the property owner, who firmly refused to let me check in. Agoda's customer service was unhelpful and disconnected the call. I also emailed the company, but I didn't get any response. I recommend using Goibibo and Oyo Rooms instead.",1,0,2026-06-14 17:29:38,14.20.0
a138b666-d33a-4807-a467-c6fba7c91d77,Nguyen Minh Duc,"The shown price and the amount paid is different, what's a scam app!",1,0,2026-06-14 17:15:29,
8c702b32-c320-4258-a965-c7a86c54a74c,Afiif F,"have been using app like 5 years and has platinum vip, but rn the filtering is worsened, because i cannot customize price range filter by my own, and instead giving me a placeholder number, what i want is a custom number by my preference, if yall didnt fix the price range filter feature, i think im gonna change my daily hotel app, thank you",1,0,2026-06-14 12:54:30,14.19.0
ec8e5d46-88d8-4f74-bdb7-bfda75f74121,Bennie,"However, because this reservation was made through Agoda, we do not have control over how Agoda displays room categories and descriptions. In some cases, Agoda combines photos from different room categories within the same room listing. If you review the Deluxe Twin Room listing on Agoda, you may notice that the photo gallery includes images from multiple room types, including Standard Rooms pictures, which may have caused confusion regarding the room features. Kind regards, Chau Khuong Hotel",1,0,2026-06-14 10:33:12,14.20.0
1380c59b-4727-4b34-a7f7-7931fadd3ba8,Manashi Majumder,very bad agoda sarvice,1,0,2026-06-14 09:40:06,14.20.0
b7114a51-b346-480f-badf-e5eddc0a3776,Meanne Arevalo,"My booking is a scam !!! theres so much discount showing on the site but when we arrived the owner has so much hidden charges and best part they told us that all details was sent to my email and yes it is sent after i already settled the required payment on this App ...Be transparent show everything on the App i want my money back ,HEY POSH BEDS with CITY VIEW IN MANDALUYONG MANILA they are the scammer they will ask you to pay more than the payment this App showed",1,0,2026-06-14 08:37:41,14.19.0
600f55a7-a514-4f9e-85f1-be2e6d0592e2,MACHERALA KIRAN,"I am extremely disappointed with my experience booking through Agoda. The platform appears to rely solely on information provided by hotels without independently verifying the details. As a result, customers are left to deal with the consequences when the information turns out to be inaccurate. This was my first time using Agoda, and unfortunately, it was a very disappointing experience. There seems to be a lack of proper verification and effective communication with customers. I expected better",1,3,2026-06-13 23:41:24,14.20.0
ae1bb9ee-6f79-4fe7-8d6a-d7e7024a5a43,Hadrien MADELEINE,"Agoda LIES about their notifications so you don't disable them. Despicable behavior. 1- too many of them. 2- In the app, the setting to disable them goes ""oops you're offline, try again later"". 3- it's a lie, everything else loads normally. 4- Once you disable Agoda's notifications in Android directly, and go back to the in-app settings it goes ""Oh no! don't miss out on deals, activate notifications!"" NOW IT WORKS??! /// that's disingenuous DESPICABLE behavior.",1,12,2026-06-13 17:59:43,14.20.0
ec6cfbe4-320b-4aca-98ea-d44c358b6b81,palaliya alpesh,"These people's job is to show us the big world. These people have treated us very badly. We booked an AC room in advance, but upon reaching the hotel, we got a non-AC room. We had to talk to Agoda customer service for 3 hours.Still no response received, so stay away from this world of agoda.",1,0,2026-06-13 17:46:40,14.20.0
732efc90-a6d9-4c14-ae3e-bf3cf821220a,vicky malik,khatiya app hai kabhi bhi ish app se apni trip plan ya koi room book na kre,1,0,2026-06-13 17:35:22,14.19.0
d425b92a-a4ad-4c33-ab4b-d34a7e3cde09,Ajit Singh,They have listed properties with wrong configurations...My experience has been bad with Agoda,3,0,2026-06-13 15:48:54,14.20.0
6c601923-0ceb-4a94-b77b-c50289cc37a2,Joseph Jim,"I booked for 13th and the system booked for 12,even though I booked on 12th night, their system placed the order from 12gh noon to 13th noon. when we got to the hotel, they said your slot is over. left on the streets. Now the customer care doesn't reapond properly",1,0,2026-06-13 15:09:53,
ddf8b6c6-9172-48df-a06f-a847245c0dd7,Romelyn Casasola,"Agoda was my worst nightmare. This app is not user friendly. I only help my brother browse for a local hotel comparing prices with other app. he end up booking on other app because its way cheaper. me not knowing that just by browsing the did not confirm if i made that booking they just push it thru. The sad part is , its not only one hotel its 2 hotel that they charged me. i called them and the hotel but it seems that Agoda is the party that dont want to refund the payment. will be deleting app",1,5,2026-06-13 15:03:57,14.20.0
e54f065a-5432-45cc-9ecf-26f16335e2c5,Dean Stanton,"Continues to crash in Messages and Help Center. ""Try again"" displayed. On all my devices. So it's Agoda technical incompetence again. Unstable even on a Google Pixel 10 Pro running Android 16 with all latest updates. ""Contact us"" crashes within seconds, messages disappear and the app claims my Internet connection ""is unstable, which may delay agent replies"". This is complete fiction and is simply plumbing duct tape to hide technical incompetence.",1,0,2026-06-13 13:55:50,
f8f65045-5d85-4194-aae6-74aaa38b84d3,Simon S.,"the ""save to trip"" feature is extremely annoying and just wasted half a day of me reviewing hotel and diligently saving them to favorites. Turns out they did NOT save to my usual global favorites, but to some imaginary ""trip"" Agoda created for me, and all got lost when I managed to delete this not existing trip. The kind of ""helpful"" features that wastes half a day of work. I just want to browse hotels, save those I like, and be able to book it later. How hard can it be?",2,4,2026-06-13 11:06:19,14.20.0
2b0af99c-31fe-4283-ad07-eff9cdbbd296,Prasanna Kumar,useless agoda app ...idiots app .....waste app......complete fake details,1,0,2026-06-13 10:34:14,14.20.0
1892aadd-4069-46d6-a008-810e9c7c3aeb,rakib ahmed,all options covered,5,0,2026-06-13 09:34:22,14.20.0
cc84cae3-0776-4069-8186-e3d5f235ba51,Willy Prawito,user friendly application,5,0,2026-06-13 09:11:25,14.20.0
c1fa1b4d-5c2b-460b-a259-f314ce5210b6,Parfull Chand,agoda par hotal book karni par hotal bala ka kuch aapta pata nahi chalta or agoda bala hotal ka number nahi shear karta hai,1,0,2026-06-13 08:45:18,14.20.0
c2450d62-45b2-46bc-9326-b2a36f8c0589,Sangeet Sarang,Wonderful 👍!! What a nice experience in low prices !!,5,0,2026-06-13 08:12:53,
082456a0-5545-496c-aa0c-8a9d7cfa2e3a,Alvin Airish Tandoc,i gave it a 1 star because it was shown in other app as an ad and it does not have any exit button even after 15 mins.,1,1,2026-06-13 08:12:23,14.20.0
dddfb1ea-8bac-4edd-9a9e-1fc4842f8ceb,Oky Nelwan,"user have to be carrefull, sometime apps is not working well",1,0,2026-06-12 20:58:11,14.19.0
c5ab2045-d0f6-49bc-9278-ac44da5243f0,Ajijul Ajijul,bye2 Agoda thanks for the scam,1,0,2026-06-12 20:09:26,14.20.0
d449f4e5-007a-4ee0-af32-7a3e904e4852,Palash Sengar,"I'm downgrading Agoda's rating to 3 stars because my last 2 hotel bookings through Agoda were terrible. One was Dayananda Home Stay in Rishikesh. We couldn't even locate the hotel, and the property manager didn't pick up our calls. Then the other one was in Dehradun, Hotel The Grand Cassel. After confirming the booking, the receptionist told us the hotel was full and said ""talk to Agoda and take a refund"". I mean, what the hell. Pathetic experiences. Agoda has just listed any random hotels.",3,1,2026-06-12 20:02:32,14.20.0
64681cd4-4361-4ebc-9cb5-9ec3747c7077,Michael Austin,the app make all sorts of suggestions for places and itinerary items that are Several States Away! Not to mention the nearly 50 notifications it has tried to send over nothing. Come use this or another coupon. I only downloaded this app for a single hôtel use and am wondering if I should have just skipped. I know I will be removing it after my stay and will probably never use again. all you needed to do was be the best price and suggestions that are actually local.,2,10,2026-06-12 19:55:55,14.20.0
3fdcc56c-d600-435c-9b81-3518400cc20d,Antonio Komang Yudistira,"payment process UX and feature and customer is suck, don't use this app anymore. meanwhile the app said no cancelation, but the payment feature not shown making anxious.",1,1,2026-06-12 19:36:56,14.20.0
9b6e2687-5dbe-43f9-96d9-cf081f18e1fa,Prakriti Hela,"the worst booking app , I got worst experience from this app, I booked a room which was showing ac room with good category, but after payment and confirmation voucher i got u know my room.was non ac room, and 2nd thing when I called hotel if that can be change into air conditioner room they asked for double payment. I have to cancel my booking ,but still im waiting for my refund which I havnt received, and there is no way of customer service the bugs where arrived ,not response atall",1,2,2026-06-12 19:04:02,14.20.0
3af8948b-6ed7-4517-a9de-ecac54b1507c,Mohd Azlan Manogar,I booked room with breakfast but end up hotel inform upon check in no breakfast..Very dissapointed...paying expensive ending no breakfast..,1,0,2026-06-12 18:41:18,
3fdca77b-0fb3-4ba0-b9b1-61621bdfbc7c,heba abdelmonaim,"stupid lair app, showing false information about hotel facilities,manipulating with words not solving any problems you might face with your bookings. I have deactivated my account and will never use it again. I already tried to reach out with the customer service and it wasn't a good experience and they didn't solve the problem which was they simply laid in the ads and they did nothing about it saying it's my fault that I didn't read the details which is laying and I did read the details!",1,0,2026-06-12 18:12:18,
235cca02-d353-40e0-b8d3-60c19ea4e334,Anil Chhapariya,"fraud...disappointing experience with Agoda. During the booking process, several room amenities, including air conditioning, were prominently displayed. However, after payment, the booking details appeared different, which created confusion and concern. Customer support was not clear enough in resolving the issue. I believe Agoda should ensure complete transparency about room amenities before and after payment to avoid misleading customers. I hope they improve their booking experience and custom",1,2,2026-06-12 14:52:27,14.20.0
25afd200-d235-42b4-94b4-655c61e0b019,Gautam Bhatia,Pathetic Customer Service - Never ever book from this app since the support service is pathetic. You will lose your money and mental piece reaching out to them with their useless UI and will be stuck in a loop for reaching out to them.,1,1,2026-06-12 14:08:28,14.20.0
bde7ff31-5d75-4415-a54d-64a1c2d39b6d,Arpan Chakraborty,lots of fake promises,1,0,2026-06-12 13:01:47,14.19.0
a022252f-506a-4dae-976b-2ee229ff5561,Marlin Arul Anand,"Agoda prefers the check-in time at 12:00 noon only. For example, I am started at night and reach the preferred destination at early morning. But if the check in time is 12:00 noon where I/Customers have to stay. In the street or bus stand. Please clarify.",1,0,2026-06-12 10:49:18,14.19.0
cf938e8a-a296-4058-bc15-e4d6091df0ec,Sujata Singh,very bad app for booking hotels the hotel which I booked using agoda denied entry by saying they don't take bookings from agoda site very bad experience. I have to find another hotel by reaching destination very disappointed 😔,1,0,2026-06-12 10:01:28,14.18.0
a1765d44-40bc-436b-bf8e-0b910edff24a,Chetan Walthare,very smart app but very much for your support,1,0,2026-06-12 09:13:26,14.20.0
a108109f-62ba-4698-a6b1-cce46f7d0a7f,Type-o,"I was trying to book a hotel for the 11th-12th, but rather than inform me that the chose dates were unavailable, the site automatically moved the reservation date to the 15th instead. I was then refused a refund when I called immediately to correct the issue. I'd have been happy to book at another place with Agoda if they granted the refund, even if only as account credit, but after this I dont believe I will be returning.",1,8,2026-06-12 08:18:59,14.20.0
07dda15b-0b74-4285-b84a-a8c9bab73372,Erik Rivera,"app works well, a lot cheaper in most cases for same hotel advertised higher on all other websites! saved me a lot staying in LA ever and a diff place was nite near forum and down in San Diego",5,0,2026-06-12 01:41:03,14.19.0
b5129e5a-36ca-45a1-b4c2-9e4d200fd210,Sergio Romero Pacheco,I used this app to make a hotel reservation and by accident I booked 2 nights instead of 1 I contacted customer service in a few minutes after I noticed my mistake they promised to help me. They said that they will contact the hotel to approve the cancellation. When I arrived at the hotel I talked to the manager and he said that he will approve the cancellation if Agoda contacted him and he wrote notes for his coworkers in case he wasn't in charge. I stayed 1 night and payed 2 regret using it.,1,1,2026-06-12 01:33:06,14.19.0
51888a23-eafe-4506-90f7-28eaa16e6081,gyaan ganga,"Agoda showed one price during booking, but when I arrived late at night at Hotel Hi Life DX, the hotel demanded extra cash for a so-called ""Delhi City Tax"" that was not clearly disclosed. When I refused to pay the hidden charge, I was denied check-in. I had to find another place to stay at night. Very disappointing experience and poor customer service. Not recommended.",1,0,2026-06-12 00:51:53,
b7c165d7-f2b7-4d3e-bb2e-397202cc078f,jyoti ranjan sethi,The checkin experience is horrible.. Agoda doesn't update it's booking to the property management.. and even after payment of full price in advance I had to stand outside more than a hour and it happened twice with me... and experiencing this when you are too tired from the journey and in mid night and they are saying it's booked somewhere else and they are offering a free cancellation at this mid night... and giving a suggestion to directly check in to the hotel by offline manner... ha ha ha .,1,5,2026-06-12 00:14:18,14.20.0
fa657ff6-2dfb-47c9-b356-20e43704637b,Kishan Suthar,really this app is very important and expensive,5,0,2026-06-11 20:50:33,14.20.0
100cc507-50d4-43cd-9947-33cea66daec3,Syam Kumar,Bad customer service experience,1,0,2026-06-11 20:39:25,14.20.0
fd2cacb9-79ff-4597-ace1-5a8755b0058b,Pritam Mahana,Warning :- This app is a big scam..they deducted my 1250 and popped up a messege that an unknown error occured and they will give refund me but its been more than 7 days no refund.Which kind of glitch or scam is this.Highly disappointed.i will file consumer complain on this app and give negative reviews everywhere for this scam app,1,0,2026-06-11 18:45:20,14.19.0
cb6a8a40-8e5c-4acc-9007-373784ddf6d3,Alaa Nassar,"The worst hotel booking platform I have ever used. Agoda relies on third-party providers to process bookings, which makes cancellations and refunds unnecessarily complicated and frustrating. Based on my experience, I would not use Agoda again. Please do not be misled by the generic AI-assisted customer service responses posted below. Despite multiple attempts to resolve my issue, I have received no meaningful assistance. I am currently pursuing formal legal and consumer protection.",1,0,2026-06-11 17:59:36,
b21b9ef6-cefb-40d9-91d0-d815a469998d,Arulkumar Velusamy,"waste of time and money, photo is agoda app are fake",1,0,2026-06-11 15:29:57,14.20.0
0f36b482-a4ba-4866-8101-2aaed8d12003,ipsita pattnaik,"very bad experience with agoda . the worst part is their service to customer. They are not able to give any solution for any of the problem also their most of the customer executives are very rude. They have only partnership thats it they have . Dont suggest agoda specially for hotel booking . Its a loss of money . very very bad experience . no option for - ,else would have given - rating to this app.",1,1,2026-06-11 11:22:43,14.20.0
84466159-9a55-40c9-8703-5d52c8ffdc19,Ankit jha,"I made an honest booking mistake and reported it immediately. The hotel clearly said Agoda must handle the change, but Agoda refused to help. No date modification, no cancellation support, and poor customer service. I will think twice before using Agoda again.",1,0,2026-06-11 10:34:25,14.19.0
62dffdb7-f99e-4fc3-b3c1-70aaf6695e99,Nelson Ho Wei Kein,"Agoda AI customer service sucks. I had booked a hotel, then realise the date was wrong. So I seeked app customer service to amend date. The AI chat bot simply led conversation to cancel booking. And I lossed money. I couldn't find my conversation with AI, so I called Agoda hotline to fight for my right. End up I got my refund to book another hotel. Please deploy normal customer service in app.",1,0,2026-06-11 10:05:33,
fc320e29-1fc5-429b-aeeb-001286bc6357,Shanali Bandaranayake,If you're looking for Simple and easy bookings at great discounts don't shy away from using Agoda! ❤️,5,1,2026-06-11 09:38:54,14.19.0
b3c16679-d74a-4869-9802-f67565bdcdc5,Chensingh Kanesh,app is best,5,0,2026-06-11 09:05:07,
b7631bc5-3428-4001-95d9-9db583b39378,steve hoben,I try to use it as much as possible for my south east asian trips,5,0,2026-06-11 04:23:29,14.19.0
08dd9907-6447-49fe-9ccf-cb4559925708,Bhoybros25 Bros,"Agoda is worst customer service. AI chatting is not working. The guest concerned has no action. I booked on June 3-4, 2026. I requested a refund from the property Host, the host said he would return the money. but after 4 days no money entered my account. so I decided to delete my agoda account this is nothing. worst experienced this application.",1,0,2026-06-11 00:14:23,14.19.0
1ce03292-895a-4206-8233-bce51c3e8013,vikky,"⚠️ Stay Away at All Costs This is not a hotel, it’s a disaster zone. AC is dead, you’ll sweat like you’re trapped in an oven. Shower doesn’t work, so forget about bathing. Bed is filthy, crawling with stains — sleeping here feels like punishment. Toilet is broken, disgusting, and unhygienic beyond belief. This place is a health hazard, a nightmare, and an insult to travelers. If you value your comfort, safety, or sanity, never step foot in this dump.",1,0,2026-06-10 23:59:30,14.19.0
20f19766-af57-4f97-b139-dbc4fb5be97d,Gwyneth Dsouza,"it's been more than a week now, and I haven't gotten my refund back. I have my cancellation email as well, please help.",2,0,2026-06-10 20:22:09,
6e499164-ea84-4a50-b243-ab579656835f,Hrishikesh Shetye,very bad app my two bookings are confirmed without any intimation and my money got deducted from credit card very disappointed never tel anyone to book from this app in future,1,1,2026-06-10 19:45:21,14.20.0
85c4d5da-27ca-428c-828c-5f03c3c4a25d,K A,they don't have it cheaper than others. false advertisements,1,0,2026-06-10 19:06:28,
1e4248e1-6cde-420b-bd68-c5a940a4f19c,Allam Rohit,"Writing Agoda should clearly show all mandatory taxes and hotel charges before booking. At Hotel Hi Life DX, I was asked to pay extra charges at check-in that were not disclosed during booking. This lack of transparency caused inconvenience and confusion.",1,0,2026-06-10 16:35:51,
9a85419d-7e05-49ff-b790-4d922dd074b3,Vivek Kuldeep,very poor service.. plz don't use agoda at any cost,1,0,2026-06-10 14:35:22,14.19.0
f544f46f-cc81-4f2c-bd17-36d921036823,Raymond Liew,"unable to make payment, tried several different cards.. therefore it is basically useless",1,0,2026-06-10 12:31:59,14.20.0
91b3b459-297f-4c7e-b34a-14667f5c88e3,Roshni Khanna,this is fraud company this is scamp and don't do any booking or else u and your family will cry and pay the scamp charges they and their hotel all are involved in fruad,1,0,2026-06-10 11:40:33,14.19.0
38215482-8190-4264-a6fd-5e2ea7d6bfee,Van Elgikayten,"There should be a real working way to filter out hostels. I've used the apps filters, but I still get hostel results.",3,0,2026-06-10 10:49:23,14.19.0
af12b90f-2044-412c-8065-8d48792120f7,Nebha Jog,I'm booked for 4 person when I reach to the hotel they told me that you have only one person booking you have to pay extra for 3 person after that I'm call agoda customer care they told me that you pay for now extra for 3 person we will refund your extra in 48 hours after 48 hours I'm calling again and they told me that not our fault you it's your booking mistake at that time I'm realize that I'm been cheated that type of company's is a big robbers they loot your money by making a technical issu,1,0,2026-06-10 10:42:40,
8322b770-c130-4b82-9421-da43f882f7a3,Debasis Panda Deben,"Worst Experience. Booked room in Darjeeling on 05.06.2026. Agoda booked the room even when there was no room available in that hotel. Subsequently, when I reached the hotel, i came to know that my booking has been overlapped. Agoda customer service put the blame on the hotel and agreed to refund my money with a 10% bonus. Now, to get the bonus, I have to click on a link sent by Agoda and enter my bank account number and other banking details. Absolutely nonsense.",1,5,2026-06-10 09:52:11,14.19.0
e0e6f94b-c44a-4582-85c7-a5e23402e65b,Cali Gemini,This app is better than any other app I've used. I just discovered it by accident after using Priceline for months. The discounts given can be used at the time of purchase. Priceline gives discounts on selected hotels you don't even know the name of until after you pay for it. I've never heard of something so ridiculous!,5,2,2026-06-10 09:41:16,14.19.0
4f2412d8-9c12-4652-be4b-582927396e1c,draker Horzin,SCAM ALERT!!! After booking the hotel was not found. Don't book with this app,1,0,2026-06-10 08:42:46,
f8252870-f5ff-4caa-987e-a59275ac6b7b,Nattabhon P,"The app works fine but it awards more loyal users with less discount than less visiting users. Well, I am a Platinum but I normally compare prices between apps so I don't use Agoda every time. Still, my cousin who is a Silver got better offers in 2 of our latest trips in Bangkok, and I got a better offer than my sister who is a Diamond in our trip to Three Rivers. And I'm talking about 20% differences! It seems the user tiers and privileges are a joke.",3,0,2026-06-10 08:38:15,14.19.0
36efaea6-99f3-46a7-a35e-440caa3d12d7,Mohd Mikhail,You said payment approved then not approve????,1,0,2026-06-10 08:00:49,14.19.0
5119ca98-60cc-4b85-a517-c5b3de0cd2e8,Jonah,"Do not book here!! Aside from cancelling most of the bookings, they'll accept bookings although it's no longer available. We were left with no choice but to accept their suggested hotel instead since we were already on the way and I had brought my 3 kids with me!! Useless customer service too!",1,0,2026-06-10 06:37:48,14.19.0
fad2b558-6ed5-4e59-b47b-fb3180e2a3fc,Muzzammil Shehnoz Khatri,"Extremely disappointing experience while booking an activity with Agoda and even worse Customer Support. First of all quick help is not available for Activities, it has to be approached through email only. Secondly, even after providing all the proofs and requesting to assign dedicated person they did not. Throughout the email trail I had to explain everything again and again and provide similar screenshots and files again. No one bothered to look at trail before responding.",1,1,2026-06-10 02:15:48,14.19.0
e79b06b3-70c6-4e7f-b9a7-5c9bdc02b1d9,Anup Pinnada,"Very disappointing experience with Agoda. The booking page showed a very low room price, but Agoda did not clearly inform me before booking that I would have to pay an additional city tax at the property. This extra charge significantly increased the actual cost of the stay. Important fees should be displayed clearly and prominently before customers make a booking, not hidden in the fine print. This feels misleading and creates unnecessary frustration. I expected transparency, but Agoda failed",1,4,2026-06-10 02:14:06,14.19.0
757877e1-0a07-4c05-8bc3-25e049d7226e,Sonja Long,By far the best app for discounted rooms. I haven't found another app that Ive gotten the price of a hotel cheaper without there being some sort of catch....THANKS AGODA,5,1,2026-06-09 21:19:27,14.19.0
5e3a86fb-ec90-49ea-970e-b356c4443e21,Jason Finger,I DO NOT RECOMMEND AGODA!!! Their support agents are some of the most incompetent people I've ever dealt with. I got confirmation from the hotel that they approved a full refund but since Agoda is somehow unable to reach anyone at the hotel to confirm for themselves they're refusing to issue my refund. They offered me $10.24 in Agoda Cash instead because they are too incompetent & apparently can't reach anyone at the hotel in over a 24 hour period. ***I REPEAT...I DO NOT RECOMMEND AGODA!!!**,1,0,2026-06-09 12:11:34,
725c6b4e-2ab6-4c6a-ac15-3359b79603b4,Sonika Vyas,to much ad,1,0,2026-06-09 11:10:09,14.19.0
b7160029-3ca2-44da-bcad-facc1ba527d5,Ben Koh LK,"Bad experience, very slow respone on cancelation. Delay until unable to cancel the booking",1,0,2026-06-09 09:40:53,14.19.0
f804ff6b-fb55-4ae8-920a-6214d608a14f,Lawung Panji Sadewa,berkali2 pesan ga ada konfirmasi masuk ke email. pas udah ga kebayar dan cancel baru masuk. udah tanya ke ke cs dijawab mesin ai semua. nanya konfirmasi dll katanya ga bisa diproses dll nunggu pembayaran. nah pembayaran aja ga ada masuk di email gimana suruh bayarnya. di aplikasi cek pembayaran jg ga ada. aplikasinya jelek gez,1,0,2026-06-09 06:28:57,
9798914e-fa5b-44a4-9501-6647db2bcf31,Awang Asfia,The Supporting team fail to solve the problem and slow action... Very disappointing,1,0,2026-06-09 03:37:23,14.19.0
92915cf1-f83d-4e08-ba85-7a862454d800,Dennis Ramos,You have the worst customer service I have ever experienced. You don't even have a feature that allows customers to properly speak with a hotline to assist me with my cancellation and refund. Are you guys scammers?,1,0,2026-06-08 23:20:31,14.19.0
0fb0e7bd-b249-4446-8fa6-1564ea69c84b,Rhino M.,"check this site out first, they really do have great deals! but....also look up the reviews first about the place before reserving....",5,0,2026-06-08 22:20:00,14.19.0
9cba1dcc-e1ee-4d73-ace7-a90f420d8368,Ajay Kumar Reddy Vanteru,"Very disappointing experience with Agoda. They don’t properly verify hotels before listing them on the app. We booked a hotel shown in the app, but after reaching the location, there was no hotel with that name. Instead, another hotel with a different name was using the same photos from Agoda and charging almost 2x the booked price. When we complained, customer support only kept asking for bank proofs and screenshots, making the process very frustrating and time-consuming. Poor verification and",1,1,2026-06-08 21:24:00,14.19.0
c6f8deae-f219-4e13-b29a-1bb072ca93fc,Mike Kwan,"Agoda is undoubtedly best booking applications ever, but it turns out almost each and every booking of my flight will change schedule, not sure about the flight company or Agoda himself is doing the changes. somehow when I try to contact the customer service using message, it turns out that Agoda PURPOSELY and SIGNIFICANTLY slows down my typing and questioning experience, too bad that Agoda PURPOSELY do this kind of gesture. Bad experience gained",2,1,2026-06-08 20:51:03,14.19.0
7f19bef2-2f55-4928-a97e-a278b1e7761f,Lenggot,I've had the worst experience in this App!!!! The agents say different things!! I can't talk to anyone with my concern. I will never book in this app again!,1,0,2026-06-08 20:21:10,
3addb506-ec6e-496b-9c6c-5c8c7143b2a1,Naseema Altamimi,"very bad app be careful.. I chose book now pay later, but they deducted the full amount at the same moment. And the worst customer servise ever as if I was talking to the wall no replay",1,0,2026-06-08 20:19:22,
dd520d0b-3e39-4467-b7e6-3610626a6d88,Kaushil Rakhasiya,"Poor customer support. God help you if you have any problem with Hotel, they'll just keep you in loop of AI Chat. It takes lot of time to connect with agent. I booked a Hotel with them: Actual Location was ~6km away from location shown on Google (Location on Agoda was correct) but was only visible as address and not on map. Agent couldn't help with cancelation, behavior of hotel person was also rude. They indirect support such fraud Hotels.",1,0,2026-06-08 18:31:16,
338a4769-5d89-4661-9cd1-02b48651f9a7,Nabil Salman,the keyboard bar gets so laggy whenever i access the customer service page,1,0,2026-06-08 16:38:15,14.19.0
d2b97f19-6926-48f7-8e6c-a314b077906d,"BMCN Travels TN,KL,AP,KA&PY","worst experience ever, fake booking, wrong commitment, wrong offers to attract customers, fake rooms and hotels...",1,0,2026-06-08 16:08:15,14.19.0
4a6bd9c9-4afb-4f99-9f93-334305f6045b,Si “Si-Fi” Brown,Very Easy App to Use & Claiming your Discounted packages even easier to claim in real time online...,4,0,2026-06-08 15:55:50,14.17.0
e8e207ed-7d68-4c94-945a-b73779ef223c,saumen chatterjee,"do not use agoda , they mislead on amount, I paid more amount that booking amount , agoda is a scam",1,0,2026-06-08 13:46:39,14.19.0
41727640-55b2-4998-884e-f7431bd9313d,Abhishek Dhawan,"No way to contact agoda, hotel room have no ac, no bedsheets, no water glass, no room service , no food , nothing which was promised",1,0,2026-06-08 09:15:04,14.19.0
2e542884-9b76-4f85-9a7f-f7a0437c66d6,Pawan Tofa,agoda extra payment please don't install it please 🙏,1,0,2026-06-08 09:01:55,14.19.0
cf8f8be6-c57a-42bc-aca8-a0c16ac3df0f,Andreas Kristianto,"Great at magic. How can you make my money disappear from my bank account instantly but need 30 days to make it reappear? The payment aggregator confirmed the VA payment went through, but your customer care claims it was ""not successful."" I can't even trace my booking. Thanks for the forced 1-month savings account, guys. You should refund immediately! I am reaching out after a full week because my payment is being held past your stated SLA stated in private message.",1,17,2026-06-08 07:27:54,14.19.0
1e28f829-2dc5-4fd3-9595-0f737683f85c,John J,Customer care Scam they Gave me one place and when I went there hotal is not there they will connect us with hotal manager will arrange a different location with cheap rooms with no facilities..and if we try to talk with customer care they made me wait from 4 to 5 hr but still they didn't fix issie finally raise complaint with police i am removing this app for ever,1,0,2026-06-08 01:48:31,14.19.0
23dee9e6-d2e8-46be-a8f7-19724c754c9d,msks,theee app is soooooooooooooooooo good I loved it,1,0,2026-06-07 22:39:44,14.19.0
14098e05-1327-47d2-8582-268b4610c9b3,tarun jangir,I booked hotel grand marina at mahipalpur through this app and confirmed mail also received. when I reached hotel they told me that they have no vacant room all room are filled and they send me another hotel and said by reception guy that hotel is also our property. when I reached that hotel first there is no basic amenities available and I booked hotel 1462/- and hotel receptionist ask for 2800/-. after this I called agoda costumer care and told her about this situation. but didn't get any help,1,0,2026-06-07 22:03:01,
5ba41a4c-39e1-4903-9f8d-e634ecb83d0c,pushpa bolimera,worst experience...worst agoda.. i have searched for todays (07/06/26) room and booked oone room in tvc. after payment it is showing 13/06/26 booking...,1,0,2026-06-07 21:05:51,14.19.0
7cb0cf4a-2856-467e-b02e-4ddf4d1d3c9f,Omkar Shresth Awtar,"Worst app I've ever used. Not recommend to anyone, I've booked a prepaid hotel 2 months ago and due to some personal problem I had to cancel the trip so, I cancelled the hotel booking 4 days before the check in date but is said it is non refundable. But this was not written in any of the policy. I'll never recommend this to anyone",1,0,2026-06-07 20:20:46,
dd727d3e-4605-4b37-9848-869d08885513,Abdul Hannan Muhammad,worst experience been charged way more than written amount even showing taxes invluded and no clear clarification from bank as well saying conversion charges even paid from local bank disappointed and waiting for amount dispute to resolve,1,0,2026-06-07 19:00:38,14.19.0
ecfd8d34-2b50-430f-968e-dffc762372e8,Muhammad Fikri Hakim Mhd Shokkeri,"Checkout bayar 2 malam bilik sama tiba2 dapat 2 bilik berbeza. Nak harga murah punya pasal tak pasal2 kena habiskan banyak lagi duit. Nak harapkan orang tengok resit, macam aku memang tak lah dah setel bayar terus masuk. Hang nayakan duit orang lah macam ni. Kemas kini aplikasi checkout tu bagi betul2 tertulis 2 bilik berbeza. Haram betul.",1,0,2026-06-07 17:47:19,14.19.0
ba041709-5f31-4448-9370-89aacb45b642,Arun k,worst app. I booked a hotel from agoda n as per booking policy I have to cancel 24+ hrs for a refund but even then I cancelled my booking before 30+ hrs ago n now they are saying it's upto the hotel whether they refund it or not,1,0,2026-06-07 17:28:29,
87648de3-f19a-401b-ae2f-c5d0f9445be3,KR Talks,refund takes a lot time after cancellation.,1,0,2026-06-07 17:09:43,14.19.0
ba772e65-cc64-4508-9b43-577a01aab6e1,Yanis,"after years of using it, the last year was just bad experience following bad experience. - fake hotels in vietnam with reviews on agoda - wrong hotel address (arrived at a kitchen appliance store...) - booking errors with no justification other than ""oups something went wrong"", couldn't book for 2 days, contacted support, and wasted 2 hours talking with AI and then being connected to a 'human"", who's also AI. I don't know what's happening at Agoda, but quality seems to go down. I'm switching..",1,0,2026-06-07 16:44:51,14.19.0
2cf22c42-aee4-499b-9dfe-8258ca022b86,K T,pathetic. Worst support service,1,0,2026-06-07 14:30:21,14.19.0
1709bf33-0b66-4439-ba61-43e5699a2f33,Johny Pham,stupid app how can I open google map to find the direction to go to the hotel?!,1,0,2026-06-07 11:58:01,14.12.0
bab31e49-b276-4e8f-901f-cc6309b7b0a3,iwan hendarto,"sangat mengecewakan,gagal pesan sementara pengembalian uang harus menunggu entah berapa hari dan juga ribet pengurusannya(harus memasukkan lagi id lengkap termasuk bank) dan begitu baca review ternyata banyak yang mengalami",1,0,2026-06-07 11:56:40,14.19.0
cde89468-aa02-4b72-b0c9-f3febc0bcd7a,Christian Fischer,Allows scammers. I have a hurt foot and lost 2000€. They didn't do anything. Avoid at all cost. Support blocks. I have cost at the hospital. Loose money AND loose health using agoda. Choose wisely.,1,0,2026-06-07 07:57:23,14.19.0
15fd61ee-46e0-4a5d-9002-b8415193e04c,Yaya MarLea,"orang yang jarang booking dapat murah, aku yang selalu guna agoda lg mahal dapat. hahaha. pembuyuk",2,0,2026-06-07 07:31:04,14.13.0
947d08a9-a5bd-49fe-b613-6db6689c4e5e,umasunadari s,"please please don't trust this app always goes through no cancellation policy and it's highlights the Date only after booking only willlget check time and all Their Policy Timing, Cancellation, Return Policy can't get Detailed while booking. please try to avoid completely Not ethical...I lost Huge Money ,full of time waste to Collect back our Money",1,0,2026-06-07 00:05:02,14.19.0
ba618397-0d03-47c3-a66e-4f3c86c691e8,Balvinder Singh,Be very careful when booking bcs they will say email send for cancelling flight but not will not receive by users. further more if the flight is cancel they wont help to get any new flight. they will blame the airlines for the cancelation. so better buy direct from airlines as they would be able to help without any problem.,1,0,2026-06-06 23:00:51,14.19.0
f98b8d46-43fc-45d4-95f9-0148a92662d2,Ushabh Kochar,very poor experience got scammed I booked a room for 6-7 june but the booking made shifting it to jully and when I cancelled booking I got no refund like literally got scammed for 4k,1,0,2026-06-06 18:16:55,14.19.0
83030010-2d67-4a1a-9069-8d0f8b35ccd7,Pooja K,Bad experience. Input all details while booking. due to their issue wrong details forwarded to the hotel and then they didn't helped in correction and made us pay more for the booking. The Customer care didn't helped.,1,0,2026-06-06 18:04:51,
3a2573a9-2c73-4303-a9c9-3a777c676f7c,Ishant Sahu,"Very disappointing experience with Agoda. I booked a hotel today and received a booking confirmation. However, when I arrived at the hotel, they refused to provide a room, saying they had not received the booking confirmation. After contacting Agoda customer support, I was informed that the room had already been given to another guest. This caused a lot of inconvenience and wasted my time. Based on this experience, I have lost trust in Agoda's booking service.",1,0,2026-06-06 15:02:31,14.18.0
2f26ba3a-c718-4619-83ae-7af2f2a5d694,Brett Douglas,I am a diamond member...this app was good now just ripping me off ...saying one price and then charging another .....booked at $163au with taxes and they charged the card $189au...update from there reply impossible to get anything done with them ..... and there rewards if you want a cash back you have to request it ....here a $2.72 cash back but put in a request for it ....how utterly ridiculous,1,0,2026-06-06 15:01:24,14.19.0
71a4134d-7411-478a-8f48-36a0c2f90ee5,Victor Lee,Got charged more than what was displayed. The price immediately increased from what was initially shown when I was processing my payment. Word of warning: DO NOT TRUST AND USE AGODA. Their competitors are way better. At least what you see is what you pay for.,1,3,2026-06-06 15:00:18,14.19.0
92a9cb18-c6be-4c2f-b8ed-84834d5e6f61,Elior Ben-chacham,they charged me 6% more than I committed for.,1,0,2026-06-06 14:59:00,14.19.0
09067dbd-3664-485e-9616-8e6755762cd4,Terick Tee,Very bad platform and they don't responsible for the booking you make. Please don't use their apps.,1,1,2026-06-06 13:31:57,14.19.0
39da336e-7886-4406-9fa9-d70afe80cc7c,Anshul Khare,This app is not secure and very much slow to operate,1,0,2026-06-06 11:23:19,12.3.0
12353146-4e40-4919-884a-5d8c633684ca,Bikram Makkar,"we booked hotel through Agoda ,hotel owner was said room not available. we request to Agoda refund back but Agoda didn't help us they don't refund back,Agoda is fraud they can't help anymore.do nott go for Agoda booking they can't trust worthy.",1,0,2026-06-06 10:15:49,14.19.0
2df4abd4-0eb3-4187-a73d-a80d97c478d4,Sunil Rana,Worst hotel booking company. I will never recommend anyone to go through it. They are fraud.,1,0,2026-06-06 10:03:10,14.19.0
72c904a7-34b9-49c4-a63e-0b099ab4d3fe,Michael,"As a service they are fine, as an app it's a really annoying experience. Whenever I make a payment, I have to switch to my banking app to confirm. During that switch, Agoda always loses track of the booking. Sometimes I can try again, sometimes I am blocked from making the same booking even though they failed to complete the previous one. It's bad UX and infuriating.",3,7,2026-06-06 09:12:48,14.19.0
9bd0eccc-72c5-40ea-9cbe-cfdeaa98a47f,Ngoc Dang,"I booked the room on the morning of June 6 and immediately tried to cancel a duplicate booking. The policy stated ""Free cancellation before June 6"" but did not clearly specify any cutoff time. Agoda refused to help, despite the unclear wording and the obvious booking mistake. Very disappointing customer service.",1,0,2026-06-06 08:56:20,14.19.0
f2f9401e-25ea-4624-9da1-3375b05a881b,Ujjwal Kumar Singh,No option to talk to any human support staff.,1,0,2026-06-06 07:58:19,14.19.0
a9424839-d8c0-48dd-9110-e56bf38b6317,amirah mohd,"horrible,I did paid my booking and the property not exist,Agoda refused to refund. please avoid Agoda ,banned Agoda.",1,0,2026-06-06 07:50:45,14.19.0
48472051-7805-4c36-b6b3-68aa00548951,Dharma seelan Perumal,fast response and good platform,5,0,2026-06-06 07:32:15,14.19.0
a650bf30-ec26-478b-94cc-13bec94e4348,Srinivas Rao,"Worst app, They have many fake properties listed with them They will make the booking happen and make you check in into different properties instead of checking in into orginal property.",1,0,2026-06-06 03:05:31,
2ba67cc0-9313-4dcb-97f4-0f6cb5350f90,Sai Sree,"Very disappointing experience. The platform appears to have poor verification of the hotels listed on its website. When issues arise, the hotel management blames Agoda, while Agoda directs responsibility back to the hotel, leaving customers stuck in the middle. What makes the situation worse is the lack of effective customer support. There seems to be no reliable way to contact a customer service representative, and users are repeatedly directed to automated bot response.",1,0,2026-06-05 21:36:24,14.19.0
f95c9ed3-36fc-4ae9-a62e-f28c50676429,Manish Singh,I paid 2 Time but I couldn't get any Room. No response from Customer care .,1,0,2026-06-05 21:34:50,14.19.0
a7b0bf54-e57e-4072-8403-687057e7dc45,ani tej,plz dont scam us by posting old photos of property.. plz visit once before Posting n check conditions,1,0,2026-06-05 20:10:32,14.19.0
0e7900e6-938c-4fc6-bf92-b49393ff1c68,NUR Yulianto,"good jobs, thanks",5,0,2026-06-05 17:49:53,14.19.0
efbe6080-dd79-497a-b2af-426b345a3cd6,Rui Sousa,CS is completely useless. Better off negotiating directly with hotels as the same level of protection but cheaper,1,1,2026-06-05 15:23:52,14.19.0
9ff3295b-6c9c-4b68-a4c5-239e3ac9287c,Abdul Malik,Apps not function. Jika anda telah booking pastikan call dan tanya pada pihak hotel adakah bilik masih ada atau telah penuh. Dekat apps agoda bilik masih ada tapi di hotel bilik dah habis di tempah,1,0,2026-06-05 15:18:13,8.44.0
3027cbc3-07dc-449c-933f-d7665cdd785f,Jeff Aiman,Very useful and price is affordable. Recommended to all ya,5,0,2026-06-05 14:49:46,
a53c7b04-1d9e-464c-887d-093962007b97,anton joy,"My experience with Agoda was exceptionally poor. I booked a hotel through their platform, and the stay was a nightmare. the bedsheets were soiled, and the overall hygiene was appalling, with significant amounts of spit observed throughout the premises. This was the worst experience I have ever had; I strongly advise against being swayed by their prices. Furthermore, their customer support was nonexistent. Consequently, I vacated the room without refund",1,0,2026-06-05 14:45:15,14.18.0
7cafcaa4-cbbd-4f28-bd74-dc980bf77708,ADITYA JANGHELA,worst app ever we booked 3 rooms for 6 person 3 children they booked only 3 adults... cheaters this app is do not use ... fraudsters,1,0,2026-06-05 14:02:11,14.19.0
6298be9a-b6f1-45dc-be72-928000cc2af4,Siew Keen Chow,Very bad service. Hotel gave wrong room type but Agoda ignore my complaint. Don't use this app to book hotel.,1,0,2026-06-05 10:21:37,14.19.0
961d57b8-b458-4943-b455-753c33a91c88,Dr Black,"I booked a hotel from 4th June to 5th June , paid entire amount & reached destination but no hotel was found as per given address. Total fraud and cheating. They don't give property number as well ! Don't book rooms through this app, as they are total frauds!!! They don't refund money as well!!!",1,0,2026-06-05 06:40:38,14.19.0
1365efe3-bd5b-499e-9ff7-e266cae30f27,Bablu Ram,bahut acha app hai,5,0,2026-06-05 06:31:16,14.19.0
f8d9f1f7-6702-4526-be30-c1dbb240302d,Saurabh Agarwal,Terrible Stay at hotel with no complaint mechanism. Deserves a negative star,1,0,2026-06-04 21:03:23,14.19.0
ae13f2fd-fd55-4168-b33b-985b2c324eac,Chocolate Biscuit,"everyday tell me ""room is not available""!!!!",1,0,2026-06-04 19:49:44,14.6.0
cbb47a77-3260-4197-adbb-6611063b06e0,Sarah J,"make sure you check what is actually included as they false advertise, refuse to honour it and are no help at all even with proof they are in the wrong",1,0,2026-06-04 19:37:00,14.19.0
a2adf315-29a8-4fc8-9f08-b051e2cb0fe0,Faust Vercetti,"clunky app. edit your reviews. referal price / price on the app isnt the price you pay. they offer a voucher if you pay for extra support when booking, although the voucher never works. the ""before discount"" price is inflated/ arbitrary / fictional / changes between users. The VIP earning system feels scammy / doesn't reflect your spends. I spent $300 yet it says I spent $200. Their ""contact us"" is a limited response AI chat bot",1,8,2026-06-04 18:28:36,14.19.0
58744dba-a3c6-4091-b28a-84a5d4611571,Juats Amarillo,"I had a disappointing experience booking flights through Agoda. Although I purchased tickets for my family of three, our e-tickets were issued under separate booking references without clear notice. As a result, we were assigned seats far apart during check-in, causing unnecessary inconvenience and stress. Agoda should clearly inform customers before purchase if a booking will be split into separate reservations. This experience fell below my expectations.",1,10,2026-06-04 18:08:15,14.19.0
a31d7619-ed0f-4968-aa4e-15e83a918615,seenu_mlt 83,The worst app deduct my money once booked the room then blame the hotel have cancelled the booking when ask for refund customer services give 30day time to refund...useless plz don't get cheated with this app...,1,0,2026-06-04 15:27:22,14.19.0
071a21b9-6143-4d83-9a86-cc8148daa515,Rima Zainal,very easy & more cheaper,5,0,2026-06-04 08:27:57,14.19.0
ca980118-74c0-4adf-ba96-ed3049552eaf,PTRAYANINDOPAK INTERNATIONAL,good experience with agoda,5,0,2026-06-04 07:38:38,14.19.0
a2839f5c-0788-456a-aa91-75deb793a0a5,JISHNU K,don't use this app i booked a hotel from agoda and paid full when I reached hotel they haven't got any reservation and hotel was full . After the conversation with the hotel staff I get to know that the hotel is not taking any booking from agoda on top of it agoda has changed me twice the amount of the hotel per day change . After contacting agoda customer care and waiting of half an hour the amount was refunded but no other help was provided,1,3,2026-06-04 07:20:09,14.17.0
a0a99d21-2559-4a5b-813b-962688e0cc93,Azka Radinka Maulana,"aplikasi aneh, dah buking dah bayar, dibatalin sepihak bukingannya",1,0,2026-06-04 02:10:11,14.19.0
6712978e-bffe-4c33-bce5-4f5046f65ce8,Himanshu!!!! Karki,Cheating is not good... They show less price initially so you login and book from their portal and show you final increased price at end... removing the app Tried booking for Nimrana and they added 3000 booking charges for no reason (plus 2450 tax),1,0,2026-06-03 23:28:16,
238b02a1-dd18-45f9-9796-9aa8394af702,Sunil Sharma,"pathetic and wrong information about hotels, not the customer support system, don't use booking the hotel via this application it's pathetic and wrong information show in application it's laying",1,0,2026-06-03 21:04:38,
e7dfc6f1-6b7a-4989-9e03-92b6af2f349e,Rushikesh Shinde,"1⭐ Very poor Agoda experience. Room was not properly provided and we were shifted late at night to another hotel. Safety, hygiene, and basic facilities were poor. Agoda support was unhelpful and refund support was disappointing. Not recommended.",1,0,2026-06-03 20:05:32,14.19.0
f80a40dc-8d08-4fce-ba6c-db9c6ec6584c,Prasanna kumar K,worst app Had a very worst experience checked in by evening 4:00 pm(28/05/2026) and checked out by (29/05/2026)05:00 am I went to the hotel after a surgery in fingure at kauvery hospital and worst condition that couldn't walk but I was given room in 4th floor .very small rooms not worth for money and nothing was good they don't have restaurant and tv they don't have connected with channels except online youtube and pillows were not clean and overall it's a zero rating hotel.agoda is a broker.,1,0,2026-06-03 18:05:15,14.19.0
944dabf6-47c7-48f6-bc75-f19cc48a1589,Ayaz Hyder,i saw here many people reviews bad and angry mood why ?,1,0,2026-06-03 17:04:16,
0b981685-706c-4e84-80ad-9f8f4e29b797,fery maruto,"Dear Agoda, your employee, Henry, stole a lot of money from me. please reply and be responsible for the actions of your employee",1,0,2026-06-03 16:52:06,14.19.0
9e910367-0782-4c98-a962-3111682aa0f8,Via Red,"I noticed that the text on the Home screen, as well as the text fields that need to be filled out, is a very light gray color. It's so faint that I can barely read it. Please fix this contrast issue!",1,0,2026-06-03 11:53:41,14.19.0
f763b2e4-d4c9-4a62-a717-e94c30dc3a8b,Fit Rackus,"Worst app ever, photos of the hotel not accurate, unclear. Customer service can't do their job sadly. Overall can say like scammers be careful using this app.",1,1,2026-06-03 09:51:35,14.19.0
1b6115f3-e2a1-4627-a46e-b64dab76c2be,Krishna Saini,good app beautiful,5,0,2026-06-03 09:03:55,
bc6a8364-7e76-481f-8090-6049ead0ac6e,AMIRUL AMIN BIN MOHD SAID,"saya telah memesan 1 apartment di KB.tetapi bila tiba di sana tiada ape2 makluman tentang rumah daripada owner.bila di tanya pada customer service agoda,dia minta contact owner,sedangkan urusan tersebut agoda perlu maklumkan kepada owner.boleh dikatanya sebab saya terlewat tiba dari ETA yang saya letak,terus pihak cs agoda anggap saya tak jadi sedangkan bayaran sudah dibuat dan tiada refund.nasib baik dapat hubungi owner melalui whatsapp.sekian",2,0,2026-06-03 08:31:32,14.14.0
ff880dfb-58b3-4afd-b151-dd1f385468fa,Rama Aditya Pratama,payment success withoud id booking is criminal,1,1,2026-06-03 07:26:16,
2c7961f0-e995-49a2-b628-6d0df29035c3,Bobby,Error on booking. Tried to select a room from a hotel then add to cart i noticed that the room selected is different. Sent a video to the support team. Now my booking is blocked on their end. They said they will send a cancellation request to the partner 2 days ago. Surprise surprise they have not sent it. Changed my rating from 5 -1 stars. Non-member booking is cheaper,1,14,2026-06-03 07:07:00,14.19.0
86d163ca-4ba0-45e2-b06b-8f3af1cfad6c,Umar Shareef,"Booked a hotel in Abha, Saudi Arabia through Agoda. After arriving at the hotel, I was informed that they had not received my booking. I spent more than two hours contacting Agoda before the hotel finally received the reservation. Additionally, I booked the room for 3 people, but the hotel provided only 2 beds. Overall, this was a very disappointing experience and made Agoda seem like an untrustworthy booking platform.",1,12,2026-06-03 03:18:30,14.19.0
3dae9de6-888d-4582-822e-b11c614d7b3a,Doan Vo,"This app is a scam, and they are really cheating on their customers instead of protecting them. When we bought a flight ticket, there is a cancellation policy on the app. However, when we decided to cancel the trip, they said that the refund depended on the airline company's decision. And even though I did press cancel more than 30 days prior to the trip, they did not progress it and leave it there as normal until I realized and got back to them to ask. And then I had to wait for more than a wee",1,6,2026-06-03 01:58:15,14.19.0
d68e56d2-5828-4318-bc7c-b1871e13e0f8,Angel CK,Some hosts are scammers and cost us a huge chunk of money,1,0,2026-06-03 01:04:45,14.19.0
c7c456d1-8e99-4c9d-9aa6-4891c7bd3842,C James,"booked a hotel for $201/night for 2 nights, total $402. they charged me $415 + $45 fees, but my invoice said $402. when I asked to cancel because they overcharged me, they told me they could only refund 50% because the hotel wouldn't accept cancellations and I needed confirmation from the hotel. the hotel said they would happily refund 100% as there was a month before the booking, but agoda still said the hotel denied my full refund and then stopped communicating, claiming it was solved.",1,2,2026-06-02 23:36:33,14.19.0
4a49b2ee-8dc7-475d-ae1b-1ef07e549dd0,Angelica Belandres-Guinto,Secured and fast. I love it!,5,0,2026-06-02 22:35:13,14.19.0
f483f2c9-1fac-49ba-9bde-a95230b30192,Jamal Jamal,Very bad. They collect payment from guest and refuse to release the same to host. There is not any complaint redressal forum in the app. They just ask us to click here and there and bring us endlessly to nowhere. it's frustating to go through the app.,1,2,2026-06-02 20:59:19,14.19.0
b7a0a3bc-d55a-4651-887f-7985cb633b38,Heryanto Evans,"for me, I will never use this apps anymore.. bad experences I got..",3,1,2026-06-02 20:06:16,
d719add8-a128-42b4-bf1a-e576d64ef6d9,ZhengLong Lim,Tried to book the hotel room 3 times. 1st time: Room type is not available 2nd time: Price went up and room not available 3rd time: Price went up again and room is still not available.,1,1,2026-06-02 18:40:39,14.19.0
23f45745-d68b-4613-b362-616b35ab4b9d,Jeffi Wahyu,I was a gold member once. This app is a scam in disguise. Remove it from you phone ASAP.,1,1,2026-06-02 18:40:02,13.36.0
9f9f46f4-4967-4720-bcad-32d55388d244,Qu Wang,"Agoda facilitates hotel scams! ​Agoda facilitates hotel scams! The listed price is a total lie. At check-in, I was forced to pay a massive ""resort fee"" that nearly doubled my rate. Agoda deliberately hides these fees to trap you when it’s too late to rebook. To make matters worse, the hotel was a filthy, noisy dump right under an airport flight path. Agoda does zero vetting and profits off bait-and-switch tactics. Deleting this app immediately. Do not trust them!",1,6,2026-06-02 11:05:02,14.19.0
dfcd02f3-e779-41ab-a9d5-bec8bcbb6d19,Muthaiya Sundaram,"worst app, dont use this app for hotel booking, not showing the informations properly. my sincere and honest review...Do Not use this app",1,0,2026-06-02 06:34:09,14.19.0
b09d43ac-0474-4a8e-8a52-3f87035f4d87,Firdaus Rusmian,I try to amended my booking date but have so much error . i use the online payment but the error message mention im using a credit card and my credit card having some issue . 🤦🏾‍♂️🤦🏾‍♂️ very disappointed with this app .,1,0,2026-06-02 04:38:59,14.19.0
560de1f0-0464-428f-b1f6-3fd7dab8d160,Ivan Karlo Bayron,Agoda booked my group separately so we got split up in the flight going home which was rescheduled so now 3 of us is going back Manila on time but one of us got rerouted to land in Clark 2 days later. Why would we get booked separately when we were a party? Now we are scrambling to get our friend on the same flight as us one week before we need to leave.,1,0,2026-06-02 03:49:35,14.19.0
81c505df-eaf7-4233-a708-e4bb3697ab02,Mohamed Elewily,أسوء موقع للحجز لا يوجد مصداقية ومعظم الفنادق والشقق وهمية ونصبوا عليا في رسوم الحجز ورفضوا استرداد المبلغ,1,0,2026-06-02 01:01:21,14.19.0
d030bc44-0705-47f1-a845-61287b77ebd2,Somkane Maneenual,"cancle booking after 15 min of booking , no refund , call to support for help , delay reply email. pay for not thing. l will not use this any more.",1,0,2026-06-02 00:46:27,14.19.0
8f7c4fd0-5058-4bcc-a416-2f8ab2fdcb7b,Assaf Tessler,"Advertising false information about hotel rooms accommodation just for you to book and pay, and then when you check with the hotel they say differently... Be careful, don't trust this app.",1,0,2026-06-02 00:08:52,14.19.0
8800f0d7-16dd-44e5-8a60-835264831143,Sham/Шам Rane,No option of editing once submitted reviews. Sometimes over time rating of properties may change with time. but with Agoda app and website you cannot change your review and rating.,1,0,2026-06-01 22:53:33,14.19.0
a8dcf465-d8f9-40ca-8f48-afbaede03ea7,Felio wijoyo,Super Bad experiences with Agoda. be carefull guys. uninstall it!,1,0,2026-06-01 22:11:28,13.5.0
553f20b6-c29d-4a0b-9537-874cde433d85,Remard Gonzales,I have been using the app for the longest time but the last 2 months I have experienced a lot of problem with Agoda. A flight from Singapore to Jakarta was rescheduled (which I fully understand that not under Agoda's control) but handling the new flight schedule was really a mess and took 2 days to resolve in the Agoda app chat support. I chose a new flight schedule but the agent said it is fully booked then the next agent told me it is still good. Then a hotel booking said flexible but cannot a,1,0,2026-06-01 20:04:18,14.3.0
fa4e383c-6ce7-4c67-902e-1a01adacb9cf,Ashok Subramanian,"This is a SCAM and I just noticed that other customers have also been through this .. While booking, I DID mention a combination of Adults AND Children. However, the booking ended with details of just ONE adult and I ended up paying additional kids charges !! Also, I was told by the staff that AGODA maintains this practice with other customers as well !! The email response from Agoda's Cust Serv Team did NOT help in any way !! I will NEVER recommend using AGODA for the mis-trust !!",1,2,2026-06-01 19:04:57,14.19.0
5abc4cc0-7eab-411d-904f-b5ce0f027395,J K PATIL,great experience eith goa booking.,5,1,2026-06-01 17:56:21,14.19.0
569593d5-95f2-40d4-a083-e3d58532ebcf,Guru shankar,very low price compared with other apps,5,0,2026-06-01 15:07:50,14.19.0
a75328b0-cbf4-453e-99f1-dd7115c50a62,Bradley Gunawan,Useless CS. They can't even verify their own booking ID via CS ticket. Non-supportive even for a Diamond-tier member.,1,1,2026-06-01 14:12:56,14.19.0
0b979dfa-beb3-41c3-a1cb-2d91c251cf37,ANISHA HOMAL,"The worst customer service, not able to get through the agent on time, somehow we managed to get through the agent who has zero knowledge about hospitality, Bhumika was rude and unprofessional. Her tone made me feel like she's doesn't even care about the concern. She was very commanding and her attitude didn't match the hospitality background.",1,0,2026-06-01 13:59:01,
b2ede639-be1f-4788-8a9d-d023fa69ca13,KENNY LOH,"very very bad experience with agoda. paid full and somemore system showing confirmed and not refundable. but end up when reach hotel counter,no room. no action taken. ruin up my whole trip. highly not recommended.never trust this apps again.",1,0,2026-06-01 13:49:29,13.41.0
da957869-bfbe-49db-87d9-82c87f21df1c,Rik De Busser,"While there is a lot of choice, advertised prices *never* match what the app asks you to pay. There is always an initial promise of (sometimes suspiciously massive) discounts, after which a bunch of hidden costs are added, sometimes randomly it seems. This looks suspiciously like bait-and-switch, which is illegal. I'd always double-check with the actual hotel website.",2,10,2026-06-01 13:09:09,14.19.0
ad8b05bf-cc7a-455c-aae2-94ff94205ad3,khaldoun halaika,"Their service was poor, and when the airline cancelled my ticket, they didn't refund me. I don't recommend dealing with them. When I contacted the support, their response was negative. I left no way to contact this company, and I did not get a result.",1,1,2026-06-01 12:19:50,14.12.0
c1866d58-2a17-4162-a2d4-6dd9e36219de,premendra basaraiyya,"bogus app I book my hotel at delhi, when I reach there with wife in morning 7 am receptionist says same hotel will closed too much inconvenience",1,0,2026-06-01 11:38:14,14.19.0
18367931-b218-4c54-a08b-058309888a8a,hrishikesh malave,Fake and Fraud hotels registered on site,1,0,2026-06-01 10:15:39,14.19.0
96dd3d26-4b96-49fb-902b-76c0ac55ea20,PALANI SAKTHIVELL,excellent picture 😄,5,0,2026-06-01 09:53:11,14.19.0
c8ef4ac5-719f-4d79-8016-e709ccdda948,Eason Chin,"Beware of Agoda, they are trying the best to take cancellation fees their own without effort of returning to the guest!",1,1,2026-06-01 09:12:58,14.19.0
2047d8fe-1071-4c2b-980c-2585e2e2880f,Mizee,"ketika no booking keluar dan lsng proses bayar, setelah dibayar muncul email bahwa gagal isued tiket dan minta utk klick refund, setelahlebih 30 hari refund tidak kunjung masuk, dan tidak ada juga muncul history pembelian jadi tidak bisa komplen dgn chat hanya email yg itupun tidak ada balasan, proses komplen sulit dan ribet, nilai 0 utk rekomended aplikasi. dan bila bertanya ke pusat bantuan, tidak bisa dibantu krn kode booking tidak ada dalam histori padahal ada bukti pemesanan.",1,1,2026-06-01 07:59:22,1.0
9b5dd97f-232e-4077-8034-56734ce6f8e7,annie baby,Worst experience with Family booking. Booked 2 rooms for 4+1 . confirmation came after payment for 2 only. Lot of chaos at hotel reception. No proper customer response . songiving least rating,1,0,2026-06-01 06:57:01,14.19.0
b3711746-385e-45ce-9ed0-eacc1f379907,Jesto George,"In a hotel.booking with family at Ginger Hotel, Mysore raised a concern customer care at time of check in by email . No response even after check out. Has to pay around 1600 Rs more . Customer care people don't even understand English.",1,0,2026-06-01 06:51:35,14.19.0
18478651-4dd0-4a47-98a0-31242d8e7692,James N,Excellent so far. I was with another travel/Hotel app. They messed up BUT Agoda came to the rescue. 5 stars.,5,0,2026-06-01 04:44:37,14.19.0
73149041-3177-43a5-a580-7d78302b8ca1,KaliMuthu KrishnaMoorthy,recently I booked a room at Cuddalore through agoda. But hotel authorities informed that they don't have any tie up with agoda. it spoiled my late night hours checkin. but customer care of agoda was polite and arranged for an immediate refund. But over all reliability of agoda is lot and hence I uninstalled agoda app,1,0,2026-06-01 01:19:15,
707c8f8b-75ed-4cd9-b6f3-185a86a34cd7,Tj Jons,horrible after showing up at a hotel that was already booked up they told me they'd give me money back then they said they wouldn't let me check me in and out of the hotel on their website like I have been to the hotel I never had a room,1,0,2026-05-31 23:20:37,
5fdec6a5-2ff9-48ea-9470-28f6632a9ba3,தோட்டம் காடு செய்வோம்,"நான் பப்பீஸ் ஹோட்டலுக்கு புக் செய்தேன், ஸ்கிரீனில் காண்பிக்கும் பொழுது நான்கு பெரியவர்களுக்கும் மற்றும் குழந்தைகளுக்கும் சேர்ந்து 10,000 என வந்தது ஆனால் எனக்கு சந்தேகம் 10 வயதுக் கு மேல் ஒரு சில ஹோட்டல்களில் பெரியவர்களாக கணக்கில் கொள்கிறார்கள் எனது குழந்தைகள் 10 வயதிற்கு மேல், ஆனால் அதை குழந்தைகளாகவே கணக்கில் எடுத்தது நான் ஒரு முறைக்கு நான்கு முறை கவனமாக படித்துப் பார்த்து ரூம் புக் செய்தேன்,, ஆனால் ஹோட்டல் சென்டர் பார்த்தால் நான்கு பேருக்கு மட்டுமே புக் ஆகி இருந்தது, டோட்டலாக அப்ளிகேஷனில் தவறு",1,0,2026-05-31 22:35:20,14.18.0
c72ca53d-b87c-42f4-947d-f02b64e1f426,WK,Be aware that you may be charged higher fees compared to the final price before you press the paying button. This happened even though I was paying the same local currency as the local credit card,1,0,2026-05-31 21:26:12,14.19.0
871d38bb-1374-4bdb-a9cd-c063195c76ee,Rohan Gupta,"I booked a hotel from Agoda on 8th May for 27th - 29th may and call the hotel reception for the confirmation of my booking, and it was confirmed by some lady in the reception. I reached hotel on 27th may at around 10am, but the person in the reception said that there is no booking under my name, neither any email from Agoda stating I booked the resort and unfortunatly all rooms are booked. I dont know what kind scam Agoda is running.",1,3,2026-05-31 21:10:38,14.19.0
df6c7fe5-bb0c-403c-afe5-5efe8a356316,Paye Sone Tun,"Refund Request Policy Failure Even though I followed the Agoda policy, it rejected my request not once but twice. Whats the point of having refund policy if it didn't work properly. I canceled my booking immediately after I booked it and the Agoda didn't tell the reason why they rejected my request. The hotel name is Apollo Hotel Vientiane Laos and postponing my appeal so that I won't be able to get my money back through mobile banking. The contact they gave is pretty much useless.",1,1,2026-05-31 20:29:48,14.19.0
2d8ff30c-7097-43b4-ac64-6bc304fa3850,Sabrina Tan,Easy n cheaper than other sites,5,0,2026-05-31 18:30:54,14.19.0
c365fb2e-a735-4d75-9f81-e7b2859520eb,Mostafa Abd-Rabou,"completely un reliable We booked a room ahead at a hotel in bologna (nuovo del porto ) in the season we had it confirmed , payed the full price , when we arrived there the hotel told us This is a faulty booking by agoda . we cannot contact anyone for 2 hours from agoda and the hotel refused to help !",1,0,2026-05-31 17:33:46,14.19.0
01ded4bd-13d9-4eb9-9322-31d6771da80e,piyush prajapati,Agoda tie up hotel Totally worthless don't book hotel on Agoda customer care number not properly received call I Iost my 3500/- Rs for Hotel rent,1,0,2026-05-31 15:50:52,
8e78d4fb-8736-40b8-b953-14c6bf88e552,Vinay Prakash,Horrible experience. Wrongly booked a hotel for 01 jun 26 to 02 jun 26 at rameshwaram temple location instead of 29 May 26 to 30 may 26. tried to cancel the booking soon after the booking was done. Nil customer care service available on phone. I was informed by the hotel KNP nest that booking cannot be cancelled and that you will have to contact Agoda. No any help line available. Nil refund given.,1,2,2026-05-31 15:43:18,14.19.0
44e27dd8-cd19-4564-b254-18c804e4bad4,Latha Micheal,Really frustrating before this when I use this app everything seems fine. But since yesterday I tried to book hotel already did my payment suddenly agoda cancel my booking. Today I book another hotel paid ready suddenly cancel my booking again. My trip canceled because of this app. Not going to use again this app,1,0,2026-05-31 10:23:57,14.19.0
413cdf17-73a1-4257-bff9-e016a709e215,Sanjeev Sona,"🌍✨ Agoda feels like a gateway to the world, opening doors to journeys wrapped in elegance and ease 🌸💫. Its design is smooth like flowing silk, every search feels effortless, every booking shines with clarity 🌟🏨. Fast, responsive, and beautifully intuitive, it turns travel planning into a joyful art 🎨✈️. Ads never disturb the charm, instead the experience blooms like sunrise over distant horizons 🌅🌿. Truly, it’s not just an app, it’s a companion for dreams and destinations 💖🌈.",4,0,2026-05-31 08:39:36,
b4080856-2b67-450f-92c6-795fe67e56b5,GIRISH KUMAR,after cancelled my booking I didn't got my refund in my bank also very bad customer care service,1,0,2026-05-31 07:34:12,14.18.0
c91706cd-dc10-48d8-807d-e2d78701fe30,Wan Scream,"This app is absolutely terrible, completely useless, and a total waste of time. It causes nothing but losses and headaches for users, and it feels like a platform built for scammers",1,0,2026-05-30 21:17:30,14.19.0
7616cdfb-f6e3-4051-a835-92c696b98c60,Ravindra Sher Singh,I booked a farm house when I reached there after 2 hours struggle I found out that the farm house has a swimming pool and one room which was as shady as a brothel room. I didn't check in and returned furious. Swastik farms was the farm near Aravali College in faridabad. moreover there was no option for cancellation or file a grievance. pathetic how Agoda onboard a property and sell it on high prices. they charged more than 2500 for which the same farm charges 100 rs per person entry.. negative,1,0,2026-05-30 21:02:53,14.19.0
7b3947c1-cd4d-4d9e-b08d-127eac7fb92d,Brian Littlefield,Does not accept VISA,1,0,2026-05-30 20:11:51,
db0459bd-eaca-4caa-994a-55c841062b2c,Saivardhan Koutla,thank you agoda team for helping me for hotel booking review.,5,0,2026-05-30 19:38:00,14.19.0
c19921d4-db6e-4044-9152-69853e38c38a,Naveen Pathak,worst app to book hotels. Dont book hotels from agoda. make my trip is far better then agoda.,1,0,2026-05-30 18:32:40,14.18.0
8eaa8340-8154-4017-aac2-83796015b747,TrendTech Enterprises,"Very disappointing experience with Agoda. I booked a room for 3 guests, but after confirmation, the booking showed only 2 guests. I spent nearly 2 hours with customer support without getting a clear solution. Agoda also failed to disclose that the hotel was managed by OYO. The hotel was dirty, the washroom unhygienic, and the staff unprofessional. My refund request was denied, forcing us to book another hotel and lose money. I recommend avoiding prepaid bookings through Agoda.",1,5,2026-05-30 18:25:19,14.18.0
fd727e0c-8eee-4356-a2b9-45f9e1c0aded,Adl hakam Rahman,"i can't change date and i lost rm3++ because it offer last minute room for today,i got it Agoda from Google 30/5-31/5 after that google prefer go to app and i bougth 2 room available,i thought i was for the date i want,after i already book my room and i see the wrong date,i want to Made refund and then the app told me it (Non refund) it not only take my money, it take my day,money and everything should i doing when vacation and now i need go back home 450km with disappointed",1,0,2026-05-30 17:31:49,14.19.0
13328e32-8a17-454f-a718-417ef0d5b944,R B,this app create fake listing on the internet using my details like email. and phone number when complain they don't solve quickly please don't download this kind of apps because they create fake listing without approval from owner Remove Sa v tian stay inn from online listing and without permission don't add any property as your choice and remove the details online as I have complain no one response,1,0,2026-05-30 17:08:17,
b5568074-7ede-42dd-934e-12b8b5001cae,Muz Mohd,Terrible app booking ever. after make payment and deducted from bank account suddenly the booking was cancelled and need wait 30day woking hour to get our money back to bank account. The unaccepted and annoying reason their give why its beed cancelled,1,0,2026-05-30 16:21:20,14.19.0
b1f632ff-4d42-46bc-acac-3dc380092730,Richardus Adi Sanjaya,the room i get doesn't match my order,1,0,2026-05-30 16:19:35,
3c6992f3-2693-4694-a15c-67f907949fa2,Bryce Mercines,"Updating my review. Awful experience with this platform. UI is always configured a day ahead, causing me to book the wrong date. I wanted to change dates, contacted the hotel they are ok as long as its adjusted in Agoda. Agoda blocks any way to adjust the dates, customer support is a useless AI bot. Just awful.",1,0,2026-05-30 14:50:51,13.12.0
90d59fe9-07df-40bf-bdfc-87c794c76ff1,shaveethira g,"hands down agoda has the worst customer service, only bots and no human intervention after multiple reachouts, sucks",1,0,2026-05-30 14:19:48,
42055cb5-b9d4-45d9-b85b-9a8539e84ec9,ARSHAD AR,"Wrost application, no customer support, no chat support etc",1,0,2026-05-30 14:15:58,14.19.0
d77f728e-7565-4ce2-a19f-d04f4d10cdb8,Jay Cee,been using Agoda to book my hotel rooms for 3 years straight considering that's how long I've been living in hotel going from one to another and it's very expensive. so thanks to Agoda for helping me save loads of $ and time.,5,0,2026-05-30 12:39:13,14.19.0
27a18a86-3481-479a-9582-cfbc8286826f,Reena Pandya,"it took too long to refund, I still haven't received, mmt paid on the spot",1,0,2026-05-30 10:34:55,14.19.0
f06da2df-d85b-4bac-8260-00936741ef65,Sanju Kumari,this booking app is totally froud. they show different and after payment they show different and after so many times complaint my refund is not done yet. this is 2nd time this app is totally froud and terrific. if you want book any hotel then go to other app. because this app create only trouble for you.,1,0,2026-05-30 08:43:29,14.18.0
f85fa9b7-32e2-4885-a8f4-1c5bafb5f729,Roy Roy,"Very disappointing, was enquiring about cancellation and the reason why i am thinking of doing cancellation in chatbot, it directly cancelled without giving a confirmation on the cancellation",1,0,2026-05-30 08:42:52,14.19.0
71b343d1-a2c1-44ec-b30c-29d36f24d100,Aditi Sharma,"The app is only designed to scam people, the shady hotels that are advertised on the app also have a huge sum of amount that needs to be paid at the time of check -in which they do not display until you pay the amount advertised on the application. Guess what! They have no clue in case you try and talk to the agents!",1,0,2026-05-30 06:17:51,
13622a52-6fbf-4610-b59c-d1ce115ab8dd,resh D,Agoda is fraud..I booked hotel for 2 adults and paid amount for the same but the hotel says room is only booked for 1 person I had to pay extra amount for 2nd person ..called agoda but no help provided ..it's fraud ..will not recommend this to anyone.. please be aware use other legit app but not this fraud agoda or directly connect with hotels because hotel prices in real are very cheap than agoda,1,0,2026-05-30 05:19:28,14.19.0
5aabd20e-7e84-4955-a886-2fc29c59da66,Angela C Prendergast,Dreadful Experience - Booked accommodation for a night in Glasgow. Arrived at hotel and booking reference agoda gave me was incorrect. I am Irish the address they gave for me was Bajin. The company they put down as the booking company was Hollytravel not Agoda. Tried contacting Agoda and the robot said they would call hotel and cancel booking which cannot be done anyway as was past 1pm in the day and didnt want to cancel it anyway....... Absolute shambles. DO NOT BOOK WITH THEM.,1,1,2026-05-30 00:45:57,14.19.0
78f43c5c-11bd-4753-9c5d-e6676512e746,Shrikant,"FRAUD SITE, DO NOT BOOK,",1,0,2026-05-29 20:46:11,14.19.0
2991781c-3197-489b-a5a0-81e4b5e91842,Erinpuria Minesh,I refer all to do booking from this agoda app. very cheap,5,0,2026-05-29 19:58:49,14.0.0
089305f6-98c8-4c8a-a0c7-0bb2a24d038c,Erry Setiawan,pls fix the nationality Indonesia but still need input the pasport,3,0,2026-05-29 19:26:01,
e4c77ebd-5302-4b05-8132-77f05caf4dcd,Dev,very disappointing. dont book any hotel by agoda. believe me if you face any issue and try to call customer care you can not find it. I wastes my 1 hour then I got customer care number. it spoiled my day. but good thing is that when property owner asked me to cancel our stay agoda instantly refunded my amount but I fought for almost 1.30 hours to find agoda customer care number.,2,0,2026-05-29 19:12:37,14.18.0
8d787cce-97db-4e14-9077-b2ab11fa1ebd,Matt McYoung,"Why is it everytime I want to manage my booking via the app, it's always an error page? Why do I have to use the browser to do so (Defeats the purpose of the app in the first place)? Update: Still an issue. Your app is also soo damn slow when I apply a promo, so by the time I book the prcing jumps back to non-promo price. You'd think your app would be faster, but it's your website instead. Miserable experience.",1,2,2026-05-29 18:37:03,
fbfeb7e3-b1f7-4083-bf1e-ee00c424bee8,Mahmoud Mounir,"I booked an entertainment activity in Dubai through Agoda, and it turned into a complete nightmare. The ticket was issued by a third party, and it had a wrong/invalid code. I arrived at the venue and waited for more than **three hours** trying to resolve the issue. No one from Agoda responded to my calls or messages, and the third party was completely unhelpful. I was left standing with my family with no solution This is the worst customer service I have ever experienced..",1,17,2026-05-29 18:12:26,14.19.0
d5f8016c-ba46-43a1-8111-4031ac15a6cb,Mohammed Darwish Shikfa,"Very disappointing experience with Agoda and one of the worst customer service experiences I have ever had. The worst part was dealing with Agoda customer service. I spent more than 1 hour on the phone trying to explain the issue, and no resolution. This experience completely destroyed my trust in Agoda. Be very careful when booking, and double-check every small detail because if something goes wrong, don’t expect Agoda customer service to actually help you.",1,8,2026-05-29 11:44:26,14.19.0
7eabd887-d5d0-4702-a47f-f8a5eda09e1d,Jesslyn Nathania,prices are great but they really need to be more through with customer support. They charged me like 200 bucks for a misspelled name on a flight ticket eventhough it was only a singular minor typo. went to the airline directly and got it fixed with no fee.,2,0,2026-05-29 09:22:58,
66e6ab87-bcfd-480b-bea7-d9a251691742,existence,consumes a lot of storage and battery power,1,0,2026-05-29 09:19:48,14.18.0
a3b54072-5732-4f21-bf3d-2b2599b9f966,Rio Adhi,"aplikasi yg bagus buat booking hotel, banyak diskon",5,0,2026-05-29 05:30:58,14.18.0
f81dd77b-e1d4-49ea-9d27-992c378a98a0,Kath JD,There are no refundables. A lot of Scamming Lessors!,1,0,2026-05-29 05:06:06,14.19.0
13bd2038-ee73-4522-9dcf-d3349c0277bf,SHEILA CALDAMO,trusted app for hotels,5,0,2026-05-28 19:42:33,14.18.0
136b89fe-7c92-47d1-8ac9-e7e17a16479e,Ratheesh Ravi,"Booked for 2 adults and 1 kid, but my kid is 12year old and charged for an extra bed 176AED. Hotel: Al Bahar Hotel & Resort: Fujairah/United Arab Emirates didn't provide the extra bed and told us that Agoda will provide the refund for this. But Agoda is telling another story and denied the refund. So Guys, be careful before using these apps, which is used for cheating the customers.",1,0,2026-05-28 19:39:57,11.30.0
db967fd0-adb4-400f-8bd1-5f46c95bb467,Anas Mistareehi,"One of the worst travel booking experiences I’ve ever had. Booked through Agoda, arrived at the property, and suddenly there was an issue at check-in because the property “couldn’t find a suitable room.” After spending 40 minutes on the phone with Agoda customer service, the only response I kept hearing was: “We have sent an email to the property management and need to wait for their reply.” Seriously? Am I supposed to sleep in my car until someone replies to your email? When customers are",1,0,2026-05-28 18:14:14,14.18.0
fe924812-8108-4c39-afba-d9e887c686f4,eslam Elnaggar,bad customer service,1,0,2026-05-28 17:01:03,
a697b84e-f207-454d-9215-acdcd98da762,Nala Ho,"i've made a booking, staying there by June, but what is it for i paid RM14+ for this FAST TRACK service fee for? i asked question, but no one is answering also...",2,0,2026-05-28 16:11:58,14.18.0
fd47a7ef-4a03-4dc6-9d90-5b1a3809480a,Amirruddin,used to be my go-to app for all hotels and flights booking for the past 4-5 year. recently I cannot book flights (keep failings after 30s dlelay and received email saying booking is unconfirmed for almost 10 times). somehow managed to book hotels although the app give popup saying payment is cancelled but after I received booking confirmation email and the apps also reflect the hotel booking correctly is the trip section,3,2,2026-05-28 14:07:22,14.18.0
650b7d28-c373-473c-ac24-2e4b3d77f25a,shyama prasad chatterjee,likely satisfied at booking time.,5,0,2026-05-28 13:31:45,14.18.0
8e22da69-ec2c-452c-a3c3-cdcde447f29d,Sumit Singh Tomar,please don't use this app for hotel booking they are fraud as they first confirm booking and when you reach the property so property owner deny your booking that they have cancelled and will guide you that they have another property and will charge more. I have faced it.,1,0,2026-05-28 13:07:00,14.19.0
1205087e-6e74-4726-8463-9267cfa38c44,Jatin Parmar,"Don't going book with this help less platform. they will never help you and talk rudely and over professional. i need original bill for my insurance claim but they send me very simple form of bill and that bill is not vaild for my claim whrn i called customer care. the coustomer care person instead of help me. he is talking who's booking name ,why you call i said she is my wife. but he disconnected my phone and don't help me. fraud platform.",1,1,2026-05-28 12:07:55,14.18.0
bc877ea3-4650-4590-aded-ac03a0c11cbf,Ярослав Андрусяк,"stole 35 dollars on booking. it showed one price for the hotel on the payment screen, but after the payment the price changed. client support is the worst service ever. Don't use Agoda if you want to save your money from incompetent thiefs. UPD: The response below: I've been texting you for a week. Why do you think I've left this review after??",1,9,2026-05-28 09:42:35,14.18.0
eb60f18f-6c6a-421d-9e1d-7d23b5c61db9,Oscar Tejeda,"I give it a one star because there automated system is the worst, through their app, WhatsApp and email. You really can't contact a real person who can help you with an issue. They don't have the correct wording that you can choose so they can help you with the issue. Until there is a real person to help you with, I will keep it at one star. That is the problem your help center is automated and it's a joke, it's no help. You need real people to answer and help you.",1,1,2026-05-28 09:24:29,14.18.0
14d45ffa-bccd-4dc6-9eeb-9e6fc23e02be,莺,"Thời đại nào rồi mà phương thức thanh toán không linh hoạt cho người dùng, phiền.",1,0,2026-05-28 09:18:36,14.19.0
b6f4fe53-838a-4be6-94fc-43121a0ee0d9,Ayla schultz,Nice i got rewards after i sign in 😍,5,0,2026-05-28 08:52:10,14.18.0
3edda6b0-7830-4a93-92f6-83bc48dc3086,vikas gupta,very bad experience hotel booking k time show kar raha hai available but property close 5 month pahle hi band ho gayi hai or phir bhi show kar raha hai or booking confirmation 24hr ka diya hai phir bhi cancel ho gayi or refund bhi 30 days ki waiting par hai,1,0,2026-05-28 07:56:03,14.18.0
443a1e09-94e4-43a0-877c-971874e85ee2,hannah maquiso,"I had a bad experience with Agoda. I booked a room for 4 people for 2 nights, and this was clearly stated in my booking details. However, when I arrived at the hotel, they told me I had only booked for 1 person for 1 night — which does not match the email confirmation I received from Agoda. The hotel mentioned this was due to a system glitch on Agoda’s end. Please resolve this issue immediately, especially since my booking is non-refundable.",1,9,2026-05-28 00:26:43,14.18.0
c1480f95-bd7a-48fa-a1e0-906e72b1f959,Kenny Ngui,"unable to verify Linked Phone Number, pls fix it, thank you",2,0,2026-05-27 23:23:22,14.18.0
63fae159-95b8-4b11-afc7-1a4a989e8ab8,Harsh Gupta,"pathetic AI customer support for reporting property issues. only AI chat, responding with a single message after 60 mins.",2,0,2026-05-27 22:28:28,14.18.0
b0e37286-4582-403b-a557-54d1988b16d9,Irish Endiape,Cannot use. Been experiencing technical problems since the update. Will uninstall for now.,1,0,2026-05-27 19:52:27,14.19.0
1e864bba-6705-4f7b-a99d-0881f4391a08,PRANAB SHANKAR CHAKRABARTI,"extremely bad experience with Agoda, hotel booked 1 and half month in advance fully paid in advance,suddenly cancelled, just a week before visiting, that is unacceptable, ruined the entire trip as we could not find any good option in such short notice. first time I trusted Agoda, dissatisfied. will not trust again",1,0,2026-05-27 16:38:14,14.18.0
4324c8de-0415-4bb0-8ffd-171d3eec000b,bernadette christin,why for domestic flight it keep asking for passport?,4,0,2026-05-27 16:26:34,
5a61e062-660c-4069-b13c-9fbcc6785806,R Chandra,"Reviews and descriptions are false. Cancellation policy changes abruptly without information. No control over individual hotel misconduct or inappropriate behavior. And it doesn't reflect in reviews even after reported by customers, thus Agoda app becomes part of a scam in collusion with bad hotels in creating artificial undeserving traffic to many bad hotels. Overall, a very bad influence on hotel industry. Also some of Agoda agents are fraudsters and not at all fit to work in customer service.",1,3,2026-05-27 12:53:30,14.18.0
9129cc7d-2cfb-4627-bd68-39589b61d130,Hello Amnyu,"i booked a room from agoda on google. They tooked the money, no one contacted me .. i downloaded the app and they dont have my email registered .. try contacting the customer service .. no luck just bots which keep saying i didnt book anything. reach the hostel myself contact the hostel they told my email is there with my money but they dong have any rooms left they try shift but said it will took time, so i said if they can refund i can find some other hostel or hotel to stay cuz im too tired.",1,0,2026-05-27 12:33:12,
969e48ee-01fc-42b8-9e3e-0d2f17a4d8a7,Naveen Purohit,"Terrible experience, I paid in Advance for Hotel, it was a pathetic hotel and totally different from the pic on the app listing, I contacted for support but they said they cannot do anything just post a review so that others people should get idea about hotel. I was about to recommend it to my organization for corporate bookings but after such experience I would not recommend it to anyone by any chance... it's totally a fraud app",1,1,2026-05-27 12:18:01,14.18.0
5b249034-4071-4f70-9bb1-b8eb0674b71e,ITZ CHRYSLER,booked for the first time but got crossed booked and got a different room,1,0,2026-05-27 12:00:29,14.18.0
73ed7852-1739-4420-84d0-504850ff9e91,Santosh Singh,"Worstever experience! They do not crosscheck the listings and their authenticity. I booked a hotel in Ayodhya- Aarya Kulam Palace for 2 days. Hotel owner asked for a 30% advance payment, as I was having a late check-in. When I reached the location, there was no such hotel, when contacted the property, they asked me to reach a location 8 KM away, which was not possible and risky,as they had already duped me with the fake address. I received no support from the platform.Lost money & was harassed.",1,0,2026-05-27 08:45:50,14.17.0
d169de9e-98e0-4abc-bf30-f5dbe1b67d22,Muniraju Surappachari,"I want to rate this app Minus, they just take the bookings and payment and there is no connection with the property, when we call the property they will say your booking is not confirmed, but Agoda still says it's confirmed, this has happened multiple times. Last week I travelled to Wayanad from Bangalore, i got to know there is no booked from Agoda after I reached, I wasted 3 hours in finding an alternate room and I have to pay more money for last minute booking.",1,6,2026-05-27 07:46:14,14.18.0
729c8dba-961b-48c7-942a-7f5c2a81ace2,Barbara J Shelby,"Great rates, ❤️❤️🙏🏾🙏🏾",5,0,2026-05-27 07:30:19,14.18.0
20e6196d-8df3-434a-b4b7-c1cc2a7003a5,Kyle C,horrible customer service,1,0,2026-05-27 03:57:27,14.18.0
d23a7d40-a93a-450a-af16-17bfe8f97fcb,Manish Orekondy,You can get much better deals and options with a Bronze profile than a platinum profile. Loyalty doesn't pay on Agoda. Where's the sense in that??!,1,0,2026-05-27 03:53:32,14.19.0
10c8b4ca-905e-4d6a-8dbd-17593c2f2bae,Aakash kumar,didn't deserve a single star but i have to.. third class service of agoda left me alone outside the hotel did not provide any room very irresponsible behaviour,1,0,2026-05-27 02:18:32,14.18.0
a5cd3534-a011-442e-b5f6-b47a9e3bef79,Beenish Asim,"Very disappointing experience with Agoda. I booked a hotel room because it was listed with a balcony, but later Agoda and the hotel admitted it was a system/listing error and the room has no balcony. Despite admitting the mistake was from their side, I was repeatedly asked to wait while my travel dates were approaching. Biggest mistake was trusting Agoda and paying through them. Very frustrating, money-wasting, and time-wasting experience.",1,0,2026-05-27 00:45:50,
06ddceae-c5ed-4576-9397-b58fca78e32e,mvs 03,New update is veeeeeery slow. it takes too much time to respond or even open the app.,1,0,2026-05-26 23:24:17,14.18.0
90711318-038f-4543-a077-47a37bb5a487,Rixin Zhang,I would give 0 star is possible. booking issues. negative customer services. Refund case pending for more than 200 days and all I get are non-related replies. Don't even know how else can I escalate to get back my refund. I would recommend booking via others,1,1,2026-05-26 23:10:28,14.19.0
33b56b9d-5df8-490c-aa7f-b5ed5f7baee9,Sharifah Mayshara,why every time after I made payment it was not booking even though the payment was successful. apps bug,1,0,2026-05-26 20:56:03,14.18.0
f6499c4d-5bca-48ed-bc6c-ed438db1e0d3,Iinspired Mantic,"Don't bother booking through Agoda. I got a cheap hotel price, but the hotel was an absolute nightmare. I turned to Agoda for help, but they kept palming me off to every employee in their Indian sounding CSC, none of them were helpful & after every pointless email response from them, they sent me a bloody feedback questionnaire email.",1,0,2026-05-26 17:03:32,14.16.0
678d1f5b-2c71-4c47-a5ad-3b55cab10a8f,Suyog Pawar,full scam hain hotel booking karke paise paid kiye fir bhi hotel main room nhi di bahut ganda experience raha koi bhi iss app se booking mat karna,1,0,2026-05-26 15:36:38,14.17.0
9364f627-29d9-4dc5-9c8d-ace65c6006aa,Aladdin Jeroon,no refund in anyway,1,0,2026-05-26 14:39:14,
d7e85f76-6bb0-4ee8-b8b9-f99866d0400e,ليث العطابي,"​I booked via Agoda and canceled within less than an hour. Since the check-in was days away, the hotel suffered zero business loss. Yet, instead of showing basic hospitality, they enforced a non-refundable penalty, pocketing the full fee for a service never provided. A true hotel builds its reputation on understanding, not exploiting honest mistakes. If management is this uncooperative before you even arrive, imagine the actual service on-site. Save your money and avoid!",1,0,2026-05-26 12:05:05,14.18.0
42d6f3b7-8603-4ba7-b80c-0ef6cf7f1948,Hermanto,"Saya mendapatkan kompensasi/ganti rugi atas kesalahan Aplikasi Agoda, saya minta ganti rugi dalam bentuk transfer ke rekening Bank atau Upgrade Kamar Hotel, pihak agoda menginformasikan hanya dapat dalam bentuk agoda cash, dan agoda cash saya saat ini hilang/hangus!!! Jika wujud agoda cash saya adalah hadiah, reward atau pemberian daei agoda di hanguskan karna syarat dan ketentuan, itu adalah hal yang wajar. namun ini adalah WUJUD Ganti Rugi/Kompensasi yang dibayarkan agoda kepada saya.",1,0,2026-05-26 11:48:15,14.18.0
d52602a3-64c7-43ff-b3fa-6ed1ba6fe1f3,Ali kassem,very scammy app. gotta be very careful with the details and fine prints of what you're booking. impossible to contact support. stay away.,1,0,2026-05-26 11:41:10,14.18.0
f1ede5fb-5f68-432f-997f-8b1317702d5e,Roxane Ingleton,"As soon as you leave the app, your search is gone. Whatever hotel you were looking at, gone. Back to the home page and start again. So frustrating. On top of this, the app keeps giving me discounts and they show all the way to the checkout page and as soon as I got the final button to pay, the discounts disappear and the price goes up. Utterly cooked.",2,14,2026-05-26 08:33:13,14.18.0
a4b6e67f-d1a3-4068-89fc-421df8cce6e0,Osama Hammad,waste for money,1,0,2026-05-26 06:04:33,14.18.0
96499aed-8924-4eab-aee9-76abd90da8b6,Ryan Lindell,"I have used Agoda for years. Never had anything go wrong with them, but the first and only time I had a booking issue which I tried to change within 10 minutes of making the booking I had trouble. called and talked to a representative and was told that they could not help. talked to the airline and said that only Agoda could help me. I call back and tell Agoda this and when I ask to speak to a manager I was left hanging. no one spoke after I made that request the other second time.",2,1,2026-05-26 05:45:52,
4e422c66-d8a4-4559-99f2-8e8349e6cf7f,Pita Mulia,"Worst OTA and NIGHTMARE FOR FLIGHT AGENT. The missile war makes my flight got cancelled, refund goes 3months waiting and they just refund my ticket 1/3 from the full amount... Even it's not fully 1/3. Its FORCE MAJUERE AND YOU WASH YOUR HANDS???? HARAM WALLAH",1,2,2026-05-26 03:12:58,14.18.0
c3bb0dc2-e9bf-4699-bfec-ae5a31e37fb5,Siddharth Gupta,even after showing booking cancelled we tried booking again but agoda prompted us about existing booking. a great and thoughtful feature,5,1,2026-05-26 02:21:05,14.18.0
80b63756-9da4-4e1e-a206-fa89736b8ec5,Kuldeep Ghan,"pathetic app and service. don't book anything here you peace of mind is important to you. i booked hotel with 4 adults and 4 kids, but the booking voucher i got had only 4 adults. their app has this issue and they dont take accountability. i had to pay extra at hotel for adding kids. Simple Google search showed this is faced by many, i feel they do this on purpose to show lower price",1,0,2026-05-26 01:20:04,14.18.0
fecbf49b-5210-4895-a5c0-b933aefc4672,Vinod Solanki,Third class ana cheater application for Hotels booking my worst experience,1,0,2026-05-25 21:44:05,14.16.0
6928f22d-2361-4d51-89ef-231a7309e688,Amrut prajapati,is app pe koi booking na karvye . humne 2 room book karvaya tha jisme 5 adults or 1 child tha . lekin unki koi app problem ki vajah se 2 room sirf 2 adults hi book huva. jab ye bat unke helpline number pe baat ki to wo log iske liye 24 hours mange rahe the . or upase muje bola app abhi cass deke room rakhlo agar hamri galte nikle to hum apke pese vapas karenge. ghanto bat karne par bhi koi solution nahi mila. unke customer care vale bahot buri tarke se bat karte hai. ye koi scheme hai .,1,0,2026-05-25 17:15:09,14.18.0
f1dce20e-94bc-429d-a00f-bb5879a6bd45,Tepan Raj,I have booked an executive room in agoda but it was changed to superior after the payment and trying to contact the customer for more than an hour with only a response from AI. Totally disappointed with the service. why did. you show the executive room while booking and the change it later to different room by charging extra????,1,0,2026-05-25 16:20:47,14.18.0
fcec1b8c-a75c-43e9-8501-d9fb34845e8f,subhabrata sen gupta,"Very poor customer service & business policy.A double booking was done against a booking request due to some faulty prompt in their app.As per the concerned hotel,the booking money is held by Agoda till about 2 weeks from check-out date and I was told to contact Agoda for refund of the extra amt.When contacted by mail,Agoda refused the refund on falsified grounds that the hotel was refusing the refund.Finally the hotel refunded me the amount as per their goodwill with no help from Agoda.",1,0,2026-05-25 16:19:30,14.18.0
7f8a1ff3-5c7c-4a25-86fe-229451d0f943,Manish kumar Lall,I am happy with the service and must acknowledge that the response time is very good for agoda in case of customer queries. highly appreciated and highly recommended this application BUT NOT RECOMMENDED FOR WEST BENGAL LOCATION,5,0,2026-05-25 15:46:17,
450e09cd-c872-4766-8d1c-04b1b6f85807,Jayendra Z,First booking of hotel was cancelled even after payment was made. No support from Agoda and no proper information.,1,0,2026-05-25 10:41:31,14.18.0
6fb26c12-52a0-4289-ac2f-9c127cac48cd,Hari Raj,One cannot trust Agoda for their holiday trips. They ruined my holiday trip which was a paid and confirmed booking. Once I reached the hotel they denied entry saying that they have no relation with Agoda...,1,0,2026-05-25 09:47:52,
32d679ce-dbfd-4c64-a122-8362654bd088,priya chuhan,"worst customer service,wait for more then one hour . not providing invoices of booking . kindly avoid booking from agoda",1,0,2026-05-25 00:30:08,14.18.0
c9fe7012-da72-4b0c-a6fe-c2827398614c,Yajna kumar Guttula (Prince Yj Rocks),"worst service and fake promises. In the Agoda, it's mentioned that we can checkout at 11:59pm(midnight) whereas the hotel says we need to before 12pm(afternoon) and suggested to check with customer care when asked about the discrepancy. Customer service representative also later informed that we need to vacate at afternoon. So never book in agoda, whereas contact hotel directly and book the room",1,0,2026-05-24 22:43:01,14.18.0
d75df009-dc5c-422f-aef2-be9b2a9f563b,D journey,"I paid on time, but Agoda unable to confirm my flight booking while seats were still widely available. Their customer service just hid behind ""Section 7.6"" of their terms to cancel unilaterally without reason. They only force a refund option on you(refund itself is complicated), there is absolutely no option to dispute or object to this decision. Even though this was completely their system's fault, they refused to help me re-book the flight. Zero accountability zero customer protection. Avoid!",1,2,2026-05-24 21:24:03,
a4d429b1-c2a6-47bc-924d-b04750116ca2,Max Ankum,"I went to big sky on may 22 Because that was a condition of your website IE.. I booked the wrong date, but am staying This was a big bite in my honeymoon budget Now, you guys won't return my money, and neither will big sky Big sky claimed it's you, you claim it's big sky I find this very annoying And to say I should have gone to big sky to get my money back, and then not give it, is fraudulent. I would like my money for the 31 st reservation back. I even purchased your cancelation policy",1,0,2026-05-24 21:23:37,
d06f9254-43c6-4b97-ad32-859f4c5ada15,Dhanashri Patkar,"Worst experience with Agoda. I booked Tulips Valley View Resort, Ooty with “pay at property” and the booking showed confirmed. On arrival, the property said it was cancelled due to non-payment, but Agoda showed no payment option. Support took 1.5 hours, gave only an apology/cashback, and denied alternate stay. They also claimed the property contacted me, but the number was not mine. Extremely unreliable.",1,0,2026-05-24 19:23:46,14.18.0
e116d2ac-ff9d-4bdd-ade6-8ca2b4e4cba8,Rahin Azees,"Worst experience ever with Agoda. Reached the hotel and they couldn’t even find my booking. After a long call, Agoda simply cancelled it and offered only 30% compensation. I was then forced to book another hotel at almost double the price. Completely unacceptable service and total waste of time and money.",1,0,2026-05-24 19:22:45,
3808d001-0139-402f-bd7c-898c7bd7a0ef,adi mohapatra,"Booked Super Collection O Mall Road Nainital via Agoda well in advance, but the experience was terrible. Property had poor/no proper road connectivity, misleading listing, damp rooms with black mould, no ventilation/AC despite advertisement, and highly unprofessional staff. We were ultimately asked to cancel. Agoda only provided a refund after long delays, but our trip experience and time were ruined. Please read negative reviews carefully before booking.",1,1,2026-05-24 18:13:52,14.17.0
ce851a64-8be1-4bbd-9149-acd4ae928947,Arvind P,worst app. bery bad service and support,1,0,2026-05-24 18:12:34,
c883261b-ae46-4e95-b5fb-abdf0903fd8d,Jesica Jesica,aplikasinya mudah digunakan & relevan,5,0,2026-05-24 16:38:28,13.7.0
196cae88-524a-451a-9f44-b7143d4d4e91,ErlanGGa -,very helpfull for refund during difficult situation in middle east,5,0,2026-05-24 16:05:40,14.18.0
305e24f8-e25e-4485-8c09-702eda76ea8a,John Jayanth,Hotels give their worst rooms when we book using this Agoda app. Guests booking rooms through Agoda are looked down by the hotels,1,0,2026-05-24 14:19:29,14.18.0
254533b6-1c89-45a4-94ee-bf06572ea4e1,Naman Goyal,"Booking on the app was easy, locations clear, and pricing transparent with great filters. However, UI flaws hurt the experience. First, filters fail, displaying 2 or 3-star ads even when selecting 4 or 5 stars. Second, finding confirmations is frustrating; they are buried under a confusing ""My Rides"" section rather than being prominent on launch. Most critically, after paying, the app prompts you to continue booking the same hotel, causing panic over whether the transaction went through.",5,0,2026-05-24 13:14:52,
07f712e6-8be5-4099-9ea3-f93d326f0bcb,hosalli nagesha,"This Agoda app is very disappointing. There is no proper customer support or customer service. I faced many issues, including refund problems and bookings not showing in the app. Please do not download this app until these issues are fixed.",1,0,2026-05-24 13:02:42,14.17.0
c9e69229-5fa0-4e83-9e22-7719e2feb13c,Kapil Kumar,frood hmm payment lay kar bhi room nahi Diya,1,0,2026-05-24 12:51:11,14.18.0
c4a32bd8-b934-41ac-863c-a3556ca0cb8a,Divya roja Gandipalli,This app is a waste app and my both 2 hotels booking experience was very bad..no respect from staff and no proper response from agoda also.very smelly bathrooms and no breakfast...I think Goibibo is the best,1,0,2026-05-24 12:48:34,
f82757b7-5107-4f8a-9d48-f3822fee14bd,Coach T,"No localised payment processing, mark up FX conversion, must opt for destination cureency n use fx fee free credit card to avoid mark up n 1% currency conversion charge",3,0,2026-05-24 12:47:18,14.18.0
e00f4505-4672-4e9d-ac57-c854f4cb5ecb,Nick Hafidz,The apps couldnt confirmed after the flight was booked and paid. Told me they proceed with refund but take 30 days. should have let me know if I want a Agoda cash / credits so that I can purchase a new one instead of me need to fork out more cash to book another flight. the support agent was useless too. can even did or suggest the best resolution. Better book with another platform that cares.,1,0,2026-05-24 11:02:01,
d10c2030-cc35-4758-a211-d0b52c51b3a0,Nina Ross,they have the worst customer service ever that I've ever come in contact with I spent over $180 for a room that washed infested with roaches and I can't even get an accommodation for my money back I will no longer use their website their customer service is the worst I have never experienced anything like this I am now sleeping on the street with my service animal because I use the last of my money to get into studio 6 they offered me $29 of my money back they have roaches,1,0,2026-05-24 10:32:07,
e957adec-39ea-4e00-813d-f1ca39c9f914,A'riel,very good...close to restaurants....kfc...Mrt station... convenience store....easy to get around.... quiet place....clean...staff friendly...no issues....,5,0,2026-05-24 09:37:08,14.18.0
659924c5-53f1-47fa-9465-bc1907574f65,Vikas RaThi,"Very disappointing experience with Agoda. I made a confirmed prepaid hotel booking, but when I reached the hotel, the staff said they had not received any booking from Agoda and denied check-in. Despite having payment proof and booking confirmation, I was left without a room and faced a lot of inconvenience. Poor coordination and very unprofessional service.",1,2,2026-05-24 07:29:22,14.18.0
814df697-18bf-4825-b592-aabe424eaf74,Suci Amelia,"sudah melakukan pemesanan dan pembayaran, tapi e ticket tidak muncul di aplikasi dan pesanan tidak ditemukan, tolong di refund saja uang saya dan dibatalkan pemesanan tsb!! tidak bisa menghubungi customer service sama sekali, di hubungi di IG dan tiktok tidak ada respon. bagaimana solusi nya ini agoda!!",1,0,2026-05-24 07:03:52,14.18.0
42f5bf7d-6a8b-41e7-b815-94fe3d16f8bb,Devendra Tambitkar,very bad communication only one side question. I have complaint about breakfast refund but till date not resived my breakfast refund from property and even agoda not cross check with property. property discription is wrong with original property. too much conversation but no result. no value for money app totally wast of time when you chat with agoda agent. not satisfactory results from agoda agent several mail and massages no proper response from Agoda,1,0,2026-05-24 06:36:51,14.18.0
d7735ffa-75b8-4e8d-8e05-dbd29ddb4ecf,Jiro Rivamonte,this app is a big scam☹️☹️,1,0,2026-05-24 05:37:17,14.18.0
b0e2a60d-d07b-40a8-800e-038774b148ab,ANSHUMAN KUMAR,बहुत ही घटिया सर्विस है इनकी । रूम की डिस्क्रिप्शन रूम से बिल्कुल भी मैच नहीं करती और कंप्लेन करने पर कोई रिजोल्यूशन भी नहीं मिलता । हां झूठ भले ही बोल दिया जाता है कि आपकी प्रॉब्लम सॉल्व कर दी गई है। और आप पूरे ग्रुप की बुकिंग करेंगे लेकिन बुकिंग होगी 2 लोगों की। ब्रेकफास्ट का charge वसूल लेंगे लेकिन ब्रेकफास्ट ऐड नहीं करेंगे। बहुत ही बेकार प्लेटफॉर्म है सस्ते के चक्कर में कभी इस ऐप से कोई बुकिंग मत करना दोस्तो। मै दो बार भुगत चुका हूं।,1,0,2026-05-23 22:13:38,
56890bba-b2c4-455d-bf81-399270909de6,Pandu Krisnatama,"I'm Indonesian citizen and want to go from/to Indonesian cities (interprovience). but, this app force me to add pasport number",1,0,2026-05-23 21:34:34,14.16.0
160827a2-0163-414d-b4ed-97c531adc7ff,Ignacio Torres,"customer support is nonexistent, the useless AI bot will gaslight you immediately",1,0,2026-05-23 21:34:02,14.17.0
15c7793a-80ce-4220-98a4-0e1aec1c40b1,Dedet Okeh,kenapa harus memasukan passpor untuk perjalanan domestik?,3,0,2026-05-23 21:24:20,14.18.0
82804888-6ed7-4f21-a387-bd7c7d1ab41f,Saurabh Gupta,most of the property owner denied the check in,1,0,2026-05-23 20:37:32,
77cfaa56-5c39-4ba8-8b97-a80044df286b,Oktalisha Kirana Ulum,"uninstall gaes, kejebak sampe saldo ilang.. minta saran ke agoda malsh di persulit",1,0,2026-05-23 19:36:57,14.18.0
5f6aa109-4f7f-4c86-8f71-1be1898d6914,Alisha Zehra Ghouri,this is the worst app it cancel my booking and now only 6 days ate left for my flight and now the prices are extremely costly,1,0,2026-05-23 19:16:50,14.18.0
0f7a3b78-ac6a-4f46-bfcb-f55ed05abff8,Astrid W,very good and Ive been using it till nowadays. but can we have confirmation pop up after entering the review? sometimes phone being glitchy and accident submit button press happened. thanks,4,0,2026-05-23 18:10:57,14.18.0
e59eed79-5b4f-4c41-9815-86d6d9b12290,MohdsaifulbinGan MohdsaifulbinGan,tax terlalu Mahal custermor rugi Agoda untung.,1,0,2026-05-23 17:54:01,14.18.0
1016471d-8784-4e67-85d3-7eb293e19866,Ravi Shankar,my very first booking in a resort ended in a disaster with Agoda....pls don't choose Agoda for any bookings...I have never experienced any such experience with my previous bookings with other sites...the host of the property claimed that they don't have any tie up with Agoda and sometimes double bookings are happening because of this... without any tie up why Agoda is listing properties is a big question mark....imagine standing in the middle of the road with you family in a packed vacati seasn,1,2,2026-05-23 16:17:44,14.18.0
47b708a5-4c73-4790-850e-f99338ec5874,Anurag Maurya,very service and there are not any Indian customer care how they can solve the who is speaking in hindi,1,0,2026-05-23 12:42:56,14.18.0
fdc309e1-2665-44d5-a6f4-d29b3b66aeb3,Amar Fateen,"best rates for hotels, hostels and home stay",5,0,2026-05-23 08:16:26,14.17.0
8af28b2c-03d1-4af2-a5fb-6477ef784e69,Muchamad Naufal Falakhi,"biaya penambahan bagasi lebih mahal daripada officialnya, selisih ±500k",1,0,2026-05-23 04:10:30,14.18.0
8a2c562a-f2da-4291-8ed6-54a01a96faf4,Vijay Tiwari,very slow customer support. I had a booking 22-24 may 2026 and the room alloted was completely different than what was booked. On contacting agoda they asked me to wait 48 hours to get solution. I was left stranded in the situation with no immediate support. Agoda cannot keep their promise and their AI agent and other support were insisting me only to talk to the hotel incharge. Completely bad experience. I got good stay and deals in past but now looking at their customer support I rate it 0,1,1,2026-05-22 22:46:31,14.18.0
a98b0b67-a9f2-4a9d-b8cc-d0ac724f3a7d,Sreehari T Nair,"Stupid app with few stupid customer service agents... They do investigation and interrogation more than cops.. Not recommended, Guys please stay away from these scammers. Try another apps.",1,0,2026-05-22 21:30:17,14.18.0
18118341-2d23-4dec-946d-f7f750f5d1a0,Nidhi Mishra,"Very disappointing experience with Agoda. I booked a stay at Shri Kishori Kunj Home Stay in Vrindavan through Agoda, but when my family and I reached the location, the property was unavailable/closed. We had elderly family members with us, had to walk in extreme heat on a poor road, wasted time and money on transportation, and then urgently search for another hotel. The worst part is that even after this incident, Agoda continued sending notifications saying “3 rooms left” for the same property",1,1,2026-05-22 21:00:54,
33552fac-405b-4e74-b57a-d77255c2440b,Mustafa Yilmaz,"booked a hotel with them, then had to cancel due to medical reasons. the hotel approved the booking yet Agoda could not complete the cancellation. calling customer service is useless. poorly trained staff and incredibly rude people on some call centre in the middle of nowhere. avoid this app",1,0,2026-05-22 20:52:55,14.18.0
3a0f1641-8d0e-4f76-a29f-72f9cc0699bc,Ahmad Seftian,"tidak dapat membatalkan pesanan yang masa pembayarannya kehabisan waktu, akhirnya saat memesan lagi terdeteksi sebagai pesanan duplikat",1,0,2026-05-22 19:17:55,14.18.0
8129395d-093f-4261-9000-519c85f28c44,Andi Miftahuddin,"Everyone, dont use this scam app, use agoda from 2023 and 2026 i got scam by this app, the hotel not receive my booking and you cannot contact customer service",1,0,2026-05-22 18:01:45,
f69a3d42-96dd-4203-ba5a-34b481f51440,tanuj naik,"Worst app experience with Agoda. My booking clearly included breakfast, but the property denied providing it after check-in. Agoda has almost no real customer support — only bots repeating “contact the property,” while the property asks me to contact Agoda. Both kept sending me back and forth without resolving the issue. Paid for a service I never received. Expecting a refund from Agoda for the false breakfast inclusion.",1,2,2026-05-22 17:40:20,14.18.0
36e756ab-a489-44cf-986c-3c3755163d17,harish jadhav,worst experience not showing proper information,1,0,2026-05-22 17:16:36,14.18.0
5debbe41-15d9-4ece-b159-5e6fed27fb16,Hassan Tiktoker,good prices as compare to others,4,0,2026-05-22 15:07:55,14.10.0
16f73b37-0b0d-47cd-9988-623003d46ba1,rishika sahani,"worst ever experience, the worst app it showed and confirmed booking for the hotel but the hotel staff said it's not available and got cancelled by itself, totally I got scammed",1,0,2026-05-22 12:01:51,14.18.0
ddc32928-6bd2-4d9f-9019-d8a290b63eea,Noufal latheef,This month I just booked a room but I just wrongly entered the date but this company doesn't return my fund it is a very bad feeling about this app and I do not recommend it.,1,0,2026-05-22 11:47:42,
3829e9eb-e8f7-4cc1-9384-24c807d99108,praveen gp,Hand in glove with flight operators to exploit the passengers by last minute brinkmanship and deliberately hiding hidden charges. Didn't expect this from Agoda after a long standing patronage,1,0,2026-05-22 09:24:01,14.17.0
92c4d849-983f-480e-acc9-8c43418ec007,pramod kumar,"Very poor, app is asking for OTP but couldn't book",1,0,2026-05-22 07:15:18,14.18.0
f4bb74b9-d1c9-4991-a206-59274cea5785,Nurul Kwang,"very disapointed with agoda services, x bertanggungjawab",1,0,2026-05-22 06:35:36,14.17.0
5d357b54-adda-4e45-b8ab-fc607c535dca,Aaesha Q,Booking with Ogada was cheaper than booking directly with the hotel.,5,0,2026-05-22 03:03:54,14.17.0
a7db2805-f5a2-4a95-b5e3-2c862e1bba67,Jeff Orencia,I can't update my phone number in the user details. There is no edit phone number button there.,1,0,2026-05-22 01:14:05,14.14.0
008403b3-e761-43e4-9c51-33f32390c741,Dr. Arya Asokan,A flight ticket of Rs38000/- was cancelled and only Rs 8000/- was refunded. what kind of robery is this?,1,0,2026-05-21 21:17:41,14.17.0
5929b488-ec29-4602-af96-f00d7c054a99,Karan Yadav,"Booked Hotel then got better price in another Hotel, cancelled previous one refund came in 1 minute😀, then booked again better Hotel. Great App",5,1,2026-05-21 20:58:10,14.18.0
288940df-c0b0-4c8f-b374-9c24bd4cf20d,John M,"I booked through this app thinking it was reliable, but it turned out to be frustrating. The property was advertised as “newly renovated,” yet only the exterior was painted while the inside was stinky, smelly, and neglected. When I requested a refund, I was bounced between Agoda and the property, each denying responsibility. In the end, no accountability, no refund, and no credibility. 300usd gone just by using this app",1,1,2026-05-21 20:37:46,14.18.0
1d7c7b07-7a7c-4fee-a772-07b02c5211c8,Annie Lynn Bedejarde,very helpful ang agent on chat assisting everything...Thank you...,5,0,2026-05-21 20:11:52,14.17.0
5fcd6fdc-2840-485c-b959-ab1f03ec8943,Josias Lieputra,the gimmick is just too much its annoying,1,0,2026-05-21 18:33:01,14.17.0
2e8a92dc-f838-4a20-aa1e-050ba0f226fc,Warani Layai,Received confirmed booking .. but my booking cannot find at the property.. worst experience ever.,1,0,2026-05-21 18:07:16,14.18.0
e6da28b7-b028-4b17-9674-663751d47a1d,Mayank Prajapati,"In first booking it self found, fake offers, hidden charges appear after doing non refundable booking. and at the time of check in at hotel, hotel denied booking saying low price booking can not be accepted and I should contact Agoda customer care, which was not available at night, so do booking Agoda with your own High risk.",1,0,2026-05-21 16:53:35,14.17.0
f4b5e070-0438-4919-bda7-791558177d63,Alan Corsame,Can locate easily,4,0,2026-05-21 16:42:39,14.18.0
3d32710a-7001-484b-9a90-9d35d4760d2b,Rahul Chugh,any app that gets installed forcibly gets 1 star review,1,0,2026-05-21 14:24:58,14.18.0
e4f84171-6617-4948-aafb-a5ade39b5b2a,Mania m,We booked flight and hotel. The receipt showed we have 20kg baggage but when we got to the airport we didn't have baggage! We tried to contact Agoda but they didn't answer. really bad experience. Never ever book with Agoda,1,1,2026-05-21 13:49:13,14.17.0
cb3bac8f-03e8-44c5-80da-15a7c767bfec,Noah Walter,"scammer app told me, i bought the ticket but then told me that the ticket from MAS AIRLINE is being invalid but i paid for everything. They have promised to give me a refund but did not give back my money but keep on delaying from 1 day to 2 days then 3 days then 3 months and 6 months. A HUGEEEEEEE SCAMMMMMMMMMMMM!!!!!!!!! GIVE ME BACK MY MONEY!!!!!!!!!",1,0,2026-05-21 13:26:09,
0e25dec5-1edb-448f-8c29-42e02a119765,Kly Joshua,"this app allowed me to book a hotel in Maharashtra, India for 3 family members and then sent a confirmation stating that booking is for 2 adults. I had to pay extra for my 17 year old son at the property. while booking agoda site clearly mentioned that children under 18 will be allowed with parents but booking confirmation sent was only for 2 adults and property demanded extra pay for my son.",1,0,2026-05-21 12:51:19,
da6ef538-460b-4259-93b2-d9cf557fc9f0,Hafizullah Mohd Jali,it helps me reach my need,5,0,2026-05-21 12:41:43,
4dcd1943-19cc-4333-9d24-b303a5894567,Lotiel Vardamir,I keep seeing intrusive ads of this APP on YouTube. Got annoyed to the point I don't want to see the APP on my phone anymore. Uninstalled.,1,0,2026-05-21 12:39:05,
84a58df0-c92d-4f3f-836d-f265625e9c6b,Joshua Stickney,scam! Advertisements by Agoda are misleading. customer service is useless.,1,0,2026-05-21 09:27:47,14.17.0
e6608693-9f16-4b38-8247-beacc029afbb,Prashanth Neeliyath,"Don't give credit card information in this app. Yesterday, I booked a hotel by giving my card details, and that night I had many unauthorized transactions from Apple debited and my card was blocked.",1,0,2026-05-21 08:21:26,14.17.0
93b742cb-ce8c-4cec-9821-5c19d4a71df2,Mr Julio,"I used Agoda to book a hotel, and after my stay I experienced a disappointing situation regarding a missing personal belonging. I submitted an honest review based on my experience, but it still has not appeared publicly. If customer reviews are filtered unfairly or delayed without transparency, then the purpose of a review system becomes questionable. This experience has made me lose trust not only in the hotel, but also in Agoda as a platform. This may become my first and last time using Agoda.",1,2,2026-05-21 07:24:28,14.17.0
f49eeb39-1e7c-4d40-94b6-4b3ef2073fff,Zack Tupo,Having problems and customer service part keep loading and crash? The heck?,1,0,2026-05-21 07:12:50,14.18.0
fed42ba2-6b98-4660-ac24-70b7170265ed,USMC Semper Fi,"it's ok for cheap hotels, but beware if you have any problems or a dispute at the property you stay at, Agoda doesn't have your back and will only listen to the property owner..I had an issue at a property where it did not meet our expectations from the photos and had black mold..we took photos but refused to accept the property condition but Agoda only to the side of the property owner who did not want to refund us. that is until we were about to call the police to make a police report.",2,3,2026-05-21 06:06:38,14.18.0
45eb217a-0a88-41a7-bdc2-d6861415d52f,Saniya Mulla,fake details about the property is promoted here,1,0,2026-05-21 00:41:26,14.18.0
41e253be-b141-4a1b-85d8-cb9b89537b4a,Laura Smith,Booking was booked for wrong date (a few weeks out). Tried to change immediately. Was only given a partial refund. Terrible customer service. Tried to save money booking with them and ended up costing us more. Will never use again.,1,2,2026-05-20 22:03:53,14.18.0
3f97bbc5-23cd-4f9e-946a-011dc32ff0d8,Parm singh,very pathetic service provider and nobody is there to listen to customer pain. If I had paid the GST amount then why are you not sharing GST invoice. I'll take up this to concerned govt authority. We should avoid easemytrip and agonda for any kind of service.,1,0,2026-05-20 21:42:03,14.17.0
3cc24ca6-4817-4292-af34-c24e7c04fda1,Shankar,very good app for hotel booking l would recommend 💯,5,0,2026-05-20 19:30:13,
c16ba889-d08b-47b7-896a-443bb71f5a00,Vasilis Kostopoulos,not to be trusted!!!!!,1,0,2026-05-20 17:06:48,14.17.0
1839d028-4f15-480d-b2a2-68fe5b61e130,Dinesh Badgujar,"Agoda Booking Error: Booked for 3 but Confirmed for 1 – Paid Extra! I had a very disappointing experience with Agoda due to a technical issue in their booking system. I initially booked the room for 3 people, but after the booking was confirmed, it was recorded for only 1 person. Because of this mistake, I had to pay extra charges at the hotel, which was completely unexpected and inconvenient. This clearly shows a lack of reliability in the booking process. I would strongly recommend verifying",1,25,2026-05-20 17:03:26,14.17.0
bc988530-5cce-44f1-bec7-96e397ef347e,Praveen poddar,worst experience on first booking,1,0,2026-05-20 16:07:34,14.17.0
9b4253a0-e44d-4675-bd71-7efd8ab5e040,Rupesh Gajjar,The fraud company takes care before finalizing payment they change the number of guests after payment,1,0,2026-05-20 15:22:40,14.17.0
6289ca96-5c83-4f5c-8c5f-65b0a048ef84,Lo Phui eng,1.unable to switch to host mode in apps and I'm using Vivo y29t 5g. Been at least 6 months. 2.unable to log into manage property in apps and keep rejecting no matter using OTP or password. Been 1 weeks.,1,1,2026-05-20 08:43:30,14.17.0
7cc19397-a3f9-4874-98a9-d273cbba46fb,Swapnil Agrawal,"never book thru this app. first they show cheap prize and without giving details add double amount towards service charges.. what service charge no information... just before making payment.... if u misd that hidden charge, u will pay double... poor and pathetic",1,0,2026-05-20 07:56:45,14.17.0
5dc274bb-487b-43a5-8d59-bb528045bf3b,Thành Đỗ Hữu,"booked hotel in Japan, rates show to me in VND, charges somehow in RMB. No where during the booking process that the currency being charged being RMB was shown, I double-checked. Also, Why TF is the currency is RMB which results in double currency conversion fees when hotel in Japan and I'm from Vietnam. I tried to to cancel the same day but the stupid AI chat bot was useless. couldn't cancel nor change the currency after the booking either. Ended up paying 6% more than the amount I was shown.",1,0,2026-05-20 05:09:51,
9f9c39b2-087d-4b5b-a040-a0a537af83d7,Jagdish Gore,Zero Customer support,1,0,2026-05-20 03:17:38,
96faaec2-09c9-4c14-8486-3304865c1100,Hyagreev Rethinavel,"one of the worst hotel booking apps, useless currency conversions with an extraordinary markup fee and almost nonexistent or scammed cashback scheme",1,0,2026-05-20 02:38:33,14.16.0
babd8216-d6a9-441e-a0d3-e21bae86a91e,saurabh kesarwani,sab se chor or ghatiya app hai,1,0,2026-05-20 00:02:42,14.17.0
6e1250c7-9dd0-44fa-aa95-e2189456a0d8,Fajrian,"I like your apps, but sometimes there is issues on your button or feature are now work properly. please improve it",2,0,2026-05-19 22:14:57,14.17.0
7cbd5724-d93f-4a6f-92ce-6a598917f557,Yumi Miura,"Speaking of booking flight tickets, they have a lot of to do to improve their services.",3,0,2026-05-19 21:51:26,14.17.0
46e216d3-936b-48a0-8ed5-e4032097e877,Ertha James,"they have the best prices ever, customer service is great",5,0,2026-05-19 19:22:33,14.17.0
aa646340-d280-4307-9844-2624fc78f830,Aditya Aziz,"kena scam penipuan penginapan lewat agoda tapi penanganan dari agodanya tidak memberikan solusi. entah mudah sekali sepertinya untuk penipu mendaftarkan property palsu tanpa verifikasi yang ketat. dan saat dilapor, cs atau apapun dari pihak agoda tidak membantu. sangat mengecewakan 👎🏻",1,0,2026-05-19 19:15:47,14.17.0
8c6870ff-5493-4665-a478-0e83bc8df817,Swasthik B,Only card payment available no gpay. Even when I tried with 3 different cards the transaction was declined! Keep more payment options!,1,0,2026-05-19 18:51:45,14.17.0
eba4f406-535e-4c5d-828e-d52e1534a61d,viney gera,worst service ever. there is no way to connect with customer care. after booking a ticket one cannot do partial cancellation. if even one gets a cancellation done from the original airlines don't expect any refunds. and u can never reach the agoda team. even the number given in their application is of someone who is not from agoda and talks very abusively. so if u book a ticket from agoda and want to cancel it better u forget it as u will never be able to do so.,1,4,2026-05-19 14:53:14,14.17.0
f1f26354-e5c8-4173-9a62-f7e2cd43a7d9,JohnO,terrible app and website. it fails the one time pin constantly so you elect to use password and after entering password it then requests a one time pin.... impossible to log into Agoda,1,0,2026-05-19 14:24:15,14.17.0
49f80ff6-7481-404e-a12a-5c12224b59e8,Jemico Angana,fraud on its refund process!!! do not book here!,1,0,2026-05-19 11:33:46,14.16.0
f5f08454-4b20-4b6f-b742-60d63982ac2b,Hafifi Bil,"dalam apps agoda ""tempahan dibuka"",selepas saya buat tempahan serta bayaran,pihak agoda batalkan dengan alasan bilik penuh pada masa yang sama dengan tempahan. dan kenapa pihak agoda lewat buat pembayaran balik(refund) kepada pengguna sehinga 30hari masa bekerja?? pengurusan pihak agoda yang sangat lemah.. 2 kali buat tempahan, 2 kali juga kena batalkan dalam masa yang sama kepada pengguna baru,hati-hati duit anda mungkin akan lewat diberi semula oleh pihak agoda..",1,0,2026-05-19 10:30:57,14.17.0
c27c9094-4e7d-4ca4-be65-bb32f5258dab,Benedikt Janssen,"I think they manipulate search featureS, e.g. the price filter changes so that the smallest amount becomes 50$",2,0,2026-05-19 10:24:12,14.16.0
52628fcb-a694-494e-9797-026257b01fce,SRIVIDHYA SRIRAMAN,actually I wrongly booked room within minutes cancelled..they didn't accepted for balance .but for 5 days I followed with hotel and mail and put the review in play store.they called after 5 days and refunded money..Agoda are not professional but if we constantly follow we can get our things done..happy with their refund even though it's late,4,0,2026-05-19 10:18:20,
4e3719ae-7110-4c64-967c-336ba90ad16d,ashutosh kumar,2times checkin denied in lucknow by the property owner....no support from agoda..,1,0,2026-05-19 10:17:16,13.32.0
efa54500-8599-4ed8-9e58-52c7de2c1ea3,A R T E M K L I M O V,Make a normal button that will open Google Maps to get to the hotel!!!!,3,0,2026-05-19 09:46:04,14.15.0
6d291b7f-9568-43d5-a752-b77296bd5fac,Mayank Goyal,Worst app I have ever Used for hotel booking. last week I planned a trip with my 4 month's baby and cousins to dehradun and booked an appartmenta day before.Next day I found out that the property is under maintainance.Then i booked 3-4 different properties and I found out that some of them are pre booked or 1 of the property owner claimed that I didn't even listed my property from past 3 months. then how can this cheap app take a booking . My whole trip was ruined just bcz of the disgusting app.,1,0,2026-05-19 09:01:40,
a11a4c24-b05f-47b5-8241-d89f2647238f,Waseem Khan,Agoda is the best for hotel booking very well experience friendly uses,5,1,2026-05-19 04:24:26,14.17.0
e008f281-1a79-4585-bb7b-5da64a4f50d9,Michal Morkowski,"I had good experience using this app booking hotel before final flight from holiday. easy to used, giving options to chose hotel from list or map which his great. Offer good value for money having great deals. Recommend to used.",5,1,2026-05-18 22:47:28,14.17.0
69c26357-0e16-43d3-bb3c-5a482f59b08b,Jaydeep Baldha,"Check other properties before selecting these Hotel mayank plaza, Hotel Mayank residency Hotel Sky view Above all are same, I had booked 2 Dlx room with Agoda app with Hotel name ""Mayank Plaza"" At a time of checkin at midnight 1.00 am my family was taken to Hotel Sky view from airport, first of all they ask more 1600 on name of city Tax and I had to pay bcoz it's night, then we move in to room but AC not working, i complaint to reception, but till 2.00 am they didn't resolvey issue and",1,0,2026-05-18 22:34:06,14.16.0
3666613a-b92c-4014-a1a2-a58a78eef8aa,Steven Sidawi,created the wrong booking confirmation and refused to take any responsibility to amend it.,1,0,2026-05-18 22:27:40,14.17.0
0a5f4757-b95d-4359-86c7-e2fdbe2f6751,Yunus Jonah,Cannot edit number. ridiculous. Very difficult to contact agent for something as easy as changing number.,4,1,2026-05-18 22:25:45,14.17.0
6f33658c-f373-4f4f-be2b-ff8c40bb6f94,p teja,"Please don't use this app, i request everyone as we have ended up in red light area in Delhi, when complaint raised regarding the same and even shared maps location as it was complete fake hotel, there is no response from agoda and they believe in hotel response saying that the hotel is legit(luckily we are 2 families, immediately left the place even after 2.8k loss which was never provided and went to nearby legit hotel). So, they won't be accountable to your safety.",1,2,2026-05-18 17:10:55,14.17.0
53d75ad2-8741-4853-86f6-35329c27b444,TAN JIE LUN,rubbish app and customer service,1,0,2026-05-18 17:08:00,14.17.0
b9d91c86-e733-4a01-938f-b24bae3690fd,Brian Burr,It works. Many options. very good!,5,1,2026-05-18 17:06:40,14.17.0
942fa45e-8e16-489e-90f4-df2b84381905,S,"useful app but your annoying pop up ads on other sites that dont let you actually have a clear ""x"" or close button to close the ad and it just brings you to your app n9 matter what you press is absolutely infuriating. 👎",2,0,2026-05-18 16:24:41,14.17.0
a7f5a988-8127-43bd-80fc-ef2ce53a3041,Jessica Moningka,terrible app. payment UI is misleading and no flexibility on changes and cancellation,1,0,2026-05-18 14:22:40,11.17.0
23152772-37a2-4c94-b063-8f20ad31422d,Paolo S,"the addresses are unpredictably wrong, makes you walk around for nothing, the reservations are confirmed and then cancelled.. it's a mess when you often need stability while travelling, Agorà gives you liabilities.",2,0,2026-05-18 13:05:27,14.16.0
b9980de9-1b5c-42de-9d52-3bb0862bb1f1,Bostner,they stole money. didnt own up,1,0,2026-05-18 12:02:54,14.14.0
5b296f62-8bd3-42d2-ada9-4592885bf466,virgie moreno,best app for me. convenient and useful,5,0,2026-05-18 11:41:07,14.16.0
e8a68e94-5611-46d6-97ee-c025e928ac23,Khun Tun Shwe,"They just take your money for nothing. When there is a problem, they will even ignore the hotel's decision and even break their promise to you, and will hold you accountable to their policy.",1,0,2026-05-18 11:21:55,14.17.0
dc631879-0574-4aad-9141-547f6834da82,Chandan JHA,"I booked a hotel only to be denied accommodation, caused me lots of embarrassment, nowhere in the app under hotel rules and policies was it mentioned about couples not allowed, pathetic pathetic pathetic, will never use it again ever, very unresponsible app",1,0,2026-05-18 11:08:46,14.16.0
d9498038-016e-4a6f-8fc4-4401c160565b,Brandon,"This app feels like a complete bait-and-switch. They advertised 25% off my first purchase if I registered after buying, I followed all the steps immediately after After registering, I received absolutely nothing — no discount, no credit, no support. What makes it even worse is that the purchase instantly became non-refundable the moment payment went through. That feels incredibly shady and misleading. The whole experience was basically “click and pay”",1,24,2026-05-18 10:45:05,14.17.0
800d4f80-7ed4-4322-afea-3d0eaf5c47b6,Brajesh Kumar Singh,. @agoda @agodaindia One of the worst platform to book hotel. I booked the hotel on 15th and paid. when I visited the hotel they told there is no booking on my name. I contact customer care and then waited almost 3 hours even after that there was no resolution. Then I have to rebook the hotel offline and checkin. I will request people to not book hotels via Agoda App. #AgodaScam,1,2,2026-05-18 09:16:33,14.17.0
00abcee2-9a3a-46e0-a3a2-d386b7a88b46,Valaria Tonya Elease Middleton,I don't care about AI.Should have a live personal talk. it's not Fair to people who want to talk to a live person.,3,0,2026-05-18 04:52:52,14.17.0
f00dfa09-5e16-4cce-920d-53a46475433c,random ventures,"useless, no customer service",1,0,2026-05-18 03:09:31,14.16.0
f24363d9-9605-4ee9-8080-34dce154cbcc,Prasanta Ghosh,very clumsy when i want to get my cash back reward. It seems you are reluctant and hinder the to raise the claim in all possible ways.,1,0,2026-05-17 22:50:55,14.17.0
e7225747-9712-46f0-94c5-20e7ebf927b2,Gene D,"Bait & switch empty promises. Scam. AVOID. They offered a 16% discount for my first booking, and when I clicked on that, it just showed hotel listings and any space you would be able to use any promos or codes simply does not exist in the app. After an hour, support confirmed no promo was applied, refused to retroactively apply the coupon, and to use the promo on my next booking. Liars.",1,9,2026-05-17 22:27:46,14.17.0
ecc1c55b-915a-4118-9c85-003044678b82,David Caceres,"best app thatbive ever used for traveling, its so convenient! and save you tons of money.",5,0,2026-05-17 21:53:15,14.17.0
70d83526-97a8-460c-b927-34e905c2aa73,Vyacheslav Zavrin,"They don't make refunds for free cancellation, be careful, they.re scammers!",1,0,2026-05-17 18:28:03,
4aba1c53-d375-4b19-a189-7ee77ca5fe29,Joevic Lorico,nice and convenient app easy to use I hope they add option to see the price breakdown if you book a hotel,4,0,2026-05-17 15:23:16,14.16.0
0469460f-f058-4f7e-8367-c380c8067654,Chanchal Bidawat,You can neither call the help center nor do anything else—it is an absolutely useless app.,1,0,2026-05-17 14:15:59,14.17.0
082e75d2-9046-432a-ad50-c5802fe42a2e,I Cherry U “Cherry”,so easy apps to booked..affordable prices..thank you agoda,4,1,2026-05-17 12:19:52,14.17.0
5722cdb8-48ff-4ec4-b70d-716054d6d2b9,P V,"Very disappointed with Agoda’s service. I booked hotels for multiple adults and children, but the booking showed incorrect guest details due to what appears to be a issue in their app. I had to pay extra money at the hotel to avoid problems during check-in. Even after multiple calls, customer support failed to properly resolve the issue and kept blaming the customer instead of acknowledging the system error. Extremely stressful experience during family travel.",1,4,2026-05-17 12:06:32,14.16.0
7bf469a9-8c25-45bd-b1ba-5255c1ea144c,Jobin Joy,worst experience i booked the hotel with full payment and canceled before 24 hours . not even single amount is refunded and there costumer service is too bad they can not explain the reasons why they can't able to refund the amount . very bad experience does you give some value to our money,1,0,2026-05-17 11:55:59,14.17.0
d2c668fc-2ccc-4728-8486-fa99515f1b03,Ernie Wu,I am forced to download this to collect cash back,1,0,2026-05-17 10:26:55,14.17.0
7a7c9252-f3ec-4f21-b393-1d02f6b80ad2,Hafiz Ja'afar,"Agoda still let scammer to running and roaming free. My father in law booked a homestay. Got nothing when the booking is confirmed. We reached the destination, but nobody to contact. Waiting hours. Just to be disappointed. I'm sorry, let's just uninstall the app.",1,0,2026-05-17 03:27:30,14.17.0
b591d66f-f778-4cba-ad7b-d69feef67be3,George Waweru,"This is the most useless application, they only play games with great offers but anytime you try to pay, payments are always unsuccessful. This what they say this yet it's the same card I always use to pay other services 👇👇👇 We are unable to pre-authorize your credit card. To proceed with your reservation, please choose an alternative payment method.",1,4,2026-05-17 01:31:15,14.17.0
9e5689c9-3e15-444f-ab9a-d66d7233f70b,ROHIT,sab se ghatiya app he.. inke pass customer care number bhi nhi he... itne bhikari he. sirf chat bot he koi booking cancel krni ho ya adjust krni ho inke pass contact krne ke liye kuch nhi.. refund to bhul hi jao.. jinke pass customer care number bhi nhi he aise ghatiya app se dur rhe.. isse acha offline booking kre.. aur jo ye hotel photo dalte he sirf dikhava he actual me kuch aur hi niklta he plz dont book any package or hotel through agoda... ghatiya agoda,1,0,2026-05-17 00:25:52,
d23842d8-a012-4458-8a97-b906c9046152,Gohil Mahavirsinh,very very nice work,5,1,2026-05-16 23:01:49,14.17.0
59cacdab-6928-4513-aea8-4504133230c2,Mr. Blue,wrost platform for hotel booking,1,0,2026-05-16 22:24:11,14.17.0
aeab581e-6ad4-4438-b7b0-8f36bc9cb5b9,Swann Swann,This application and being a loyal has over charged me always best is not to install this application and not becoming a loyal member just go through Google Maps and search their for the best deals be Agoda only give away fake deals and lots of junk mail,1,0,2026-05-16 17:47:41,14.17.0
9fbe8f03-266e-4d23-b044-3c789dc99f3c,Ratnesh Kumar kaji,love it I always use this app for room book osm,5,0,2026-05-16 17:25:33,14.16.0
c087036a-18ed-41b3-9189-14bc2b2d165d,Vaibhav Gautam,"I don't even want to rate a single star to this fraudulent app. They show u lesser prices and after payment, when u ask the concerned hotel for confirmation, the hotel refuses and you will be left with all the chaos and tension. Use MakeMyTrip Instead",1,1,2026-05-16 15:51:35,14.17.0
2dcf5545-2060-4e0d-81b6-c6de1a811089,Varshith K,worst experience booked a room in coimbatore called Z Express Pulse which is worst the place was so bad there was no place to park car there was foul smell up to reception washroom were not even clean so I did not check so request to cancell and request refund they deined worst app plz don't use nor refer,1,0,2026-05-16 15:43:38,
a1cd690f-cd25-4b26-b765-d926053e0751,nicholas wong,Make a wrong date and not friendly to changing date.,1,0,2026-05-16 14:47:24,14.17.0
804a8c74-c319-43ff-909d-65fd3c2c482b,Jessie Amanda,JANGAN PERNAH GUNAKAN AGODA. PENIPU DAN MEMBERIKAN PENGALAMAN BURUK,1,0,2026-05-16 13:34:21,14.17.0
f7ec27ba-e7e2-416e-b535-8f6ea26473db,Tamil Govind123,The very very worst service I'll book is the room but the property is not given a room I'm complaining about the agoda customer care service but not the Responding app side... very worst service lost my money 3000 not refunded... don't use this app,1,0,2026-05-16 11:09:35,14.15.0
37b18d03-1075-4697-a877-73fa62a9fa56,Radha Veeraraghavan,"Worst booking experience with Agoda. We booked two rooms at Athirappilly Green Trees Resort through Agoda — one “Deluxe Double Room” and one “Luxury Villa” at a higher price. After reaching the hotel, the staff confirmed both were actually the same room. Agoda listed the same room under two names and prices, making us pay extra for nothing. Even after sharing proof, Agoda kept delaying the issue without a proper resolution. Completely misleading and unacceptable. I will never use this app.",1,2,2026-05-16 09:57:12,14.16.0
f6983c89-3f7d-423c-849e-0968b564ceb7,Yance Hendrik Willem Raranta,easy and affordable,5,1,2026-05-16 07:36:12,14.17.0
63b3c2a8-5779-4124-9280-f00560e6a2b1,Justin Ong,"They steal your money and DO NOT EVER REFUND ANYTHING BACK. Not only do they CANCEL YOUR BOOKING WHEN YOU ARRIVE THE HOTEL, THEY ARE DEAD SET ON NOT REFUNDING YOU 3 MONTHS LATER EITHER!!! BEWARE OF THIS SCAM PLATFORM!!!!!! Best book hotels through the main hotel website. STAY AWAY FROM THIS PLATFORM. They even ask you the customers to break laws so they can protect themselves. PATHETIC! I have shared my details and still NO RESPONSE,it looks like it's a SCAM. DO NOT ACCEPT ANY REBATE BY AGODA.",1,1,2026-05-16 03:50:23,14.17.0
c5720384-791b-46e9-bffc-7b3a57e33bab,amanda hyde,one of the worst booking sites. don't use them. they give your rooms away.,1,0,2026-05-16 02:44:20,14.17.0
76f9392c-f7e5-43bb-a240-064b835d93ab,abhishek Vaish,Agar zero star ka option hota to vo hi deta 1 star bht jyada de diya hai is app ko.Customer service worst hai inki booking details tk whatsapp nhi ki ja rhi inse. Hotel ki location me GPS kaam nhi kar rha pata nhi kis ghatiya Bande ne ye app design ki hai hotel property se contact karna alag challange hai.Isse better hai city phuchkr vhi direct hotel le lo but is app se na lena.,1,0,2026-05-15 23:37:12,14.16.0
8527e457-ba39-4408-a968-d6b81149316f,Agastya Bisht,all scammer on this app. No support from agoda,1,0,2026-05-15 22:17:40,14.16.0
5ec7e3cd-55dc-4676-99f0-8b66838a7a41,VIPIN JANGRA,"sign in problem, uncomfortable",1,0,2026-05-15 18:19:34,
7f3f0ab7-623c-4bec-a232-f935042f0c51,Vasvi,Worst experience for real. Did a booking for 7 adults and 3 rooms but turned out that the booking only happened for 3 adults and 3 rooms. What a scam i must say after selecting and checking everything the booking happened only for 3 adults and it became non cancellable got stuck here with no other option. Worst experience for real. Never using again. And recommend to not use.,1,0,2026-05-15 17:42:26,14.17.0
ccbed914-55b1-470a-b280-7281464e4247,rubin thomas george,"Very Bad Experience – Felt Misled I booked a suite room at Goldfield Club & Resorts through Agoda after seeing the photos and facilities shown online. But after reaching the resort, the actual experience was completely different and very disappointing. The bathroom was in poor condition, the mini fridge was not working, and the room/view was not as shown in Agoda photos. There was not even a proper chair in the balcony/verandah to sit and relax. I booked a lake view suite room, but after arrival",1,0,2026-05-15 15:19:05,14.16.0
b7b5e017-2beb-4b24-82f3-393a71451f2a,Rohit Khaitan,consumes a lot of storage,1,0,2026-05-15 14:53:19,
0107d2f5-952f-42c1-a8b9-6be3b6017d1b,Lewis Thorp,I've been using it for most flights and hotels for the last two years. Truly great deals. Only giving a 4/5 rating as the app itself is clunky. Something I'd like fixed is when switching apps on my android phone Agoda loses all memory of my booking or my location in the app and you have to start the whole process again.,4,9,2026-05-15 14:24:31,14.17.0
23e98dec-0065-49d3-89a8-efca7a3ab658,amal sundaresan,Really bad experience. Agoda gave me a hotel confirmation and when I contacted the hotel they denied stating room unavailability. Had to rush in the last moment. Never use agoda !!!!,1,0,2026-05-15 12:41:23,14.16.0
d2108c2b-5d1c-4a77-9e9a-4ee2e56f5353,Jayraj Raninga,"very bad app, I was in Mumbai and none of the location of hotels were accurate also no contact details of the person if booking an villa.",1,0,2026-05-15 12:14:39,14.16.0
0ef960a4-0947-4b65-81fa-b3ab2cebfbb2,Arvind Dhaker,The amenities shown at the time of hotel booking are not available in the hotel. I had booked a hotel in Crown Plaza Residency Srinagar Jammu for breakfast charges but breakfast was not provided. Agoda customer support was also not available,1,0,2026-05-15 12:02:55,14.17.0
69def621-7de4-48a8-8fb2-054a7c5d4f30,Adam Yeoh,Contacted two of their customer support emails and tried calling their customer support hotline to rectify them charging for 4 hotel rooms instead of 1. All avenues with no response. Horrible experience.,1,0,2026-05-15 09:02:22,14.17.0
a6c504bc-bc53-44db-b647-9ff7e9bd8a43,Gary Ar,"pathetic app now. It was good once upon a time.Now either they stopped maintaining tech or resorted to malpractice for profits. Shows great deals .Then shows some strange error messages at time of payment. Amt will be deducted but still trip confirm will show processing. Leaving uncertain about txn status. Sometime takes multiple attempts. Moreover, after all this effort , the data passed on to hotels will be wrong. Either no of guests will show wrong or plan details wrong. *Cust care AI only",1,0,2026-05-15 08:58:48,14.16.0
a1bc1f5a-3aa4-455f-b806-d33f687a0672,bug king,sold me a room that doesn't exist,1,0,2026-05-15 08:32:51,14.17.0
e3d67d49-3872-4c7f-a638-8ed1ef9485b4,roger francoeur,Best online booking site I've encountered.,5,0,2026-05-15 08:23:31,14.16.0
f366f16c-4b6f-41b5-b0cd-9de6704d1fa0,Kevin,"Not good not recommended ,",1,1,2026-05-14 22:55:40,14.16.0
0ef0cfbd-a1b1-4f31-a53e-edd6b5883e92,Anastasya Calya Idham,gimme back my money!! it's been 3month and I haven't got my money yet!!!!,1,1,2026-05-14 22:46:09,
feb0eba5-ae8d-4e4a-a00e-130825c19244,Paul Rinku,"The hotel is committing fraud, and there is no option to file a complaint or report an issue. The hotel’s name is this collection o is fraud address is C Block, Pocket C, Sector 20 Noida India 201301",1,1,2026-05-14 21:53:55,14.17.0
c210420b-4989-4bb8-9881-612e7e7f5af7,snigdha mishra,Worst app . Had worst experience booking hotel in this platform. Never use this app . It lures you with cheap rates and then you land up finding no facility. I booked a Hotel recently and then wanted to change my dates just in few mins because of my train timings . I couldn't modify my booking and my 1700 rs got doomed as I couldn't modify my booking and nor could I get the refund. Despite of mailing Agoda . Agoda said later why you didn't mail in customer email I'd. Property denied room .,1,1,2026-05-14 19:45:59,13.46.0
fc0f4ec6-8301-4a27-bb53-14b6e3970d32,Harendra Patra,thank you agoda team for your support 💪💪💪👍,5,1,2026-05-14 18:14:00,14.16.0
249fb7cb-7cee-4a54-887a-9be5b066644a,Sandeep Pm,App not good,1,1,2026-05-14 18:12:55,14.16.0
5a2939e7-d1ab-4d08-8abf-eb7cb56437c5,ASHISH PUROHIT,"I mistakenly booked the wrong date on Agoda and immediately contacted support for help. Unfortunately, no refund or proper assistance was provided, even though it was a genuine mistake. What made this even more stressful is that I was traveling with my pregnant wife, and the situation caused unnecessary mental pressure and inconvenience for us. I expected at least some understanding, flexibility, or basic customer support from a platform like Agoda. Very disappointing experience. I hope Agoda",1,1,2026-05-14 18:09:43,
93b12c68-7096-4c17-9f24-843ff71b8e26,B Do,evrything is available on agoda for your travel need.,5,0,2026-05-14 16:23:37,14.16.0
98a4f754-e237-44e3-8580-5d9713be4c69,Le Go,"there are too many scammers who could post and victimize in Agoda. i have a pending claim since May 7, and up to now, they are unable to contact the property admin. Agoda has too slow incident management handling. not recommending to anyone, might victimize others. maybe there is an insider coniving with scammers, the reason they are able to post in Agoda.",1,1,2026-05-14 15:21:12,
d8a9c27d-3103-4ef0-8dd6-de82e214ee0d,Vinay Gupta,बहुत ही घटिया सर्विस आप लोगों के द्वारा दी जाती है इसके द्वारा बुक किया गया होटल बुक कभी भी हंड्रेड परसेंट और मत मानिए क्योंकि वह कभी भी होटल वालों के द्वारा कैंसिल कर दिया जाता है और agoda वाले सिर्फ इस इनफार्मेशन को आप तक पहुंचाने का काम करते हैं इसके अलावा उनके द्वारा कोई भी हेल्प नहीं की जाएगी। बहुत ही घटिया सर्विस अगर शून्य स्टार होता तो मैं शून्य स्टार देता सोच समझकर ही agoda से होटल बुक करें,1,1,2026-05-14 15:07:34,14.16.0
81a11371-3d17-4838-b02a-4711cac0da5d,Col Chadwick,"As a accommodation booking site I have nothing but praise for Agoda. However I recently purchased an esim though the app and it was an utter scam. The esim already in use so would not work. Agoda refused to communicate / refund in any way, and the contact details of who the esim was even with was entirely missing of off the booking email. Avoid at all costs..",1,9,2026-05-14 12:08:51,14.16.0
35538650-bf45-442b-873a-54b4025a48a1,Ankit Vadi,Fake App hai,1,1,2026-05-14 11:16:11,
b89b9058-fbd2-4757-8c80-2e3d4e272e59,ogi jumadila,"CS Agoda sangat mengecewakan dengan Lion Air, saya telah menjelaskan sejelas2nya beserta kronologi refund dan dokumen pendukungnya. Tapi refund pembatalan tiket yang diterima hanya 10%, padahal pembatalan telah dilakukan sebulan sebelum keberangkatan. CS Lion pun sangat tidak kompeten menganalisa permasalahannya hanya melihat ke sistem tanpa turun ke lapangan. Saya tidak akan pernah pesan tiket pesawat lagi melalui Agoda.",1,0,2026-05-14 06:25:27,14.16.0
38860456-59f2-4c7b-a9bb-2de6fa97b958,Johnnyg,At first I liked it because the prices were more reasonable than the American apps and you were able to pick your seats (Unlike with Expedia). But then I had to re-register with other agencies and provide too much personal information that I had already done with other airlines. So what's the point of using the app?,3,5,2026-05-14 01:06:58,14.16.0
1037f04b-2b9c-4894-9fc8-b9ceb6e4b316,David Phipps,"app has gone down hill as has the company's quality, this company business model is just algorithms designed to make sure you pay more than you should raising prices faster than you can blink. Their price mach guarantee is a joke as non of their booking are eligible since they offer some sort of agoda cash back or similar options that disqualify the booking. This really makes no sense since these incentives should add up to being more competitive price. I rarely use this app anymore.",2,4,2026-05-14 00:54:41,14.16.0
63e71fae-347d-4e33-a854-08a9be9103b4,Rajesh Samala,"I had very bad experience with agoda. their customer service is pathetic and not customer friendy. I have one accident booking aorund 11:35pm for same day, I found my mistake and within 2mins after booking, I have informed them to help in cancel the booking. Human error is possible and they should understand it, for that they should not punish the customer. My recommedation call hotel and book directly instead using these aggregators I am seeing atleast 10% lower in price if we book directly.",1,2,2026-05-13 19:41:00,14.16.0
f5676da5-a273-4aa3-8ddb-824f45064822,SURENDER K,"I strongly suggest not using this app. A couple of the properties listed here are really bad, and I had a similar experience myself. I booked a property, but after seeing the condition of the place, I decided not to check in because it looked terrible. I tried contacting customer care multiple times, but no one answered my calls, and even now I haven’t received any response. There are much better alternatives available than Agoda. I would recommend going with another app instead.",1,5,2026-05-13 18:47:07,14.16.0
62600a49-9b78-4398-8ad3-caee37949a10,Kaushal JParikh,"absolutely low services, today I booked a hotel at vadodara not at all worth. I hope there should be a govt body formed to monitor operations of such app. zero ratings. v v v BAD. soon will reach out to the concerned authorities",1,1,2026-05-13 17:56:14,
dc6a8bc2-328d-44c2-b1e9-d2e4f122d47b,niyas rahman,"fraud service providers, never ensure they are giving proper service. I have booked several times room through this application and found that they are not verifying the facilities are as per the profiles in the website or application, they are just looting money and when you complaint they support the facilities not the customers.",1,2,2026-05-13 17:19:14,14.16.0
f1397413-644a-4f3c-a801-060bdb69a158,Mei Lieberman,"Stealing money from customers. Be careful. They charge 5% fee if you search in a different currency then what you pay even so if you search in the same currency it's the normal price. if you search in Google maps and then redirect to the pp they raise the price, just use the browser incognito to book. DON'T GET CLOSE TO THIS COMPANY!!",1,2,2026-05-13 16:11:07,14.16.0
bf2ad58a-dc3e-4a6e-b4ae-91616452be4e,Eli Elisa,Useful for hotel booking. Prices are competitive and booking process is simple.,5,1,2026-05-13 16:07:33,14.16.0
332c089e-f01b-4e61-a925-13cd488c80ab,Shivanand Salalli,no customer care number available at night we went to lodge booked 3 bed 2 room but lodge owner says it's 2bed 2 room he took extra 400 for confirmation so please go through maps tale mobile number book by your own,1,1,2026-05-13 08:14:02,14.16.0
6d2007af-21db-4958-8fe8-eefd4b2c19fb,Dr Krunal Karade,"Scam website and app . Not checking property details , address & once you booked mostly showing non refundable. Refund process required more than 30 days. Costumer Service very difficult and non friendly.",1,1,2026-05-13 05:17:54,14.16.0
e8effbb5-8b06-4b21-b90f-854edae51269,Muhammad Hafif,perubahan penerbangan tidak di Whatsap.tolol,1,1,2026-05-13 05:13:41,14.16.0
67414837-9cdb-45cc-9f53-8db7f7ef784f,Observer 1,Please be careful!!!! Chose a room from the pictures provided om Agoda site just to find out from the hotel itself that the room Agoda assigned is the cheapest one they have. The pictures Agoda shows is one of the better rooms. Long list of questions to get themselves out of a refund! Agoda is the biggest fake I have come across in years. Horrible.,1,5,2026-05-12 20:42:29,14.15.0
c72796b2-c8e4-43d8-ada0-22ee52ac1217,Nihal Ahmad,"They are scammers and they don't follow any ethics. I really urge everyone to not use this scam app. They are looters. They have charged me for a booking date which was done by mistake, they don't even allow to change the date upon informing such things they don't even care to respond. Hard earned money should not be spent in such scammer apps.",1,1,2026-05-12 18:49:42,14.15.0
2b068fd1-8a29-4707-935a-4538a17a0bd0,Gopichand Daryani,"""Amazing service! I had a date error in my booking, and they handled my refund process smoothly. Very impressed with the support! ✨"" Thanks a lot.",5,1,2026-05-12 16:11:39,14.16.0
7d66e1fb-e1fb-480c-adff-fa85c4cf275b,Keddy Ambau,I use this app twice to book for hotel. Evertime i finish pay for my hotel my phone suddenly restart itself. I don't know why the payment successful but I feel suspicious towards this app.,1,0,2026-05-12 14:10:07,14.17.0
a2b49646-98c2-4bb3-aa47-f2b410963753,Agus Hadi Santoso,Aplikasi yg sangat membantu Dan refund sangat cepat,5,0,2026-05-12 11:49:23,14.16.0
087202b4-679d-48c4-b59e-e4c809a3e0b3,suvindra Choudhary,"never take responsibility of anything, worst app",1,1,2026-05-12 10:43:21,14.16.0
598a9aba-60ae-48ac-8e84-bcbd0c21e03f,Xovia P,"The problem is in the Agoda booking system, which for the number of rooms has been set with the number of rooms 2, generally is 0 or 1, so automatically I did not fill it because I only need one room unfortunately can not refund one room, both Agoda & Bela Hotel Ternate,have no understanding to see this situation, as a result I have to pay for one room from personal money to the office. Disappointed with Agoda and there is no helpful from the hotel with this situation",1,8,2026-05-12 09:29:05,14.16.0
b7b8b9dc-91db-4c27-941a-1d1a6d831912,Ashok Agrawal,"After the payment app shows payment failed, then if you go to my bookings it shows the booking completed.",2,2,2026-05-12 08:38:03,14.16.0
e65c7a07-0117-432a-9c8c-b9d9668bc028,MANOJ SAHANI,"very bad experience. booked for 2 person, paid for 2. but only booked 1. price is also higher then normal booking.",1,1,2026-05-12 07:24:52,14.16.0
03469e87-cced-4b4a-bf0a-b58bd42d2fd0,Felipe Rodrigues,they put you to talk with robot when you have serious problem mine for example was owner lock me outside for 6 h,1,1,2026-05-12 01:46:08,
d9104ae9-005d-4df2-a160-01476679e011,Sobhraj Singh,they booked my hotel in a completely wrong location They were showing hotels in diu when I was searching for daman and the prices are also not the cheapest. I had an unpleasant experience with this app.,1,1,2026-05-11 23:34:56,14.16.0
48c51dfb-81a5-4de6-9d90-902618b27f3b,sourabh garg,no customer service and fake hotailers ragistered,1,1,2026-05-11 22:05:55,14.16.0
02dcfb86-3e81-4169-849e-7089aeac12a5,Karim Attia,Price updated in background when booking and I was charged more than shown on screen. I could even reproduce and take screenshots. Edit: I got another AI response via email that didn't understand the issue. Absolutely useless support!,1,2,2026-05-11 20:30:16,14.16.0
848f6566-7e75-4e2a-8c3e-1bb2a0fd1d5a,Rachel Mae Maningo,the app gets lot of glitch. it doesn't load after booking a hotel reservation.,3,2,2026-05-11 18:45:59,14.16.0
6759eba2-b8ba-4e64-8ef0-ef7dc013f51a,hurun zanuba chofsoh,"so helpful, kemaren ada kesalahan dari agoda, uang di refund 100% dan ga tunggu lama. thanks Agoda 👍🏻",5,1,2026-05-11 18:27:10,
1446b8aa-2ce6-469e-9b9d-bf6d19f7ad66,Manohar Lal,never plan your stay on agoda app and never keep app in your mobile such a fake and froud app... It will show coast 150 Rs in grand total and after payment in slip under total amount will past small font 1500 rs u will pay at property. at the end of bill amount 150 rs that u have taken already and then why u mentioned 1500 rs pay at property and in very small font... very froud work by agoda app..,1,1,2026-05-11 16:29:50,14.16.0
40247235-adb0-409a-8d20-b9ddc5f5e1d6,Damodar_n,no customer support.. don't use this app,1,1,2026-05-11 16:03:21,
2b6932c5-3b48-4237-bf37-cf52b9145054,Rivetta Weliana,"The worst app for booking flight. I already double check the name and birth of date for me and my family but when I received the confirmation booking email, all the name was wrong, it's my name on all my family first name and the birth date also wrong. I already email but it's take more than a week to respond. DO NOT download this application its waste your money!!",1,5,2026-05-11 15:28:56,14.16.0
33db5a44-6a83-4a99-8983-637ba2a4ff1e,Gabriela Kharisti,"I can't claim my cashback rewards. it said my session expired, when I fill everything under 10 minutes. i try to contact CS agent but always bot. When get connected to human, it didn't resolve.",1,1,2026-05-11 15:20:00,14.16.0
9c347111-a3e0-4b03-acec-30dd87379a93,Matic Kovačič,"im done using this app. they don't include fees until you pay already, aslo promoting me like some special deal and then i find out ifni just go on google maps and find the place I always find it cheaper then actual app with my ""promotions"" goodbye. that was the last time i booked, also spreading the word to all my fellow travelers.",1,4,2026-05-11 15:04:26,14.15.0
31d4a610-87ca-4f3d-bd30-f998ee6ae31d,Kareen Tacubao,"My booking experience was very disappointing. We were informed about a late check-in fee only after we were already on the way, even though it was not clearly stated during booking. I already paid for the room in full but was still asked to pay extra. Because of the poor communication and handling, I canceled the booking and requested a refund. I was told to wait 24–48 hours, but until now, no refund has been received. Very unprofessional and stressful experience. I do not recommend this!!!!",1,23,2026-05-11 13:01:17,14.16.0
dad6e29c-2b20-4dba-9d44-a1640542ec03,CMA Rahul Jain,Don’t book with Agoda. Their customer support is completely irresponsible. Not able to connect with the right person and if there is an issue with the hotel they say speak with agoda.,1,1,2026-05-11 11:06:00,14.16.0
c1c5d5bc-db8b-46f1-b0ef-35c65011505c,Nina Ricci Calacasan,worst customer service ever,1,7,2026-05-11 10:53:37,14.16.0
5ca4dc9b-fd74-4770-a555-ceeee04484b9,mouna s,"DON'T USE AGODA very worst service in agoda , i booked room at 9/5/26 , also go that room at 10.05.26, that property owner said rooms not available, then I contact agoda customer care , no response , I loss my amount also very disappointed, so don't use AGODA",1,1,2026-05-11 08:18:59,14.16.0
7e7887b3-b0a4-4387-96b9-442d6479f21a,Dream Worker 65524,"Don’t trust the rating on the cover. They used tricks to inflate it. Agoda will lag, returning money is rather slow.",1,1,2026-05-11 07:11:44,
2e486036-5491-4de3-97ca-84f4fd09f526,Bhanwar deep singh Hada,agoda app is very bad agoda looted the customer and customer care is not available please aware from this app before using and booking hotel,1,1,2026-05-11 05:42:30,14.16.0
6da9a05e-2ed7-4c77-bdcb-6e1a05dcf8e4,CrystalAnn Flores,"No words can do it on this matter I made a reservation at this hotel confirmed the booking online and mind you ths it,was the last of our money we had nothing 2 eat but I figured we have a roof over our head that's all that mattered.Anyway we get to the hotel, got checked in to get told that I wasn't able to due to a ban I didn't even know I had they refused to refund my money and I wouldn't accommodate the cancellation this hotel is the worst and I'm reporting it to all businesses🤬🤬",1,4,2026-05-11 03:52:37,14.16.0
dd378862-fff9-4238-8f2a-a54b7ad42670,Ravi Sharma,Booked Holiday Inn Express Yashvantpur Banglore through Agoda and had a very disappointing experience. Poor hotel service and no proper support from Agoda. Will never recommend this booking app or this hotel to anyone.,1,1,2026-05-10 23:35:26,14.16.0
8415a9fa-01bc-47c2-847a-f6c2c19c97e2,Suresh Kumawat,"this app is full fake and fruad, i have done booking from this app and my booking is confirm but ita show that your last booking is not made, and i done another booking, then my money is deducted twice, i cancel my one booking ,but agoda did not give my refund, say that its not include our cancel policy you did't get refund, i have contact customer service, i told them my problem but its waste of time plz guys dont book from agoda",1,2,2026-05-10 21:28:12,14.13.0
5fb602a2-fa05-4ce7-a23b-c54ca0eb2d39,MUN HOO Wong,"Got my all my stay location booking done with agoda website for more than 10 years, now easily do it in app",4,1,2026-05-10 14:58:22,12.39.0
ab8c450f-9855-4e55-97c5-2c752a8cde7f,Ianne F,"Reliable, good discounts on accommodation. App can still be simplified and made user friendly but overall good booking experience. I had a problem with one booking in Manila. Agoda customer service was quick to respond and I didn't have to wait long for the refund.",5,9,2026-05-10 13:31:00,14.16.0
c9db97b0-6e2a-4733-8a48-8ea088253cff,Shamsh Parwez,best scammer application 🤯 ....,1,0,2026-05-10 13:11:14,14.16.0
c775bcb1-14a4-40c1-b768-77544249a54b,Q K,unhelpful and frustrating ai customer service,1,1,2026-05-10 11:18:57,14.16.0
d1afd262-4631-4e24-815b-73c72c22c537,Shahidan Shah,"senang je ambil duit dekat apps select tarikh lain bila dah book tarikh lain,bila nak refund macam² alasan pusing sana pusing sini,kalau salah dari pihak saya sokey saya terima tapi salah dari dua belah pihak tak akan korang tak maintanance apps korang?dah tahu tarikh yang cus pilih tu xde kosong kenapa suggest kan hotel tu? i dont care if u guys tak refund i take action lebih serius viral or apa sahaja. u guys nak main² dengan saya ok saya layan,u guys tak kenal saya siap get ready to impact",1,1,2026-05-10 11:07:51,14.16.0
e2eccfea-2c6c-4f2a-8901-66fb8188ad67,Ko Attkhayar,Very worse experience in using this application.,1,0,2026-05-10 09:39:14,14.15.0
97633d4e-fac2-4b89-a4f5-f2938b4dba8c,Azimah Salleh,always offer lowest price among other platform,5,1,2026-05-10 08:10:03,14.15.0
4392901b-4443-483b-9221-565d73ffcbc8,Nikhil Pasalkar,Agoda *helps you to make your trip or vacation worse*,1,1,2026-05-10 00:55:52,14.16.0
c1925386-fa59-4a1e-9a77-29c5d9d8ca16,Chad F,i had an issue with a booking and customer service was rude and didnt help out at all just continous auto responses with no real solution,1,1,2026-05-10 00:11:03,14.10.0
50835194-e5fd-46d8-96dd-df54f6b0a89c,Amar Itage,They offer rooms at cheap price then it will not be available once you go for booking price will be doubles with no cancellation available,1,1,2026-05-09 22:50:38,14.16.0
a25d35ad-736b-40c3-b325-b50b73aa35a8,Brand Knewbie,30 days for a cancellation refund? Really? REALLY? I've used numerous 3rd party bookings are sites and I've never been told it would be a month to get a refund.,2,1,2026-05-09 19:54:47,14.16.0
047452e7-0cc2-49e4-a8f3-bd2cd2f25ead,vipul kumar sen,"I am extremely disappointed with your service. Had I not paid for the booking in advance, I would have cancelled it before checking in—that is how terrible the service was. Your app should include a ""Pay at Property"" option; that way, when issues like this arise, we wouldn't be left completely stranded without any alternatives—especially since you don't provide any support either.",1,24,2026-05-09 19:16:45,14.16.0
b637518f-ef17-48ba-a9a1-ee8fdcbfffb7,Felicia Cia,scam application. when i book and hotel approve for free cancellation but Agoda did not process it and still charge my booking. Agoda is a total scam. NEVER BOOK THROUGH AGODA.,1,1,2026-05-09 18:26:32,14.16.0
66269992-45e2-44c7-9df9-d0f46762d98f,sol Ethio,"I booked for hotel, two Days May 5 to 7 /2026, they booked me twice and charged me for it in the same Hotel and room in Ankara ,Turkiye. never refund me. I think they are scammers ,do not use this App. for me the worst app ever I used , never recommended , to any one.if you are trying to reserve hotels or airlines tickets . the worst of all you can't talk to human .👹👹👹",1,2,2026-05-09 16:49:23,14.16.0
dbc0a354-6374-4eb9-9e56-3cabdcc831c9,Orlando,"The best hotel booking app out there, plenty of discounts promos every day",5,0,2026-05-09 14:56:05,14.16.0
3ce5a9a4-7dc6-4b2d-b139-b4c853aa52cd,Vartika Kushwaha,we made the booking today now the owner is saying this property is not operation and even agoda is not taking responsibility.. there is no such thing as customer care with agoda... extremely disappointed.. they should not be operational.. pathetic team,1,1,2026-05-09 14:35:15,14.16.0
d640d5a5-4b80-4800-8d92-aa7c9c497a16,Niño Garcia,a lot of condo offers which are scam. do not even attempt to try this app.. a lot of scammers!,1,1,2026-05-09 11:15:17,14.15.0
5cd0833d-f28e-4980-a6c5-e7b747a10781,PILOT,Хостели з бомжами наркоманами.Вкрвли гроші неодноразово кілька разів опинився на вулиці. Аферисти злодії!!!,1,1,2026-05-09 10:12:15,14.15.0
6d0d5745-de28-42ba-9037-531d954d9ac5,Ron Serdan,"it's sooooo annoying! i can't able to see my booking details / manage my booking, the page is not loading..",1,1,2026-05-09 09:06:23,14.16.0
72ef9212-143d-422f-adf7-feab9175812f,Muhammad Shalahuddin,"I’ve been an active customer for years, but been let down again. The hotel rejected me away last night. My prepaid booking on Agoda “not found.” This is the second time it's happened. Agoda’s customer service is unreliable under certain circumstances—it’s inconsistent and unreliable. On the first booking, I lost my money. I hope Agoda will improve, prioritizing its users, or just shuts down at all.",1,12,2026-05-09 07:47:18,14.16.0
d6707342-af94-4adc-90d1-500c7edb5341,Vikas Yadav,"worst experience,you will suffer if things changes even little,",1,1,2026-05-09 07:46:14,
44177d31-fdf1-4ba3-85e2-5235c3359a1d,Ceferino Aguinaldo,We always demand good service Agoda has it all.,5,1,2026-05-09 06:30:17,14.16.0
c490a7e8-4e14-4ec8-9242-0b554a0cee33,Mathew Wasswa,I need this app,5,1,2026-05-08 23:49:17,
68155b48-3aae-4220-9437-0ff7f088973c,Ice Man,"Agoda uses much AI-generated support services. I booked the flight tickets twice. The first time, I bought extra kgs for the ticket but no extra kgs included in the ticket when I confirmed with the respective airline. The second time, the title was wrong in the ticket although I gave true information. Agoda did not take any accountability for their errors . How can I trust Agoda to book certain available services without much errors in the future?",1,2,2026-05-08 21:52:04,
5449f0df-9576-4961-8e99-b24974424f88,Manasa Aqua,"FRAUD AGENCY The system is misleadingly defaulting to 1 guest on the payment page despite the initial search being for 2 adults.Furthermore, there is no option to edit the guest count, and the booking confirmation PDF conveniently omits the guest count entirely.This issue has caused unnecessary confusion and inconvenience. A booking made with the wrong guest count has created a problem to us. I am extremely dissatisfaction with the pathetic customer service and deceptive practices.",1,1,2026-05-08 19:05:17,
845cd0c8-2faa-479c-90a1-6cd2ef613417,unemployed but self employed #AbetterWay,"very poor hotel and prepaid the rent, then there is no response from Agoda. don't trust this app this is not providing any assistance. hotel was having very dirty room, dirty toilet, broken toilet flush, no drinking water , no backup for light, and only 2 ladies staff for all room cleaning and service. zero rating from my side.",1,1,2026-05-08 18:10:56,14.16.0
4da92ef0-a555-4e17-b15b-0b47ec5bca13,Kevin Parker,"đặt phòng rồi đến nơi ko tìm thấy booking, chưa thấy app nào lởm thế này",1,1,2026-05-08 17:51:55,14.16.0
eb96b5fd-bfc5-4e03-9362-e47f9c19e5f4,Mohd Amir Zafri Abdullah,"Been looking to stay at a hotel, going back and forth for the other hotel option at the area. Then when close the app to see other review (on tiktok or Facebook etc) when coming back to the app, the date is reset. Only realised when the booking already completed. When contacted AGODA (within 15 minutes), they said they cannot do anything. Contacted the bank (cc) they told the payment already issued, pending at AGODA. Contacted the hotel, they said any amendment can only be made by AGODA. Bad",1,2,2026-05-08 15:57:30,14.15.0
b2102520-edfe-4c58-bbe8-45cc6f9be632,Sounak Chowdhury,"Not recommended at all. The app is misleading while you do the booking. I was trying to book 3 hotel rooms for 6 adults and 2 children. The options this app showed under a certain hotel had clearly mentioned each room can have 2 occupancy and child stay is free. But when I booked the rooms, hotel confirmed that the booking was done for 1 person per room. As the booking was non-cancelable so now I am stuck with the booking and have to pay for extra addons at hotel just to keep the booking.",1,16,2026-05-08 13:48:36,14.16.0
bdf46582-d0b3-4c59-be45-214086093a12,S Khan,new update means you can't filter the hotel room for less than £500!! how stupid!?,1,1,2026-05-08 13:36:19,14.15.0
22f6c4b3-9ade-4efa-95d8-b4e265a00e9d,Akram Esmat,"i could rate less than one star if possible, i seriously don't recommend this app, The worst booking service ever, the money is not refundable and service agents are not responsive i paid 300 usd for one night just to sleep on a 3 star hotel in a local and crowded area",1,1,2026-05-08 12:51:39,14.16.0
80b7fe61-bd6f-4ef7-a835-e85084350651,Amal T,I booked a AC room through agado. but when I reached hotel they said it's a non ac room. why you guys are fooling people ? and when i tried reaching agado no response. Very poor service.,1,0,2026-05-08 12:27:20,14.15.0
26b1db91-a79c-4740-8262-df708bfbaaee,The D Emperor,"worst experienced ever! i read all the review (which is mostly 1 * review) and all of it happend to me! there is a case in 2024 about refund, and it happend to me now in april 2026 as my last case with Agoda! it's been 1 month and my refund is nowhere to be seen. this will be my last case because this app is the most untrusted app you can find in playstore. we using real money here so becarefull when you book something. edit : they ask me to wait 24, 48, then 72 hours, now its 45 days lol.",1,0,2026-05-08 11:15:56,14.14.0
fd82cd54-828e-45f3-bcd1-ccdf600de44c,Daniel Welby,"AVOID LIKE THE PLAGUE! I was asked to leave the hostel after the 1st night with no valid reason, even though i booked for 15 nights, they said a refund will be processed in 30-45days, if something is too good to be true, then its normally too good to be true! never again! die agoda!",1,3,2026-05-08 09:29:47,14.15.0
43d85c73-1efc-4191-9999-2e562f08af5a,Nikesh Ghadei,"Very disappointing experience with both Agoda and Hotel GrovesAt the time of booking, Agoda clearly showed check-in at 11:00 AM and check-out at 9:00 PM. The same timings were also confirmed in Agoda customer support chat. But when I reached the hotel, they denied the timings completely and later even cancelled my booking.This caused huge inconvenience,and waste of time. Despite the mistake and cancellation, Agoda did not provide any proper inconvenience compensation.Very unprofessional Agoda.",1,0,2026-05-08 08:19:00,
e28add65-584a-4911-81b1-b68dad1c52ed,Anmei Cho,I will strongly recommend my friends and family members and anyone who needs to travel to anywhere to use this very professional and helpful travel company Agoda to you with all my sincere recommend. May God bless you and your family and our countries with the love of God to achieve your goals in your life!,4,0,2026-05-08 01:34:17,14.15.0
de35fea9-0acd-4b90-aed9-9811b8cadfef,Haleem,agoda is totally fraud and scamer. I bought air tikits from Agoda 4 months before. my flight was cancelled and I can't received my refund money back. I contacted Agoda Customer Service many times. but they are just lied they can't cooperate with me. dear customers never do booking from Agoda. you will lost your time energy and money. they just reply from atomic systems apologies.no more nothing. Agoda is fake and scammed.,1,5,2026-05-07 21:11:00,14.16.0
396bec94-e8fc-4272-85c2-e5cd15611015,Ankur Poddar,Irresponsible & poor customer response. No ownership for the bookings made. Had a bad experience for the bookings made.,1,0,2026-05-07 21:01:48,14.14.0
c1d19b53-6a55-47ff-aab2-8f8d270aa5bf,Ken Kaneki,Great for hotels in Japan,5,0,2026-05-07 18:14:31,14.15.0
1ce847bf-4bbf-4b34-96f4-c62d6a44d785,Jyoti Baidya,"Very disappointed with Agoda’s refund process. I cancelled my booking, and the agent informed me that the refund was already processed and would reflect in my account within 30 days. However, it has now been more than 2 months and I still haven’t received my refund.Every time I contact customer support, I get a different response. Now they are saying they will provide an ARN number after 4–5 days so my bank can check the transaction. This whole process has been extremely frustrating.",1,11,2026-05-07 18:03:10,14.15.0
c83adf2f-b66d-4c44-933c-b205e5036b69,Imran saiyed,so bed experience with my first booking Mayne 2 room book kiya Sahara hotel mumbai may or 5 guest k liya 22000 rs pay kiya 1 day ka uske baad mujhe recipet milti hy 2 guest ki Mayne agoda may call kiya to wo boltey hy hum kuch nahi kar saktey hotel waley phone receive nahi kartey 20 time se jyada hotel pr call kiya or 1 call receive huwa usney bhi answer nahi diya.dont use agoda or Sahara hotel mumbai ka bhi istemal na karey .,1,0,2026-05-07 16:18:58,14.15.0
f2ee5c81-1e87-4da2-9b9b-c5cf0fa748e2,Aditya Kurkure,"Found it very useful for bookings on my Vietnam trip. Didn't have to pay for any bookings immediately, and in some cases, got the option to pay at the hotel during check-in. Makes planning the trip very flexible.",5,1,2026-05-07 15:03:15,
44d14509-e0c3-4dbe-a8a9-2e60fa3cd188,Pradyumn Gupta,worst experience they booked and we didn't get check in . property says it's overbooked.we faced lot of problems . . after talking customer care they said we will refund your booking amount only . and with terms and conditions that you will get email you should fill the form . i didn't even remember to do it i didn't get my money refund . it's total scam you may prefer another application,1,5,2026-05-07 10:14:40,14.15.0
8857d989-daee-4351-b191-e29221b8105b,Pricilla Valles,Better Cashback for rewards would be good. Overall am able to save 20 bucks a night on average compared to checking in with the hotel itself.,4,0,2026-05-07 08:07:50,14.15.0
de376e4d-b9db-463d-a780-58df8d60b28e,Angela Morris,I used this app because it had good prices but because I ran into issues using this app I'll never use it again. Their policies are to strict I'd rather pay a higher price than take a chance losing money. Also when booking through not all the policies are posted anywhere when It comes to if the hotels have a deposit. Basically all sales are final and can't change or switch dates if you cancel you lose your money,2,14,2026-05-07 02:16:16,14.15.0
ec705a51-03d2-4d3b-9fc2-9fdc04b01258,Salman Khan,"fake information, fake description",1,0,2026-05-07 02:14:37,14.15.0
587c6e6a-796b-4bdc-bda5-12cc0a1182d0,Mohammed Farhan P,DON'T EVEN THINK TO DOWNLOAD THIS FRAUD APP AND NOR EVEN TRY TO BOOK THROUGH IT. NOT DESERVE EVEN SINGLE STAR,1,0,2026-05-07 01:41:10,
07448a43-652f-4699-89c2-fda65fd5cf74,Tore Tore,not booking the cheap flight,1,0,2026-05-07 01:27:40,14.15.0
4e72370f-1bed-429a-b504-fcb8d22ba717,Anders,Impossible to unsubscribe from the email spam. I even deleted my whole account and they STILL send me junk,1,0,2026-05-07 00:06:41,14.15.0
122705c4-cf2b-43db-ae31-4ea52f6dd71c,Rouba Elkhatib,the customer service is the worst! it took ages to reply and eventually they will not solve your problem after 5 days of communication. its ' i filed a legal complaint against them' bad!,1,0,2026-05-06 23:57:21,14.15.0
0317c06b-82c7-46aa-a44d-504aef6bdf4b,Amit Singh,"I book flights and hotels frequently, and recently I’ve had the same poor experience multiple times with this app. Once the booking is done, there is absolutely no customer support. If anything goes wrong, you’re completely on your own, which is extremely frustrating—especially when you travel often and rely on timely assistance. It honestly feels like the platform is only focused on making money rather than helping customers.",1,9,2026-05-06 23:33:01,14.15.0
1c2569ed-c3ba-4de6-b82a-54fc2ea37567,Chris Laue,I reserved a room for 100 but when I went to check it the price was 140. what's the point of the app if they don't communicate with the hotel the price you agreeded on,1,0,2026-05-06 21:12:00,14.15.0
b346634f-b820-4487-8a6b-acccaf9f65c6,sachin kumar,0 stars. worse customer support. go for higher prices on other platforms than choosing agoda.,1,0,2026-05-06 20:55:10,
1c9e9f74-9dd2-4563-8d43-030714822fb3,Rahul kumar pandey,don't download this app and use it fraud app customer care is also fraud I was booked hotel from this app for 3 person and payment done also 3 person but confirmation I received in mail only 2 person,1,0,2026-05-06 20:07:01,14.15.0
260d1b89-4d77-4d57-897e-4fbb6f4ffa3a,Vikram Singh Chouhan,"I cancelled my booking, but they didn't refund my money. I booked for May 2nd, but they confirmed my booking for August 2nd.",1,0,2026-05-06 16:35:10,14.11.0
b8a17f28-eaad-4d56-b0e9-1dcfab9e1587,steveywonder steve,very bad app i hate this app,1,0,2026-05-06 16:30:39,14.15.0
063f5464-e459-41c7-8f0b-5924442f3f6d,Kelly Stone,"Avoid Agoda at all costs. Worst company for customer service. Rude, deliberately obtuse and make it as hard as possible to complain. As someone that spends about 80% of my time in hotels treated like dirt.",1,0,2026-05-06 14:44:40,14.15.0
34fce6f8-340e-4100-bd5d-8958a23a5c9c,Ravina MalviyA,"Your app completely lacks cust. care numbers or any option for assistance. I booked a hotel through it ystrdy, and we faced significant difficulties; however, your app provides absolutely no response or support after a booking is made. The booking details do not open correctly, nor does the booking itself appear within the app. There is no option to change dates, customer care is unavailable, and—to make matters worse—the app doesn't even open at all after a booking has been cnfrmd. wrst app",1,6,2026-05-06 13:19:08,14.15.0
82ea381f-496b-4696-acb1-e9761481cdec,Andrew Watts,notifications every day? lay off the discounts and super specials and $100 vouchers. if i want something from you i will open this app. offer it to me then,1,0,2026-05-06 13:18:31,14.15.0
c3d3cfb5-3c12-4080-8fc9-a0514d076ba3,Anu L S,"i wrongly booked a hotel, with in 20 minutes I cancel, but agoda not refund me my cash,",1,0,2026-05-06 13:17:55,14.15.0
ff75320f-0538-4a8b-8247-62ac1fe66505,Ben,"Stupid app, showing wrong airports when searching for a specific airport",1,0,2026-05-06 09:11:19,14.15.0
ca792628-36a7-4a99-82cd-bed5d9d8c512,Maher Hamdi,great deals 👌,5,0,2026-05-06 08:05:31,12.9.0
d31f3e59-3945-431f-8112-ec2ef56417ee,Omar hasan,"The big stolen company, don't use it. they have charged me twice. and customer support every time reinitialise the void process, wasting my time for nothing. I shared with Agoda all required documents, however they were unable to do anything because the property was not replying the partner!!",1,2,2026-05-06 08:03:34,14.15.0
af10c6ef-727a-4c89-a52d-65e89ff40915,ketan magdum,"Very disappointing experience with Agoda. This is my second time facing issues. First time, the property had no record of my booking. This time, even after confirming on the call, my room was given to someone else. The contact number provided was not the property but an Agoda office in another state. I was forced to stay at a worse resort and pay ₹4000 extra as I had no other option with family and a small child. Extremely poor service and misleading information.",1,1,2026-05-05 18:25:42,
f30c1fac-c07a-4433-a18d-600bdda3579a,Thạo Lê Quốc,"Không minh bạch chi phí cho khách hàng, các khoản phí ẩn khó thấy",2,0,2026-05-05 17:09:42,14.15.0
dd1ab41d-d7d4-4005-8cd9-521c5c610802,Marcha Bayana,can we rate a zero star?! they say your card will not be charged yet but they already charge your card even if the property manager hasn't confirmed that booking yet.Now that the booking is cancelled you will need to wait 30-45 days but it's almost 45 days! I still don't received my refund ! worst booking app why it has 4.7,1,0,2026-05-05 17:00:21,14.15.0
160cdb80-2d4b-4f57-a484-8f737377d66d,venkata Subbarao,"very very bad experience. I trust the app blindly and lost 95 RM. they have hidden charges which are not explained or breakdown. same property i compare after booking, came to know that I was cheated. I reached customer care and got answer as they also don't know why it charged more as Malaysia govt taking only 20RM as tax but agoda collecting 115.86 RM under tax column. for 332.88RM they charged 115.86 tax.",1,0,2026-05-05 16:23:19,14.15.0
b0cedd4f-decf-42ae-9ad5-78aa9a91c1e7,Mahesh Choudhary,"🚨 AVOID AGODA AT ALL COSTS! Total SCAM and ZERO Customer Support! 🚨 Booked a hotel through Agoda, paid FULL ADVANCE, arrived at 10 PM with family—waited 2 HOURS, then NO ROOM AVAILABLE! Owner Gopal Solanki ghosted me, disconnected calls, then switched off phone. Staff useless, no refund, no help—left us STRANDED late night! Agoda? 5 days of excuses—""24hrs, 72hrs more""—STILL NO SOLUTION! Wasted money, insane stress. Agoda doesn't care about customers, just takes your cash. 1 star only because 0",1,0,2026-05-05 14:27:11,14.15.0
0cf9cc9f-0051-4809-876e-a34ddc5199ca,Rebecca,I love this updated app!,5,0,2026-05-05 11:26:45,14.15.0
da8a6c17-0f9b-4a5a-a79e-d82f97bfb51f,wh C,Worst travel app that charges an exorbitant exchange rate (5% extra) tag-on for using credit cards. It also refuses to accept payment through debit cards.,1,0,2026-05-05 10:58:39,14.15.0
f643b2bf-5d2f-4b22-b791-8b404d049c93,Chania Oktrisia,"it was a bad experience using agoda. i mean, booking for my flight and canceled by agoda. and the worst part is, it still need a time to refund... part 1 i try to call agoda on 28 april, and tell them ny problem. they say that, it will refund to my account 3-5 days, they said on monday will sent my acoount. on 4 may, i call again, and they said i have to utl friday. this cancellation bcs of your system not mine. why i ve to wait so long???????",1,0,2026-05-05 08:48:07,14.15.0
8d73379a-9a3f-4419-ac14-a9642b91eaf3,Peasant,"Do not use!!! I booked through Agoda and had to make amendments to my stay. Agoda stated I have to contact the hotel to do this. The hotel stated I had to contact Agoda. They will steal your money if you need to make minor changes such as room guests, then charge you for a no show check in.",1,3,2026-05-05 07:34:17,14.15.0
db134528-a5f0-4741-9f53-56548579c419,N A,the hotels on Agoda are bedbug infested and when you report it to them instead of them apologizing they tell you you don't qualify for cancellation. AVOID THIS SHADY COMPANY,1,0,2026-05-04 23:40:03,
d462abf9-6492-4002-8d53-5769b398fd79,Joa,"Bad application, unsecured, not recommended. I have booked duplicate booking by mistake because it's gave unsuccessful payment first. I requested from the customer service to cancel one of the booking & make the refund to me, they said it's subject to the hotel!!!! then I talked with the hotel, they said we are ok to cancel just need agoda to send us cancellation email. Agoda said we send the email, hotel said didn't receive any email. then Agoda just rejected the cancellation & stolen my money!",1,0,2026-05-04 22:32:39,
3454294b-e757-44a7-9636-85305948183d,An Nguyen,Hoàn toàn không hài lòng với dịch vụ của Agoda khi khách đặt phòng giường đôi mà Agoda book với khách sạn phòng 2 giường đơn cho khách!,2,0,2026-05-04 17:38:07,14.15.0
622ca0cb-19b6-4fc2-9df3-a8aecc09a987,J. R. Stanley,"Soo Poor Customer Service, Never Ever Gonna Book Another Thing On Agoda . they don't provide any help regarding anything just their chat bot gives you instructions to do unnecessary things",1,0,2026-05-04 17:37:04,14.15.0
c92b9aa2-1c46-4a64-b432-d208072d8ae7,Manoj Tyagi,"The worse experience ever in my trip. They first confirm us that our room was booked, but when we reached our hotel the manager told that the hotel waas full and here was no any booking from agoda. after then they booked another hotels and said to me to reach that location. and when we reached same thing happens. our vacation was spoiled and we came back that evening to our home. it was tootaly frustated and disappointing experience I have seen. plz don't book hotels from this platform.",1,4,2026-05-04 16:51:16,14.15.0
8e5944f4-6565-4491-aa91-0cf1cb76510a,deaa rizky,"aplikasi busukk, jangan pernah pesan di aplikasi ini",1,0,2026-05-04 12:38:56,
937890c0-cf57-4cb6-8691-e9d54330298c,Jauzan,"pembayaran sdh dinyatakan berhasil baik di Dana maupun Agoda, tiba² balik ke halaman sebelumnya ""pembayaran telah di cancel, silahkan pilih metode lain"", padahal di Dana gk ada refund. aku harus pesan ulang apa gimana ini? menyebalkan",1,1,2026-05-04 11:19:14,14.15.0
93411433-3374-4e2a-a765-e00d70824ef3,Nagendra Arveti,"I have worst experience with Agoda, in their application ""forever cottage"" booking is allowed and after full payment made, cottage person told same was booked by other customer through MakeMyTrip. finally neither accommodation provided nor amount refunded, as property owner is telling to talk with Agoda, amount went to them only not to property owner , it's big amount got cheated there is no proper way to contact Agoda , no response to calls and mails. customers are getting cheated",1,2,2026-05-04 10:52:22,14.15.0
41fa6800-51d5-43bd-9416-018ffaa48472,varsha singh,worst app..they keep cancelling my booking blaming it on hotel..that hotel has denied..and i asked hotel they informed they havent recieved any booking. Its totally on agoda. totally scam.. Please dont trust this app..if you book confirm your booking with hotel,1,0,2026-05-04 10:05:16,14.14.0
0e26aaee-ae4f-4291-9a7b-704346e0361a,Rey Kreuz,"update May 4, 2026: problem still persist. in newest update, it's required to provide passport number, even for domestic flight in indonesia. it makes complicated for everyone who doesn't have a passport.",2,0,2026-05-04 08:16:43,14.15.0
56ac50bd-3d00-4a27-bb4c-58cee67a1f56,Patrick Randle,They stole almost $1k from me. Use at your own risk.,1,0,2026-05-04 07:50:39,14.15.0
95814d70-c2c5-4992-87d7-91df3810beae,glyn malcolm,Absolutely appalling company. Do not book through them. They canceled our booking without permission and we have tried multiple times to sort it without any response. We have lost 1000s of dollars due to their mistake. We are very unhappy and do not recommend at all.,1,6,2026-05-04 05:39:09,14.15.0
bc0c5a5a-8e0e-4fc3-9fc5-93f3494d90ce,nesh sree,why after updating it's lacking so much?,1,0,2026-05-03 21:55:47,14.15.0
09f136f2-835f-409f-b6d7-986aa3ed0511,Hans Wurst,"filter funktionieren unzuverlässig, teilweiße werden Ergebnisse aus anderen Ländern angezeigt , Preis verglichen mit anderen Portalen für die selbe Unterkunft extrem erhöht",2,0,2026-05-03 21:13:16,14.15.0
3dc8764c-8ff5-41c3-986b-4879a5031ab6,Vishal Singh,I think google play is doing scam or fake rating as I seen so many bad reviews still this app is rated 4.3 star is it possible?,1,0,2026-05-03 20:29:38,14.15.0
67db6903-2e63-4e47-b1b4-f5c1b7d83f13,Harshu Dhote,acha kuch ho sakta h,4,0,2026-05-03 14:37:08,14.15.0
8cc8fdac-3e89-4fdd-932a-f788a7725a4d,mohan ram,my experience with agoda app extremely fustrating and disappointing photo and details shown in app is miss leading and do not match actual hotel condition at all. what you see is absolutely what you get over-all worst experience,1,0,2026-05-03 12:01:07,14.15.0
761cec49-31ef-4ed2-a56a-d03d919dc0ed,03_Muhammad Fahri Azhari,"dari bekasi ke bogor booking aila hotel. udah payment juga. ya walaupun gak cuma 1,3juta. tiba tiba sampe hotelnya udah keisi gila bangey",1,0,2026-05-03 10:58:41,14.15.0
1d083cf4-21bd-417a-9ecf-9761ee911413,abhijit yadav,This company is fraud. they will keep hopping you from one hotel to other. without any proper booking,1,0,2026-05-03 10:12:06,14.15.0
7c2eb1bc-b835-4734-92d3-a6f821c025ed,Ravi Krishna,"Hotel not responded for check in and when I approach for refund u people are saying i need to bare cancellation charges ,Why should I. Worst service Being VIP PLATINUM Customer.",1,0,2026-05-03 09:59:47,14.15.0
61401159-6925-4004-8b08-64afc9c87192,A-Jay Taladro,"i will recommend this app, it is a really good app!",5,0,2026-05-03 09:34:30,
75a6e65a-166b-48d8-b3da-368d6ef40b77,ELDHOSE GEORGE,"Very worst experience with Agoda. On 01 May 2026, I paid around ₹3,900 for a confirmed booking and travelled 250 km to Kodaikanal with family but no room was available on arrival, owner told already occupied by someone . Completely unacceptable. Customer care is unreachable and unresponsive. I had to roam around 5hrs at night for accommodation. Trip spoiled and financial loss. Need immediate refund of ₹3,994. Highly unreliable service. Not recommended to anyone.",1,2,2026-05-03 09:21:14,14.15.0
04680091-4f11-4740-951c-9edb7365a7da,who? ?,scam bro... i already buy then agoda cancel then said no return any money,1,0,2026-05-03 08:27:08,
24d7be93-78e4-49b2-b5cb-69edd697f63c,Dhivakar Sekar,Customer Service Support is worst and most of the property listed is not ready to accept the booking if done through Agoda. I used to book rooms regularly through Agoda and I faced back to back booking denials from property even after I received booking confirmation. Refund isn't the only solution there is a huge price for the inconvenience we face. if this isn't resolved Agoda sure Will not exist in the market in sometime.,1,7,2026-05-03 08:21:17,14.13.0
45e41252-6cfe-443c-87ce-4c3f288e4a73,Kurian John,"Currently staying in a property booked through this app. Booked a 3 bed room apt. For almost 48 hours, there was no AC in one bedroom in extremely hot weather. Chatted with a Customer service chat. Wanted a clarification on whether there could be some pressure applied on the property owner. No response till this time and right now found that the same app says that there is no such complaint registered. Will get out after this booking! Response to Agoda: Already did use that page. See above",1,3,2026-05-03 08:18:21,14.15.0
fe3bd615-5d2d-48ae-b33d-fa9f58d1353c,Choi TANG,easy and convenient to use feature,5,0,2026-05-03 08:13:37,14.15.0
ff9a8af2-759b-4825-b9b7-9da3b0f38a9f,Eva Asidoy,"the staff are accommodating, clean and affordable",5,0,2026-05-03 02:28:30,14.15.0
cdd18340-f0f7-451b-b8d6-bcc7e7fd1d3f,Ishani Jayathilaka,This is totally fraud app.please dont book from this,1,0,2026-05-02 23:33:46,14.15.0
735d6154-b145-40e3-b174-0b1a1e3e4d66,Asif,"Very bad experience with Agoda. I booked an apartment in Hanoi, but the property didn’t exist at all. It was a scam and I was left stranded after arrival. I contacted Agoda customer care many times, but they did nothing useful. They kept saying they checked with the property and claimed I had checked in, which was false. No proper help or resolution was provided. Very disappointing service. I will never use Agoda again. Please be careful when booking through this app, no proper customer support.",1,4,2026-05-02 22:34:55,14.14.0
eeb23991-40b9-4f67-a49f-18ab2ddd8787,Nico Zapata,"Beware of scams on Agoda. This platform allows fraudulent hotels to operate and steal money using their ""reservation policies."" The hotel demanded a $145 deposit via bank transfer before arrival. I have never paid a hotel deposit this way, it should always be paid upon check-in by cash or credit card. After checking deeper, I realized the photos on Agoda are fake. The actual property is not the one advertised. Agoda needs to remove these scam listings, not help them steal you as a client...",1,2,2026-05-02 21:31:04,14.15.0
537c5b77-9a72-4c69-83ca-89d9de868fe6,Aung Oo,"The Agoda system isn’t like it used to be—it’s become very unreliable. What’s worse is that some hotels have already stopped collaborating with Agoda, but they still haven’t been removed from the platform. I also still haven’t received my refund",2,0,2026-05-02 19:55:38,14.15.0
c8e3f6c8-e3c8-40ac-80d9-39330725151d,RED LIGHT RON RIDINGER,agoda supports and protects known houses of prostitution that pretend to be a hotel then scams people they are in on it.,1,0,2026-05-02 17:17:49,14.15.0
3d79a6b6-aaee-4aaf-b1ce-c8c5bd55a028,Samujjwal Snehi,"Beware !! Scam Alert !! Fraud !! fraud company, searched and booked for 3 adults and 1 child - family room details were clear and once booked received voucher for 1 adult only. customer service confirmed my search history the same but later in final support ticket they denied, basically doing scam. I had paid extra to hotel for each extra person.",1,0,2026-05-02 16:23:57,
a50efea1-4403-4562-b8e7-5e58a8101b65,Bhavana Bora,"Worst app & hotels recently i have booked a hotel and that was THE WORST stay in my entire life. Paid 2200 for 2 rooms. Toilets had no water, Door had no locks, all walls were occupied by fungus. Went at 1AM and decided to change hotel but could not find any other hotel nearby having rooms so had to stay ultimately in this garbage. Three old ladies and 1 were single male, it was a huge inconvenience. This is a scam as an owner and a app knows condition of rooms but still accepts bookings online.",1,0,2026-05-02 15:34:04,
eb60e04b-8c3c-4d7c-babd-45b32a87d019,picsy mart,"Kapok pesen hotel di agoda ,udah booking udah payment lunas ehh besoknya tiba tiba ada notifikasi pembatalan sepihak.udah gt refund nya dapet cuman 3 persen doang. hubungin csnya yang jawab bot jawabannya kesana kemari hubungin email csnya juga gt ga dibales.hei csnya gimana dah yang jawab ai ngasi balasan terhadap rating ga membantu banget",1,0,2026-05-02 14:56:13,
eafd0d0a-b608-4b1d-824b-c61b3d9addcf,maged mowafy,"It was a very bad app with very bad customer service they didn't honor the booking I made which is pre-paid and there is a disclosure fee which not mentioned ( nationality fees ) and asking me to pay the hotel money in cash ,the should solve this issue but what customer service actually does is nothing for more than 6 days every day I call them or send them emails still there is no solution a requested an alternative reservation without costing me any extra fees as there policy till now no reply",1,5,2026-05-02 14:33:01,14.15.0
56ddbef4-4835-4b36-a91d-eec41401037a,Pankaj Yadav,"maine ticket book ki thi flight ki iss app se payment bhi krdi but after 20 min ticket are unsuccessful and not confirmed,,,,till now there is mail or any message regarding the refund amount,,,,, already 2 gone but no refund,,,, unable to contact any representative,,,,,i want refund i have all the proofs if it was not resolved within 2 days i got consumer court or cyber cell kaha contact krna agoda k liye koi mail wgera kuch nahi h",1,1,2026-05-02 14:24:34,14.15.0
307d382f-a86c-4d76-bfae-7d28dc1c456d,Raj Gaurav,one of the ghatiya service provider....take 30days to refund your money...even photos of hotel are differnt from actual...fraustrated service...kindly donot use if u ever planned somewhere with family...or you regret after booking..zero star service,1,0,2026-05-02 13:46:17,14.15.0
21871149-d9cc-444e-8dc5-2099af947e1a,Vano - Rahmat Gevano,the hotel i book didnt receive my special request,1,0,2026-05-02 13:44:16,
ad9b6c19-e4c7-4492-9e47-a97736713f19,Mukesh Kumar,worst experience for varanasi booking today. family guest house dashwamedh ghat was difficult to reach via personal car and refund was denied. don't book from this cheap app. first visit the place and then book,1,0,2026-05-02 12:35:32,
2ad56781-a796-4aaf-abcf-48a683b3c3d9,Roshni Pal,"My experience with agoda is in minus, very 1st booking got cancelled bcz property was closed for 3 days but it was not visible on agoda, the property manager said it is agoda's technical glitch due to which it was not showing full. And he asked to cancel from my end which was not happening bcz apparently booking was done at around 1pm & after 9am in the morning no cancellation was possible (same day) after a lot of customer care calls they cancelled but i did not get the refund, pls use Goibibo.",1,1,2026-05-02 12:05:35,14.15.0
9e66029b-805b-4c46-ae9c-e0b613067474,PRANJAL SRIVASTAVA,worst service ever,1,0,2026-05-02 10:01:03,14.15.0
2e39097e-0ff4-47b1-9c28-f056a9363c7c,Sergey Khaydarov,"I used Agoda to rent a room at Motel 6 in Aberdeen, WA. The selling point was they advertised Whirlpool tubs in room. However, when I checked in there was no Whirlpool, the tub that was there had a square cut out around the faucet and the piece of wall and faucet were just hanging there. The tub itself was dirty, and there was hair in the bed. That's just the tip of the iceberg. Though Agoda has a booking guarantee says they will return for false advertised rooms, they did not.",1,4,2026-05-02 06:53:54,14.15.0
28727c7f-c462-4a89-beeb-71caa5bdf637,Asikin Aja,"Very bad customer server, I suggest that you don't use this application",1,0,2026-05-02 06:12:07,
5a1bc09a-2b8a-43e6-ac0e-d7e024e8ded5,King King,You have to triple check before checking out the app does not show you the total clearly before check out,1,0,2026-05-02 04:17:21,14.15.0
2ca6d1b5-3658-41b9-80a2-a96a65c8f342,vishnu v,scam app..refund they say will do with in 30 days....scammers,1,0,2026-05-01 21:56:40,14.15.0
ce5a695e-357c-46ae-aa62-73a004ca9431,Ayush Sharma,worst service provider no solution provided for my problem and even no response towards my issue,1,0,2026-05-01 16:25:34,14.13.0
0f448aee-f52c-4a2a-934a-d3cef83c88d6,Mudit Bhargava,"Worst customer service. Money debited from my account and booking cancelled and for refund no responsibilty, just talking to a chat bot and answer accordingly but no talking about refund.",1,0,2026-05-01 12:58:03,
fed2f054-e261-4879-b96d-104f76febbce,Wayne Modz,"the more you use agoda, the more you will pay. my wife and i are busy looking for places to stay, on her account the propertys are much more cheaper! i have the discount enabled and vip status also. we have compared with almost 10 hotels,same dates, same amt of guest. very unethical",1,1,2026-05-01 12:52:46,14.15.0
8f5925f2-d886-4b69-81e6-c7e7d56fc8fd,Gyanesh Yadav,Good application however sometimes hotels are not honoring their booking. customers need to be vigilant,1,0,2026-05-01 12:49:53,14.14.0
1e6968f2-acb5-45f3-8862-8cccb70c3a3a,Leong siong,"went I already early booking, anthem last self cancel my booking. what happen with this app?",2,0,2026-05-01 12:31:28,14.14.0
eb51ced0-c856-4421-8321-b0dcba5ee7b3,HARI PRASAD,Worst ever seen this kind of fraud customer care service they don't refund your cancellation amount after 2 months,1,0,2026-05-01 12:14:52,14.15.0
7468ff15-ff7f-448b-a57b-e79164e5eaf4,vinh dinh,"a hotel cancelled my booking last minute. i had to book another booking with 60% price up (same hotel, same date) because my family is already here! agoda told they provide 10$ conpensation but i cant contact anyone to support and guide how to claim (its all AI email and support agent who cant give a proper answer). and why Agoda have those scammers run the business onsite???",1,0,2026-05-01 11:53:40,14.15.0
3c1cd404-9171-408e-b371-acfc65cb20e8,ichi UwU,"dissapointed, agoda now use AI bot, but cannot solve my issue.. i already use agoda more than 10 years, but current sercive is degraded..",1,0,2026-05-01 10:10:34,14.15.0
0d118faa-748b-4c2a-a553-7f74df3facdf,Jennifer Jayjohn,"I arrived at the hotel, they had no rooms available. so I paid my money and agoda keeps trying to contact the hotel. the hotel is ignoring them, so agoda is letting the hotel keep my money. I can't rate it a 0 or I would. I did contact the help center. And I called. the hotel isn't responding to verify i didn't check in because there were no rooms. it has now been 5 days. the hotel isn't responding. so they get to keep my money and I didn't get a room. because that's how agoda works.",1,0,2026-05-01 06:14:18,14.14.0
a87fe9d8-45eb-4564-99f6-b9be4541cdf4,Rinku Rajora,"I used it for the first time for online hotel booking but that too for the first time, the experience was very bad and poor and it is the worst app of all, Oyo is better than this brother but it is a very bad app for me.",1,0,2026-04-30 18:21:38,14.15.0
efbe9c0a-6a5c-46f3-bad3-48668353c4d0,Anusha Abhiram,"I tried to book a hotel after travelling a long distance. Its located above bar and restaurant, which is not mentioned in the app, also full of smoking odour, its not worth of money. Its a non AC accomodation but still price is high. Rooms are congested for triple occupancy. They changed the room when we requested. Not ideal location for family. The app doent verify the place.",2,7,2026-04-30 16:37:00,14.15.0
972cfc47-bc53-4a2a-bd1b-69b798b1e887,Huy Pham,10pax of my family just got kicked out on the street as Agoda and it's verified owner (Villa FLC San Ho) cancelled my booking when we are driving to their Villa.,1,0,2026-04-30 13:05:49,14.15.0
9ff2a52f-148e-4dea-b171-aa684b37b717,mayur mobiles,Fraudlent booking will be done here I booked villa on agoda name is grand luxury villa near igi airport location pinpoint showing on agoda is near cargo terminal when i call and asked agoda to regarding the property Property owner given me hotel ecg grand inn delhi details.. on call agoda accepting hotel pin point is wrong but not only pin point room category room price and everything is different previously hotel reviews also very bad this is how agoda is doing right now days,1,0,2026-04-30 12:45:01,
e6120b00-2972-445f-b4b9-da8fd8e9494b,Piyush Desai,very bad they doing fraud with me including hotel,1,0,2026-04-30 11:07:19,14.14.0
3c42a7f0-b681-4f7b-95f7-512f17537da6,It's RIYAZ,PATHETIC.....! Booking Confirmed and Paid On AGODA.....but the property owner says there is no room available....Cancel on AGODA......no refund ...No Room....INR : 4500 blasted.... property (PM HILLS RESORT -KANTHALLOOR),1,0,2026-04-30 09:20:52,
d493e81d-d389-4217-9d27-e4539b0ec805,KARTHIK RAJENDRAN,"very bad,they show low prices and select it 5 times higher very bad app don't use it",1,0,2026-04-29 23:38:50,
2b13ce93-fc51-4ee7-8b2f-9fe9665af6dc,devraj netam,"Agoda is a widely used booking platform, but many users have reported issues like fake bookings, hidden fees, poor customer service, and non-refundable cancellations. Some reported problems include being charged more than advertised, finding no hotel at the location, or the hotel not receiving the booking. froud app",1,16,2026-04-29 22:57:25,14.15.0
4affa5ad-b93e-4049-b65b-a419d1fad53d,ss24jr,Absolutely no comments.,1,0,2026-04-29 20:04:44,14.13.0
dbb5e673-366b-485b-b0e8-0f82a657bc10,Daddybel,"I always booked and pay online before arriving but every time i arrived the hotel keep asking me about my room description smooth/ non smoking like i never booked and I mostly end up not getting the room i booked with reason the room is not available and I will end up getting a room base on availability which is very frustrating, my last stay i booked a room with bathtub to relaxed myself but when i arrived I didn't get i end up staying in a room without bathtub how frustrating is that?",2,0,2026-04-29 18:14:33,
e4275cd7-a48b-417c-98dd-a31941ba4529,Amelia Nur Sofyani,"parah ihh agoda, duit gue 600rb ilang",1,0,2026-04-29 13:15:34,14.14.0
a64ae32c-1d78-4f27-932f-7cbb2d2a0880,Maleth Kushan Haputhanthirige,"no refund when they won't let me check in, says its my fault for not reading the policy.. thanks!",1,0,2026-04-29 11:37:15,14.14.0
931a4d60-0309-40d5-b673-4b016636bf1d,Diya Adhikary,I want to zero star to this app I can't,1,0,2026-04-29 10:44:52,14.14.0
c8d71131-2409-483e-9383-142250f6754a,Anastasya,uang saya untuk pesan tiket pesawat hilang karena error dari agoda dan tidak direfund!!!,1,0,2026-04-29 07:13:54,14.14.0
771f7560-5768-41fb-88a7-1e40b1bbd4cc,Agdiwijaya P,"My flight got rescheduled but the app is not showing anything, which makes me miss the flight. Then talking for 2 hours with the CS to ask for any compensation but they decided that they don't give any ducks to the customers.",1,1,2026-04-29 05:04:37,14.14.0
4b63135a-158c-4ccf-8495-21aac66bfed4,Glenn Gamache,I always used AGODA first but now NEVER AGAIN. I had TWO credit cards hacked from Agoda's website. First we were on vacation in the Philippines and it happened so I quickly changed the card on file with Agoda and the very next day that one was hacked and fraudulent charges posted to the new card. I had to close both my credit cards and have to wait for new ones. Never use Agoda again!!!,1,0,2026-04-29 04:56:15,13.35.0
3c51bd49-b17e-497d-b313-5df3b6ba6111,Mayur Kale,"very bad experience, I tried to make payment by this app and it took 45 min at more. not satisfied.",1,0,2026-04-28 22:35:03,14.15.0
f97d5fee-a886-46d4-b18a-5f98976c05e4,Raisah Shiva H.,very slow loading,1,0,2026-04-28 18:36:54,14.14.0
d5adec03-5d45-4b67-b620-197d06e60836,Anish Jacob,"Agoda is my go-to app for international travel! The deals on hotels and resorts are unbeatable — I've saved significantly on luxury stays across Bali, Thailand, and beyond. The filters make it easy to find the perfect property, and the prices are consistently lower than other platforms. Booking is seamless, and customer support is reliable. Highly recommend for anyone planning international trips!",5,9,2026-04-28 17:00:43,14.14.0
2a0438de-2508-4e56-a26a-f180d1453058,mahmoud aboelkhir,Thank you for the excellent service regarding my recent flight booking. The process was seamless and efficient. I am very satisfied with my experience and look forward to using your platform for my future travels. ​Keep up the great work! ​Best regards,5,0,2026-04-28 15:44:28,14.14.0
6d1f51fe-def1-4879-90a2-0afa5312da70,Gourav sharma,"very bad experience ,their customer support was extremely bad, While attempting to book a hotel online, I completed the payment process. However, I did not receive any confirmation message regarding payment deduction or booking confirmation at that time. Due to the lack of confirmation, I assumed that the booking was unsuccessful. As a result, I proceeded to make the same booking directly with the hotel (offline). After some time, I received a message indicating that the payment had been deduct",1,10,2026-04-28 11:49:22,14.14.0
a0e21816-7145-47ec-a192-62aae95ea6ed,Manassorn Vanichdilokkul,Very good application for travelling,5,0,2026-04-28 09:40:44,14.14.0
000fa1f1-2f00-4ca9-92c8-15b145038811,biquiet,FIX YO DAMN APP,1,0,2026-04-28 09:27:12,14.14.0
24450582-9285-4e64-98f6-ecb494e66eeb,Pradeep Marshivnikar,one of the fraud merchant application for booking,1,0,2026-04-27 20:05:16,14.13.0
beb84c5e-9aee-4612-8c0a-a32c7394f835,Muhamad Dafi Fauzan,AGODA MOHON PERBAIKI SISTEM DAN PELAYANANNYA! Saya sudah memesan kamar dan melakukan pembayaran (pembayaran sukses dan saldo terpotong). Tapi pada halaman tagihan pembayaran status tetap belum dibayar. Pesanan dibatalkan oleh pihak AGODA dan menyatakan bahwa pesanan ini dibatalkan karena belum ada pembayaran. Pergi kemana uang nya? Belum ada refund sama sekali. Setelah di cek ternyata sudah banyak korbannya. Mohon tindak lanjutnya!,1,0,2026-04-27 19:07:42,13.41.0
7ccaf83d-a49f-4583-ae03-479e2e1a7811,Love Arya,All is fake which they are showing online. Doing fraud with people not helping.,1,0,2026-04-27 13:47:29,14.14.0
66d304a2-4265-4a47-bb3b-f6bc1fd5b0c5,yuni septia rahmania,tidak mudah menyelesaikan masalah,1,0,2026-04-27 11:19:54,14.14.0
6b23559e-9126-409d-911c-f1b7f09cc642,Sandeep Banerjee,Totally Scam and mood spoiling. they don't have customer care. Hotel don't accept their bookings. You will end up in trouble with your family with full of inconvenience.,1,0,2026-04-27 09:13:59,14.14.0
b325b8ad-6d64-46b7-8c9e-09137de1d27d,Tia Istifana,a very helpful application for me who likes to travel,5,0,2026-04-27 08:29:16,14.14.0
1d1a1cef-6f7c-458e-a03a-7bcc7fdf344e,Home Tuition Academy,Worst Experience. I booked one room with Agoda. That property location is not correct & that property person is not picking my phone calls so I was roaming 3 hours at night time to find that property. Finally that person attended my call & said we are not giving service to agoda & they declined my check in. It is the worst Experience in my life.,1,0,2026-04-27 08:13:10,14.14.0
ec21528d-fda8-4ade-a6e4-2df80d80df88,jen tabuada,I'm so disappointed with this app.Not recommended,1,0,2026-04-26 22:03:26,14.13.0
99c01302-d00a-4f02-9fc5-465ef8f55b6d,vaman chetupally,very nice app for flight bookings...... cheapest prices comparing to other apps,5,0,2026-04-26 20:48:22,
38ff5a6c-bebc-436a-8d77-3d4a113049eb,talal f,they are the worst they charge more then agreed amount,1,0,2026-04-26 20:42:46,14.14.0
423d46e0-36e5-47d9-90b7-cf0b97d00298,Kaif Shaikh,"I have been left completely devastated by this entire ordeal. I booked Luxury Oasis Apartment through Agoda, and it turned out to be a complete scam. The listing showed Oasis Residency, but the building I reached was entirely different. After 20 hours of effort, I got no response from the hotel, and even after 15 to 20 hours on the phone with Agoda customer care, they also failed to respond properly. This has caused extreme mental stress. I will be pursuing this further. dont use agoda use MMT",1,0,2026-04-26 18:10:00,14.13.0
18d6bc3c-83a3-4add-b40f-694b881487be,chatalina,"As a host, I’m really disappointed with Agoda. Payouts take far too long, and the commission fees are quite high compared to the service provided. On top of that, customer support has been unhelpful when issues come up responses are slow and don’t really solve the problem. I know I’m not the only host experiencing this, as there are many similar complaints. This needs serious attention. Agoda, please improve your payout system and review your commission structure.",1,0,2026-04-26 15:26:26,
25996c48-3dce-4172-96e8-dc0b7d111f9e,sai natu,"worst apps, scammer apps policy",1,0,2026-04-26 15:14:18,
f84c9020-2584-4265-bc8c-e342b759f829,Jacques Lubbe,"Agoda is a nightmare. We tried booking a family event and it failed 6 times. I had to pay the venue in full at the counter. Despite the ""failed"" status, Agoda took the money anyway. I’ve sent proof of these transactions and but they still refuse a refund sighting the venue doesn't offer refunds even though the app made the mistake. They’re essentially stealing money for a service they didn't provide. Save yourself the stress and book elsewhere! ALSO the response is fake they have all my details",1,6,2026-04-26 12:57:53,14.14.0
621eacf2-2893-4475-aee7-61027c1d4a1c,Nghĩa N,"The customer service didn't help much with a bunch of AI CS. What a trash. Emergency situation, yet I still typing on the screen with the AI",1,0,2026-04-26 10:06:49,14.14.0
4adce92b-54a4-4ea2-b587-9036a15273c0,bryan ong,this app is a scam they issue u voucher once u claim it and click use it will fail to appear in ur checkout. It is not auto apply and no option to select voucher from ur list,1,0,2026-04-26 09:16:18,14.14.0
99206f26-50d6-4ada-9702-05bd7b5921ec,Dhika Primadya Citrawijaya,sudah pembayaran namun tidak bisa melihat halaman voucher atau tiket sehingga tidak bisa masuk destinasi untuk scan,1,0,2026-04-26 07:17:54,14.12.0
5ccc6dd0-0545-446a-95a4-2920fbc6ca15,Wiwit Desti Fisianti,Jujur sering sih pake apps ini karna cashbacknya lumayan gede dan harga hotelnya beda sama apk lain. cuman kadang suka error pas lagi bayar. pernah sekali udh bayar eh kode booking ga keluar di apps tapi email sih masuk. kan jadi Sus ya gw. aplikasinya juga suka ngebug gitu heran bgt tolong diperbaiki ya,3,0,2026-04-26 00:54:55,14.14.0
729d59dd-a270-4e6e-a617-a0d191a910c0,Kiran Mskiran,"worst customer service, you people are not ready to contact us with you in phone call them what's the use of using you service",1,1,2026-04-25 22:51:05,14.14.0
37126c49-4372-4512-8654-d634c7ced82e,AJAY RABIDAS,Pathetic while signing up Too tough to crack the image code! 😑😑😑😑😑,1,0,2026-04-25 22:33:15,
6d7aa5f2-2c13-4f81-b110-f8d11e881145,Matthew Griffin,"DO NOT USE AGODA EVER. We experienced the most insane rental situation ever, culminating in a building employee literally kidnapping my spouse (cops had to rescue). Agoda kept refusing to relocate us; it took 18 hours to get relocated to a new place, that Agoda made us pay for with a guarantee they would reimburse us. Guess what, they lied. It took several hours a day, for a week, battling them to get them to adhere to their own agreement. Evil, unsafe, dishonest, unprofessional company.",1,1,2026-04-25 20:40:32,14.14.0
02d7a864-5d9f-494b-88b5-7a406dac7d5a,AMAN YADAV,jhaatu app hai meri 3 booking cancel kr di aur paise bhi nhi aaye,1,0,2026-04-25 19:44:12,14.14.0
10442273-1d9e-45a5-9c48-481cc452af7b,Yoogy,"Very bad and unsafe experience at Super Hotel O Rampur Road Haldwani (formerly Hotel Shhalom). Booked via based on photos, but the actual room was extremely dirty and completely different. I checked in late night (22 April) and had no option. The place felt completely unsafe — staff were drunk and fighting among themselves. Highly misleading and not recommended.",1,1,2026-04-25 17:33:17,
aa5ad58e-b665-4e53-b261-196b17fdf571,Syed Imtiyaz,totally fake app i have done my booking last night they had confirmed my booking when I visited to property the property was already sold out in this peak summer the are tell me to go to another property that to 6km far from that property I travel 18km frm my home now there are not going to refund my money now I wll show the now I wll rase the mail 💌 to agooda head office makeing fool to people like anything,1,1,2026-04-25 17:23:04,13.47.0
82e538b2-1637-45d2-accd-6e5c422ff664,nirupama mahato,"very useless , ek star v kyu hi dena hai . ab tk ka worst hotel booking app .",1,0,2026-04-25 14:33:07,14.14.0
158b820e-a887-457a-85bd-7e0edd388fa9,Jezreel Diaz,hides extra fees in very small fine print????!!! edit: let's see of resolved,3,0,2026-04-25 12:10:12,14.14.0
04336a7f-4c71-4270-ae44-ea8bb9424d8d,Bhaskar Saha,very poor and disappointed I booked standard room and online and when i reached hotel their ac and fan is not working so the hotel receptionist asked me to talked agoda I tell them each everything still they are trying to ignore to refund such a Harrasment,2,0,2026-04-25 10:36:19,
b8521f4a-9083-42a2-a423-841b3415250f,Janeen Abanid,unfair cancellation policy+poor customer service cancelled within 30minutes of booking yet i was charged full payment and only got 13% refund. even when i already reached out to property owner as advised. the owner assured they wont charge and confirmed they didn't receive any after i was charged.,1,1,2026-04-25 03:58:32,14.14.0
2318a98d-eed8-4015-ba78-376fd52df284,Mohammad Mudassir Ali,"My first experience was devastating, very high hidden charges that were not clearly mentioned, very small",1,0,2026-04-25 01:01:17,14.13.0
9705d2f4-9206-46f7-aab3-bb5b5e05c434,Palash saha,very bad experience with booking from agoda...booked classic room provided dirty rooms.agoda cheated us .agoda hotels have 2 type of rooms one is very bad one is little bit good they will show good rooms & provide bad rooms,1,0,2026-04-24 23:40:52,
09df1a01-f138-472e-931c-25197f8395d1,Bipluv Ray,they provide hotels who scammed us. never book from this app. Book from OYO or any other app.,1,0,2026-04-24 23:00:50,13.37.0
940f0c97-95fe-49db-9b44-4b31f4fc4647,Ananya Anu,absolutely scam. I have canceled my bookings. it is saying refund is initiated from their side and it will reflect in 30 business days. why will it take such huge time to reflect money into my back when I paid through upi,1,0,2026-04-24 17:47:05,
b1554edc-ad3a-4c6f-a73e-285ea6b419d9,Poom RJKJ,this app exploited customers.,1,0,2026-04-24 17:00:43,10.14.0
748723ab-1a4b-416e-b906-5246ce62ec6a,ashish Mukherjee,"i booked a room here, it was over rated shown in app. when i tryed to contact, there is no any option shown to me. only an Ai with a set of option available here. i am totally dispointed and i suggest my viewers don't install this app and don't belief this app. This app is made for cheat",1,0,2026-04-24 16:57:26,
bf41d78a-45ab-46dd-922a-a966ae1ed7dd,Kurt Bryan Alegre,"imagine this! Payment information Total amount charged PHP 1,315.14 Cancellation fee -PHP 1,315.14 Refunded amount (Cash value) PHP 0.00 don't install this app.",1,0,2026-04-24 11:54:15,14.14.0
ceb55b96-c27a-447d-8e4a-a789f7843964,Sanhan Komaruddin,problem has been solved very well. thank you.,5,0,2026-04-24 08:59:59,14.13.0
e91ffa38-70d1-4dba-9cc8-fd01330cd97d,Andrew Buckley,"Agoda is totally hopeless. I booked a room in Bali and paid extra for a one bedroom suite. when I arrived, the hotel said that Agoda had only booked. a standard room with them. the hotel looked after me, but Agoda did nothing even though i have the confirmation from them showing i booked and paid for a suite. trying to contact them is impossible. they dont even have a message centre!!",1,7,2026-04-24 07:33:45,14.14.0
1525d257-b31d-49b8-93f2-c107771f7102,Will Doyle,"Booking Not Honored + Poor Support Booked a hotel in General Santos via Agoda. On arrival, staff said they don’t accept cards or online bookings and demanded extra cash. After an hour with support, no refund was offered—only that the hotel would “honor” it. By then I felt unsafe and had already left. This caused safety concerns and disrupted my travel. I expect a refund and goodwill compensation. Your loyalty and past history with Agoda means nothing.",1,0,2026-04-24 04:29:16,
cebb9fdf-44ba-4607-8ac9-6c758d761e5a,JN L,"Agoda, scammed me on the booking rate, the rate was shown as figure A when I confirm and made payment. However the payment rate was increased to figure B, when I received my CC statements. All transactions in SGD (nothing concerned exchange rate!) Contacted Agoda, they insisted nothing wrong, n tat I didn't apply their promotion code which is absurd! Felt so cheated by Agoda and their Customers Service provider was no different fr Chatbot reply with names via email and WhatsApp channel.",1,0,2026-04-23 23:19:00,
12467b90-145b-481f-adbd-7f964a70f29c,mukesh joy,"Terrible experience with Agoda. Hotel did not provide AC remote and even switched off AC for hours daily, which was never disclosed. Customer support kept delaying with 24–48 hour scripted replies during a live issue. Calls were useless or disconnected. Paid extra for fast track support but got zero priority. Feels like they only take money and don’t resolve problems. Completely unreliable service. Avoid using Agoda.",1,0,2026-04-23 20:43:32,
a8164de7-08ca-461a-848c-2f7f122b0037,najla zahrah,"aplikasi penipuan, udah berhasil beli tiket via gopay, gopay udah berkurang, pas balik aplikasi malah suruh bayar ulang, ga lama ada tulisan room yang yang di take ternyata kosong, tapi uangnya ga balik/gabisa di refund juga mana harga tiketnya lumayan",1,0,2026-04-23 20:32:40,14.13.0
7de9cd30-910f-4119-9adc-f160e0ea8e33,John Doe,was scammed at the hotel and they didn't even try to give me my money back so now I'm out 300 bucks don't use this app,1,0,2026-04-23 16:13:50,14.13.0
d4c056dc-ccac-4709-b9f2-1fb49786f160,Manish Chauhan,Worst experience ..the hotel refused to give the room with reason best known to them. Tried contacted agoda they are not ready to refund my money..,1,1,2026-04-23 14:28:08,14.8.0
8694cd71-8c7b-47ae-ab05-6c75ef2c7a9c,Ariane Abilar,"terrible, it keeps on asking for a passport number for domestic flights! No option to skip the part.",1,0,2026-04-23 13:31:24,
0c008dd4-db68-4836-b7e5-433b777e6deb,Nur Faizatul Fariha Binti Yazid Mustaffa,"I always booked hotel with this app, but currently regret using it. will banned and not using it anymore. My holiday trip was cancelled as there is flood now at the hotel location, and we cannot go there. However, agoda team not helping us to refund the money. Better use other apps. As i read review, other apps allow for refund. Because this is not cause by us. till now still so inconvinient. please improve lah 23/4/2026",1,9,2026-04-23 11:51:07,14.13.0
02c6296d-d1e8-468d-b83a-30a7111da7e3,Lene De Beer,More than a month later after following Agoda's agents instructions to pay the property higher rate than booking was confirmed for via Agoda app and was told refund will be processed upon sending receipt (which I had to do multiple times) I am still waiting for my refund!!! RIDICULOUS!!!,1,0,2026-04-23 10:35:49,
8ba5b02d-9bf1-490c-9321-4279a077a661,Kristal Hui Xi Koh,"Agoda is not recommended if they might change your mind later. They are not transparent in their charges until you got your confirmation then you know what currency exactly is the charge based on. If you change your mind later, you will face with actual currency exchange fluctuation. Then they tell you they did not cheat you. The charges is the same, no lost for them. They tell you free cancallation but charge $463.98 then refund you $454.80 for cancellation within the same day and blame bank.",1,1,2026-04-23 10:22:12,14.13.0
7497c863-d4cf-4b05-9a0f-bc4d021801b8,Reto,"CRIMINAL!!! Even though I have toggled off promotions and price alerts in the settings, they send me promotion emails all the time. When I want to contact them, there is only a chatbot that answers to every question: ""Please select the booking below that you would like us to assist you with in order to proceed."" This allows it to avoid all other questions. Even their reply to this review ignores all possible other issues than bookings. Probably done by an algorithm as well.",1,4,2026-04-23 09:34:28,14.13.0
797a0da5-6d5f-4fb4-95d1-296af2654519,Shima Abdullah,"I cannot update my Profile: email address or contact number, neither on your application on an Android mobile device nor on your website via MS Edge on a desktop machine (the software is already updated on my mobile) so please sort your software out and respond to me.  it is also extremely difficult to get proper customer service regarding this.",1,1,2026-04-23 08:42:34,14.13.0
2699527c-f408-417e-953c-a32d51a618eb,Ari Filardi,FRAUD ALERT!! Hati2 booking via Agoda khususnya flight. Harga selisih 10-20rb tp resiko besar. Saya pesan tiket via Agoda tp tdk bs reschedule via web krn No HP dan Email masuk ke vendoor travel agoda. Akhirnya saya reschedule lewat maskapai dan confirmed. Ternyata besoknya tiket saya yg confirmed reschedule diajukan refund oleh si vendoor agoda (Mereka bs akses OTP krn tiket saya pakai HP dan email mereka!). Refund pun tdk masuk k rekening saya tp ke rekening vendor!,1,0,2026-04-23 05:31:33,
90675706-7289-492b-94e3-0ce4a67ef711,Mimura Abe,"1 star from me , poor customer service",1,0,2026-04-23 04:37:02,
cf93ead6-c85f-4e05-8c3c-3aa7a0f8f877,Karan Kumar,poor booking experience,1,0,2026-04-23 04:29:52,14.3.0
eebef777-76f8-4156-b3f5-7fb8687427f9,Tara Patil,"This app is so fake and frustrating after confirming the hotel room booking from this site... when it was my check in day at the hotel the hotel people said me there's a glitch in the app and your hotel room booking confirmation is cancelled and they didn't even pay me back my money.... such a disappointment, this agoda app literally spoiled my first solo trip..... so so so much of hate towards this app, i hope you don't fool anyother people's too....",1,0,2026-04-22 23:12:16,
24c3cd94-9559-4236-9d55-c55973a1eea3,Dings Bumps,so so many pop-ups and spam. it keeps telling me to apply different coupons that aren't even relevant. I don't want to have to close 3 or 4 pop-ups just to view the booking I already made. it feels more like a gaming/gambling app than a booking app. you search for total stay price and it shows you the price per night. lots of gimmicks and tricks 👎,1,18,2026-04-22 23:10:07,14.14.0
2f3d8d1b-f5c6-435f-aecf-287c9df2327e,Onurb Senutna,"Agoda does not offer any support and refund even if the property clearly falsely advertise the room and offer a room in poor condition, finding excuses not to help l and siding with the property. Also constantly hanging up on me during the phone calls. It's worth mentioning that this was most likely a call centre in India, since all the operators had Indian names and sounded Indian. Agoda makes it clear that it won't back up customers when they are scammed and will always side with the property",1,1,2026-04-22 22:37:09,14.13.0
f082a099-670e-4611-a4c1-3fa12daf442f,Constantine Hanganu,"scam app changed my dates with the hotel on which we both agreed, Agoda decided to double charge my card and was refusing to reimburse the second payment as they are not able to reach the hotel for more than 6months, but the truth is that they never called them, I even provided managers phone number to be called and they was just keep telling me hotel is not answering",1,0,2026-04-22 13:53:04,
e0469423-5304-4b86-9901-bb5fcfd727ba,Bavin Jith,the worst app i book a flight through agoda and it was cancelled from the airlines but whem i ask for the refund they are saying that it will take 1 to 3 month and also they are lying about the air lines worst customer care and worst experience,1,1,2026-04-22 13:29:13,14.13.0
20f3f4d3-1d72-4b02-9140-0a5c90dcc21d,Mees,"I was looking for a place on the app and started booking, half way I closed the app to have a look at something else. When I reopened the app I continued booking but hadn't realised the Agoda app had reset the dates until I had completed it and paid. I immediately sent a message to both Agoda and the hotel. The hotel couldn't help me because the booking was made through a third party (understandable) and Agoda never replied and just took my money. I don't recommend using this app.",1,14,2026-04-22 12:06:06,14.12.0
feda1836-4e3e-4241-ad54-fcdf62a91d87,Diana,"the app lags first of all, and second. i couldn't find my trip so i couldn't even help my friend cancel their hotel booking, and the customer service is no help at all, i would not recommend this app, it's trash",1,0,2026-04-22 11:23:34,
150d681a-4d15-4d97-9101-6d997d36dfa7,sdwxo (Rainbow Kisses),"forced closed, can't start the app",1,0,2026-04-22 09:07:08,
6f8a3aad-4fd8-4e60-aece-46b17a59a141,Mohit Pal,"I was planning to book a hotel through Agoda next month, but thank goodness I read the reviews; I'll book through a different app instead.",1,1,2026-04-22 07:50:17,14.12.0
9c3e6948-ba38-492a-bc1a-8b6ad0a8abeb,HYDE FONG,"Agoda used to be good and reliable. after a booking made on Agoda website 2 weeks ago, a fraudulent transaction originated from BKN TRADING with the currency unit XOF had been ""aggressively/ numerously"" charged into my debit card few days back. I had not used that debit card for any transaction since that last Agoda booking.",1,0,2026-04-22 06:47:25,
595856c6-fb69-477f-8be4-9115719d82ca,Pravisha Bajracharya,Do not use very unreliable! I am currently on trip with an elderly in our group. We had booked 3 nights stay in Rome and while on the trip we got email that our booking cannot honoured (3 days before Rome arrival). After lengthy discussions we came to an agreement. But they keep offering Agoda cash! Problem was Agoda cash was not accepted by the next property I was looking at (budget constraints) plus close to the travel date everything was expensive! Still not resolved issue! Never use!!,1,14,2026-04-22 03:29:54,14.13.0
5d27b116-b809-4a80-ac8b-9402bfdfb07b,Yik jin Yeoh,stupid apps when wanted to book the last room said got ppl book already then after that increase the price,1,0,2026-04-21 23:48:17,14.13.0
df548708-fd9f-4aa5-80db-3342dd98ae01,Kartika D,worst experience. poor quality hotels.,1,0,2026-04-21 23:20:16,
b096b1b3-290a-4653-b871-3c9c0d7b3606,shreya bhansali,"BEWARE & BOOK AT YOUR OWN RISK I am a VIP Diamond member of Agoda but my recent experience has been uniquely horrible. Especially for flights - while booking Agoda showed me it's a round trip of connecting flight with the same airline but in reality, I was booked on 4 separate flights. if you're travelling to a foreign country, this could have visa implications and travelers can be denied transit permission without visa. I am horrified by this experience and customer support team was unhelpful",1,4,2026-04-21 22:39:36,14.13.0
3887f920-304e-4427-b001-a1b369f30dff,Alexandra B.,"AVOID AT ALL COSTS!!! the absolute worst and useless customer service I've ever came across. zero assistance, zero understanding and willing to provide support. Scammy app. Lying about rooms and hotel reservation.",1,1,2026-04-21 22:14:37,14.13.0
f627b312-dc51-4caf-b2b1-16e6a6918c75,King Ariyaan,got my full refund many thanks 😊,5,0,2026-04-21 22:05:19,14.11.0
ad0cfcc9-13a5-46bc-ad5b-2739719f4542,Suresh Parepalli,"worst app, instead of this use goibibo. This one doesn't ask review after stay. they don't followup with our bookings. They simply send confirmation mail. After the check in they don't care about how is the stay. But goibibo is better compares to this.",1,1,2026-04-21 21:15:05,14.13.0
082b7dd8-2126-4168-89a0-897bbcb9c8f0,Viplav Vibhakar,"extreme fraud app, very high technical glitches in this app, booked for 2 adult and 2 children show booking for only 2 adults had to pay extra in hotel, before payment multiple times checked no of person and date and had screen shot, customer care on calling tells .. don't teach me , fraud app - should be thrown out these people from country.",1,0,2026-04-21 21:08:26,
67b6dbaf-2b19-4f46-bc37-d10e6d8da313,gaurav gaur,"Superb Application, ek bar mujhse galat booking ho gayi thi hotel ki, or hotel wale ne refund dene se mana kar diya tha, per phr agoda ke agent ne meri help ki or pura rupees refund karva diye.. very good App.",5,0,2026-04-21 16:27:25,14.12.0
35e6c6c8-2a76-45ba-9fb3-5de0879e7cb5,sarkhedi hepin,"if Google play allowed to 0(zero)star than I give zero,star to this application photos given by agoda was different and there is actually resort was totally different, it's a waste of money and most important rate(price) was given by agoda was very high as compared to actual price at resort.. it's a worst experience by agoda...",1,0,2026-04-21 14:59:46,
ee30620f-a8b4-4404-8e02-74d9c6fc7864,KlowAge,no gst bill . very bad .hotel say bill on agada but no bill provided by agoda app.please don't download very bad service agoda,1,0,2026-04-21 08:35:31,14.13.0
c88a1e7a-8d69-48a5-828e-576cd0aa2fc1,Naomi G Doloksaribu,"A major lesson learned. Honestly, the only good thing about Agoda is that you can compare the prices between airlines or hotels. After that, avoid being scammed and book the tickets and hotels directly with the vendors, not through Agoda. I had to face the poorest customer service for flight changes and cancellation. I was fully aware of the fees, but Agoda made sure that I couldn't change or cancel the flights so that I wouldn't receive any refund at all. Keep your money away from this scam.",1,29,2026-04-21 08:30:08,14.13.0
268cca30-9916-4e04-8538-f06aa551669c,eve june,payment page gabisa di akses ulang! so weird!!! info di payment page juga ga jelas klo seandainya ada yg missed tp ga jadi booking harus nunggu cancel otomatis buat booking ulang. selamet dah lu bisa keabisan ticket/kamar. aneh banget nih aplikasi bukan ngasih kemudahan malah nyusahin. ga belajar Dr aplikasi lain. tlp cust.service juga ga ada solusi. cuma disuruh nunggu.,1,0,2026-04-21 08:16:33,14.13.0
d2ee7880-cedd-4023-a3ce-8864100f44e5,Egy Hdyt,id booking gak auto update di aplikasi ketika di reschedule. di email juga gak ada kode booking sampah,1,0,2026-04-21 06:10:02,
230120e1-84cb-4e28-ab85-f8673d1799ae,Eu Xin Hong,"don't like the booking policy for its price, support very limited, would rather support other hotel chains or platforms than this.",1,0,2026-04-21 00:01:35,14.13.0
6b225fd4-1350-4854-b1b9-acd79ea4344c,Noshira Najarali,Easy to use and follow. Great deals 👌,5,0,2026-04-20 20:56:53,14.12.0
3ecce4bc-8a91-4051-aef2-e080709c8643,deepak krishna,I don't know if the owners of this app are so poor that they have to take bookings from the marriage hall and those wedding hall people are also doing offline business by refunding the amount less than the booking without canceling the people who book from this app.,1,1,2026-04-20 19:43:56,14.12.0
19fd2617-8743-4310-b53a-c02fbe5073ba,daisy deka,Purely fraud apps. Don't want to book any circumstance through this apps. Amount is not recovered to me. I have booking through hotel. Amount is cut of my account but hotel is not booked and till now not receive this amount. so don't use this third class apps.,1,0,2026-04-20 18:30:47,13.40.0
37efbf4b-723d-434c-adfc-29ae3ee178ed,Ilazays,I booked a hotel. A spacious room with a Queen bed. RM100 per night. Upon arrival to check in. The Hotel said didn't receive any booking from Agoda system. Called customer service to report this. customer service offered to cancel the booking and offer another hotel. The hotel they offered me is A room with a single bed. What in the fraud is this company?? I already paid for a Room with a Queen Bed and they only offered me a room with a single bed. This will be my last time using this app. SCAM,1,1,2026-04-20 16:45:10,14.12.0
3e257494-8d79-4e69-ab40-ad95cb213ea5,TU_VENUU RISER 3,once it cancelled it is hard to refund you're payment stupid app,1,0,2026-04-20 16:31:00,14.12.0
0109d428-5f67-43e1-8385-d1abfb515ff0,Irene Chew,very bad app and service,1,0,2026-04-20 16:21:39,14.12.0
2cc3f430-d9de-4042-9a35-c43b1ec019f1,Yuvraj Sinha,"My Experience: I reserved a hotel room for 2 nights completed the payment but I changed plans .I asked them for date change for reservation, but the hotel denied and i got an email that reservation is non refundable non amendable and thats all no further communication from agoda team and they said for further help you may contact the property directly . later i mailed to property directly and they said they keep one night charges as retention policy rest they refund and asked me to contact agoda",1,0,2026-04-20 16:01:37,
1fe0cd94-56f6-4094-8569-bd50f8a07164,Arudra,The most worst app please don't use or recommend to anyone...they are just fraudulent,1,0,2026-04-20 15:36:51,
453b71d8-c0e4-4815-a362-3a456491253d,Nadhifa Azzahra,"Most confusing booking app I ve ever used. I quit the page to pay, and when I m back, the virtual account number and the sum of the money I had to pay was gone! Been exploring for 2 hours to find that page, but found nothing... So basically, I have to memorise everything once I quit the page? Dont say I should check my emails to find the price details, because no emails ever been sent to me. I made another booking, and boom, my order were cancelled and I m getting a refund :) Sucks!",1,5,2026-04-20 15:00:16,14.1.0
5d93d542-e4df-4852-a653-8d16eda38920,Rehana Masih,Agoda Cheap flight or hotels are a bunch of tranudsters i download the app to get a 100% distount it is easier to goage you're eyes of than it's to reach their CS,5,0,2026-04-20 12:33:05,14.13.0
357f85cc-21f8-41eb-91e4-8929ac969cd0,Detyo Anggoro,"Extremely frustrated with the app and the website. No way to update email address and phone number. Customer service is entirely automated. The ""bot"" only handles accommodation or flights; with no section for account-related. No way to contact a real human. Also ​""Delete my account"" feature is broken, it simply loops back to the sign-in page and it keeps coming back to my account after reopening both the app and the website.",1,24,2026-04-20 10:23:00,14.13.0
cf0196c9-7e1c-4968-8be0-69557a9c6e2f,Ramesh Babu,super deals from agoda,5,0,2026-04-20 06:51:22,14.13.0
295bf99d-4458-4d42-8453-18c96dd7235d,Jason Weston,"I only used the app once, using filters to select a hotel. On arrival, the hotel did not offer the items I had filtered for. This renders the app pointless, as searching for specific attributes gives results that do not match requirements. Tried to raise with Customer Services, who asked for written proof that the items weren't available... I don't know if they have ever stopped in a hotel, but they don't typically give guests letters saying they don't have a pool...",1,15,2026-04-20 01:59:27,14.13.0
f71c49b7-b3cb-4e4a-80ca-30b22033fd72,Asus Zen,"after paided system said failed to pay, caused me double paid for a day, can caused can't refund! 0 star for this apps",1,0,2026-04-19 23:31:38,
3854d29d-a968-4e2d-8d20-17d6939c299f,Abigail Divina,my money didn't refunded!,1,0,2026-04-19 20:01:30,
e588b730-19e4-472f-ac2d-cf999169365c,Arnab Dasgupta,Buggy software. Incorrect information. Payment deducted but shown as failure. Cancellation refund refusal. AI monsters only to handle complaints. Just avoid this app.,1,1,2026-04-19 19:12:55,14.13.0
33d343a6-f568-4db3-a875-e7d34e6b29bd,Mark Anthony Gache,"don't even try to book using Agoda, their customer service is the worst!",1,0,2026-04-19 17:32:39,
e4e6cd90-884a-4716-8691-5a6d3893a01a,Mohamad Irwan bin Rahim,don't booking from Agoda. I many time booking from Agoda. many money I spent for Agoda. last booking they cancelled and until now 10 day i still no get the refund. I call whatsapp the agent very rude. hang out telephone and tell sorry I can't hear you. they tell to wait 30 days. very shame on Agoda.,1,1,2026-04-19 14:59:44,14.13.0
62137342-7f02-4c35-95ee-13693af63f8b,Nattawadee Promkam,การติดต่อช่วยเหลือจากบริษัทล่าช้า ไม่ตรงตามนโยบายที่ประกาศใช้ ใครจะใช้งานคิดให้ดีๆ,1,0,2026-04-19 14:39:42,14.13.0
9cf9493c-9e13-4ba0-81af-cdb26da6b055,Rishabh jain,Agoda shows fake photos of hotels Pictures on agoda and actual location properly different... proper scamming people by all fake details fake room photos fake description everything is fake,1,0,2026-04-19 14:19:51,14.13.0
be536721-1f9b-48ff-b710-26f33e6a5dff,Raktae2010,ระบบใช้งานยาก คืนเงินยาก จนไม่ต้องเอามาคืนดีกว่ากุยอม,1,0,2026-04-18 23:44:44,14.13.0
758d9670-863d-4db8-b081-8bcf951ef40d,Ashis Hemram,very bad apps please return my 5000 rupees. kindly,1,0,2026-04-18 20:58:24,
923fce52-2d5d-4b7a-9a09-f41133876a6d,Rohan Giri,don't use this it's a fraud app,1,0,2026-04-18 20:41:02,14.13.0
e2d9be35-ed30-4ac9-8a92-5adef918f199,Suraj Belani,"They display fake photos and fake reviews that do not represent reality at all. ​We traveled with our two young children and arrived at the hotel we booked, only to be given rooms that were absolutely filthy and had a terrible smell. It was completely uninhabitable for a family. To make matters worse, Agoda's customer service was a total nightmare; they kept us on hold for ages and never offered a resolution, leaving us stranded without a place to stay..",1,0,2026-04-18 17:49:40,
e1ec96cc-9859-432b-9ca1-25bbce39837d,Semuel Jemmy,The room I ordered is definitely different or not available.,2,0,2026-04-18 14:15:13,14.12.0
0181bc70-9e53-45d3-afdd-17cf9d758b3f,Pooja Bhokare,showing false ratings for the hotels. every hotel rating is 4 but the reviews are bad. You need to review the rating timely. We believe in you and book a hotel for a stay and then we get the worst experience.,1,0,2026-04-18 10:35:19,
618ef99d-1407-4351-b7ae-1b1d141ef7f6,leon chai,no update on the flight status. refund takes up to 6month. the customer service said none of their business.,1,1,2026-04-18 10:23:31,14.12.0
dda6faeb-314f-492d-a5df-97eca5143cb9,Sue Free,"someone was able to. book a holidays, and then wanted payment.",2,0,2026-04-18 04:57:30,
4683e9d3-c640-4ac0-a0cd-0dcbc1f31683,Mal Malik,Fast n easy,5,0,2026-04-17 22:14:05,14.11.0
f3bd25f4-71ff-4d24-b2c3-86719217f080,Maddie Littrell,"The coupons don't work, I will try to buy the room without a coupon and then try with the coupon and it's the same exact price for the room! Such a scam!",1,1,2026-04-17 21:19:37,14.12.0
cc6bf5c1-daf0-47d6-8657-205e03f6ad15,Joseph Vogel,Unavailable fot Android 🇻🇳 Vietnam 🇻🇳.,1,0,2026-04-17 21:18:25,
ba504da3-89f7-4f4b-b9ab-b98befdf430c,Numan Ahmad,"The most frustrating booking app I’ve ever used. No proper cancellation policy, no refunds, even when you report the issue on time. Completely disappointing experience.",1,1,2026-04-17 18:49:29,14.11.0
880f0f38-751c-4b22-b661-c1cf839f3c20,vishnu teja,"I recently booked a room using this app, even though I paid through PhonePe, the room was not booked and I did not get my money back. worst app",1,2,2026-04-17 18:31:12,14.12.0
9adb46b6-9425-4b2d-ac76-3a1b3d9dc686,YouTUssef,تطبيق ممتاز وسهل الاستخدام جدًا 👌 خدمة العملاء كانت متعاونة جدًا، فضلوا يتابعوا معايا لحد ما المشكلة اتحلت ورجعوا لي الفلوس. شكرًا ليكم 🙏 Great and very user-friendly app 👌 Customer support was very helpful and kept following up until my issue was resolved and my refund was processed. Thank you 🙏,5,1,2026-04-17 12:44:12,14.12.0
61d7f7c6-3b4f-4a50-b27e-010b4c42dee2,Hrishikesh Mohan,Arbitrary cash back avoidance without any valid reason.,1,0,2026-04-17 12:41:39,
bc733661-7ad9-4360-afbb-46c5a9bf2738,alwin wilson,too many ads,1,0,2026-04-17 09:20:49,
db734719-5221-47f6-a494-922b183535eb,Disturbing Element,"Help less with my refund. you can not connect customer care directly with your cancelled booking, only AI assistance through chat which will tell you that ur refund has been prossed through UPI payment but will not provide you any transaction ID. contacted customer care several times But no refund even after 1.5 months.",1,0,2026-04-17 08:57:45,
ef13d296-0d44-4fa2-9d91-59d77ff3203a,Dustin Hoye,great deals within your community.,5,0,2026-04-17 06:45:12,14.11.0
67d4be9b-1fc0-476a-9856-35e067454165,shyam srivastav,very bad application if u book hotel through this application and u arrived in hotel property say your booking not done and u need to book other room with high price do not book hotel from this website,1,0,2026-04-16 23:49:56,
17d28d4b-bfd6-4bea-8f07-0536e46da445,Sahil parikh,"prices are different on applications and browsers, agoda also greedy dog",1,0,2026-04-16 23:33:03,
a312ec1d-b2b4-4d15-9b94-217f64e4447a,The Karries,"Fraud application, while booking a room 5 adults were selected by me after booking only 1 adult was booked and a twin double bed room was booked for a single adult and customer support from agoda was Telling me to pay at hotel for remaining people.",1,1,2026-04-16 22:52:26,14.12.0
76a2526b-4f49-43ac-b484-97f8c4ec5be3,Mohit Wadkar,booking done via app gets canceled by hotel at last minute and agoda plays no role in same. do not plan any trip here it will get ruined.,1,0,2026-04-16 19:18:07,14.11.0
995abe73-15a6-4a08-8856-893e94af41c2,Yuan,I've used this app and website while traveling on multiple occasions. I keep getting notifications that what I'm trying to be booked is sold out. So annoying.,1,0,2026-04-16 16:40:43,
ce87d9e5-3866-42a0-a26c-0c824b405402,Prince Jimuell,take a use,5,0,2026-04-16 15:52:24,14.12.0
96428725-b28b-4d14-970f-7953dd672bf4,Chetna Chahal,I never use but herd good thing,3,0,2026-04-16 15:34:08,
1bd5e18e-234d-492f-bba0-1b8f0898206b,Yogesh Suresh,"this is a fraud company. they hold the refunds f0r 30 business days which is technically 42 calendar days. they enjoy the cash flow with customers money. don't use agoda, they are fraud company. they can't even provide payment reference abd their customer service sucks and arrogant.",1,0,2026-04-16 14:20:02,
12961d3f-254b-4d97-b5f8-1890662e25ce,Pradeep Singh,"I will never book a hotel through this app again, no matter how attractive the discounts are.",1,0,2026-04-16 12:57:33,14.12.0
e2f5a67d-3f17-4e9c-b767-5c9ef98ad3c6,The Pankaj parmar,worst experience they are just doing fraud very disappointed.,1,0,2026-04-16 11:43:56,
88c96c43-7df0-4eed-a25f-3fc4ac0277d1,Shannon Mackaway,Have been waiting 19 days for a refund the property cancelled. this is a joke. they say it can take up to 40 days. IT SHOULD BE 24 HOURS. dont give this company any money,1,0,2026-04-16 11:19:18,14.12.0
937d7b33-4500-40b7-a7ba-cd9b924fc170,Divyesh Karkar,"worst experience, while Booking they gave us room with baththub and big but while we come to property they say no bathtub room is allotted by agoda very very bad experience we have had 2 rooms for 2 night don't book from agoda",1,0,2026-04-16 10:15:26,
8bd0b38e-d80f-4cbe-bd51-2622edd3c690,Vikas Thachattu Parambil,"Always showing sign in issues ,and showing incorrect otp even typed exactly the same.",1,1,2026-04-16 07:18:31,14.12.0
cf8ea8a9-0438-4ffd-bf8d-323634a7ebfb,Jonathan Taviv,"אני משתמש באפליקציה הזו כמו שאני משתמש באפליקציות דומות אחרות כמו אקספדייה בוקינג טריפ ועוד רבים אחרים. אני לא אוהב את השיטה שלהם כאילו הם נותנים הנחות הוזלות איומים מוסווים של חדר אחרון או זמנך מוגבל, ועוד . מאחר והמחיר שלהם לעיתים אחרי כל ההנחות וההוזלות יקר יותר מאפליקצייה אחרת תעשו השוואת מחירים בין האפליקציות ואז תחליטו על פי אותם פרמטרים עם איזה אפליקציה כדאי לכם כלכלית מאחר וכולם אמינים ההבדל הוא רק במחיר ובשירות שלעיתים רחוקות צריך , תבדקו ותחליטו.",4,0,2026-04-16 05:31:29,14.12.0
43d8c048-eeae-43f7-975b-59e6f4d8f301,puja kumari,bekar app hai is me bohot hidden charges hai pehle apko 10% 20% discount dikhayenge or apne room book kiya phir apko pata chalega jitna discount mila tha utna hi pesa apko property me jane ke dena hai ab app cancel karoge to apko hi nuksan hai ki inke sare room non refundable hai,1,0,2026-04-16 04:23:18,
babb6895-f59d-4032-819c-109e588af1b8,Edwin Moats,they post outdated pictures. they lie about what service they offer. They lie and say there's only one or two rooms left when there be a lot of rooms at these hotels,2,1,2026-04-16 01:01:57,14.12.0
0846611b-57b7-431a-8176-4f06075051b6,Divisha Mittal,"worst experience ever, I think even 1 star also shouldn't be given. I have booked hotel in advance and when I reached hotel, they were saying there is no booking. when I asked customer care of agoda they were saying we have just cancelled my bookings from their end without any consent becz they are not able book the hotel and when I asked them to help me, they said sorry we can't help. then why you sent the booking confirmation mail ?? imagine a woman standing late at night without accommodation",1,5,2026-04-15 23:56:37,14.12.0
b0b5f9d6-f6a4-4c73-a8be-471b6c9cc0ba,Alene Heffelman,"very good customer service here, very prompt to let you know if they are going to be closing front office early. They actually answer the phone when you call the secondary number and always have someone on site if your having any issues whatsoever.",5,1,2026-04-15 22:57:37,14.12.0
e149c601-7978-46fa-8fa1-1dda2dfce3d0,Biswajit De,"VERY BAD SERVICE FROM AGODA .I HAVE BOOKED HOTEL THROUGH AGODA AFTER SEEING DIFFERENT FACILITIES OF THE ROOM . BUT IN ACTUAL, IT IS DIFFERENT. IN MY HOTEL ROOM , THERES WAS ONE SMALL BATHROOM FOR 5 BEDED AC FAMILY ROOM INSTEAD OF TWO BATHROOMS WHICH WAS VERY PROBLEMATIC. THERE WAS NO TV , NO TABLE IN ROOM , NO HANGING LOCK / RACK FOR CLOTHS IN ROOM AND BATHROOM ACTUALLY I HAVE BEEN ALLOTED ONE SMALL AC DORMATORY ROOM FOR MAY FAMILY INSTEAD OF AC FAMILY ROOM I AM TOTALLY DISAPPOINTED .",1,1,2026-04-15 21:14:05,14.12.0
c925d06c-5525-4a77-8414-4f8804b446df,Natalia Lumbantoruan,Gagal terus mengajukan refund padahal data yang tertera sudah tepat. Tidak ada solusi dari pihak Agoda! Ini uangnya gabalik2 bagaimana?? gada tanggung jawabnya,1,0,2026-04-15 19:55:27,14.12.0
029d9e6f-c36d-4ba9-b240-0eac9be1183f,Chan Ee Sheng,"deposit not refund, app doesn't help customer to get back refund but help the landlord...I didn't make anything spoiled, all things was remain the same when I in the room. Please stop using this app to prevent from scam.",1,0,2026-04-15 13:52:34,
358b2795-8708-4b7a-9bbf-348c21b45265,amit bhalla,"I had a very disappointing experience booking through Agoda. I clearly selected 2 adults and 2 children at the time of booking, but the final confirmation showed only 1 adult. This is incorrect and does not match what I booked. I am also very unhappy with the response from customer support. Instead of resolving the issue, I was told that only the hotel could modify or refund the booking. However, the booking was made through Agoda, and I believe Agoda should take responsibility for corrections",1,9,2026-04-15 12:45:10,
572f5c3a-6919-48e9-b06c-f25ea48e9909,Imme Uru,most of the time they are better prices then the other sites and they don't try to sell you a subscription!,5,0,2026-04-15 11:16:00,14.10.0
069c0a97-860f-4a7b-a4bb-5e5814e126e3,adam drobniczak,very shady tactics search price excludes taxes so the price only appears to be 15% different than everywhere else,2,0,2026-04-15 11:03:07,14.12.0
4e076048-28d3-4237-ac71-0a7d8a3239bb,梁奇,"A booking confirmed for two queen beds was not honored at check‑in during spring break. Agoda customer support was unable to resolve the issue, which resulted in higher hotel and transportation costs. The original booking was refunded, and Agoda offered $166 CAD in compensation; however, the $166 compensation payment was canceled a few weeks later without explanation. have contacted the customer services and they didn't want to provide us any compensation, and they said the decision is final",1,1,2026-04-15 02:17:27,14.12.0
99dce0cb-7d8a-4fa2-81cf-3a78d69c044e,Aro Uthaya (Aro),"I had a highly disappointing experience with Agoda that caused serious inconvenience and financial loss to my family. I booked a hotel in Mumbai via Agoda for around ₹15,000. However, upon reaching the hotel, I was shocked to learn that my booking had already been cancelled by the hotel—and Agoda never informed me. This left me stranded in an unfamiliar city (Mumbai), during peak evening hours, with my family including a baby and elderly parent. Finding an alternative took 2–3 hours in heavy t",1,2,2026-04-14 21:14:22,14.12.0
e03e93f0-6d74-42fe-aa5a-3538c47dceb7,Léa M.,"They have a calender glitch, if you book you get the wrong dates. by doing so, I was stuck with wrong dates that are non refundable. When I reached thei customer service, they wouldn't let me have a full refund blaming it on a rigid policy instead of taking accountability fir their app glitches. I callee the hotels to have them help, they don't even get their money yet. Looks like I've just been scammed.",1,11,2026-04-14 20:51:47,14.12.0
710379a2-1539-4df7-a5fa-e69cd7b43e21,zin min,I made a booking and is was rejected but still can't receive my refund since New year 2026. Already four months. Even the refund process doing again and again still have problem with refund process. Very Disappointed,1,1,2026-04-14 19:47:05,14.11.0
813a90bd-ea41-4e2e-b4f5-3c16615acb78,Rodel Llanes,dont trust this app your money will not be refunded,1,1,2026-04-14 18:54:50,14.1.0
5f1c16a6-473d-428e-9299-76669dc0d218,Cameron Moniz,"map doesnt work properly, bugs out and shows wrong locations. doesnt refund when their software breaks. Used to exclusively use this app, now I'm uninstalling because of your obnoxious ads that are not only disgustingly unappealing but autoclick onto the app's page dispute no user input. This is predatory and should be illegal",1,2,2026-04-14 18:39:12,14.10.0
f89264ab-8b20-461d-b57b-c980de1fed72,Alisha beth Bhaina,worst literally worst put my 3000 on hold haven't received it yet,1,0,2026-04-14 16:37:02,14.11.0
ee200161-ab61-40dd-b91c-fd311e4f7661,Snehil Gupta,Worst app. unable yo link my mobile number and mail id. Didn't shiw my previous booking and therefore I can't submit my hotel reviews,1,0,2026-04-14 15:22:59,14.11.0
cfa19d74-879c-4685-abf1-7110f8150e77,Meysam Naseri,I was opening a link to the site but it refained from showing it to me on the site and send me here to install the app. So decided to give a review of one star for the inconvenience 😂,1,0,2026-04-14 13:02:00,
d6e72b47-3ce0-4be3-9f57-c90d5a2717f9,Christian Albert Tolentino (ischanitee),"booked so many times already yet price keeps getting higher each day., cash back isn't even counting plus discounts isn't even applying. after all of my booking yet still no points being added on my account. I want my money baaaaaack!!!",3,1,2026-04-14 11:14:18,14.12.0
a0779a5e-63e1-4ee8-8b7a-593bd2d3df28,Ye Min Thu,Bad service Agoda and Townhouse Hillview Suites Pattaya Formerly Chatkaew Suites hotel is lie to customers and very rude. and then agoda is not made solving problem.,1,0,2026-04-14 10:59:52,14.11.0
99b9ddfe-2480-4132-8b3a-150134b1d172,piyush kanta burnwal,"Booking easy, Cancellation Tough. You can easily book hotels but if somehow you need to cancel then request for cancellation doesn't reach the hotel. have tried twice and each time received the same response from hotel that such a request has not been sent by agoda, hence loss of booking amount. Also, before paying do check the amount since what is shown as booking amount and what needs to be paid often differs significantly even after taking into account the local taxes.adds a other charges.",1,7,2026-04-14 10:14:46,12.4.0
8c74c78f-b516-472c-beb0-b7180ea0be9c,Dr. Mansvini Jain,this app is used by scammers. no coustomer care support.,1,0,2026-04-14 10:10:04,
5b5b9112-59c2-4a6d-9132-e7c854c6798f,Mateusz P,"Needs an app to book a hotel, gets an app full of pop-up promotions and banners. Get over yourself.",1,0,2026-04-14 09:19:13,14.12.0
f4a9aefb-ce95-410e-b307-652e7faf79db,Divine Grace Tatel,"Poor Service, Scammers",1,0,2026-04-14 06:29:52,14.11.0
32ef51e0-0bf8-48ef-a2e6-778ff6c5c501,Dhananjaya Kotebagilu Narayana Vamyanmane,new way of cheating. book the flights which is not operating or cancelled. after booking is done airline shows no flights. all money is taken by Agoda . new scam is started by agoda,1,1,2026-04-13 20:59:09,14.11.0
9f79b56f-a2d4-43a7-b383-a420a2f16ac2,Arshad Zaidi,"most unethical app on this planet, leeches if i may say it. by mistake i booked wrong dates within hrs i realised and tried to change the date. they wont change the date and wont pay my money back and the booking was after 2 3 days, my 70$ was in the air, agoda is most stupid app to ever use, funny thing is u cant speak to a human to fix anything, they use AI to answer the questions, i hope they go down to drain ASAP bunch of thives running this company",1,2,2026-04-13 20:52:22,14.12.0
e45e08bf-6253-4146-a392-d61880bf3597,Lynn Escalona,Terrible ai ads are such a turn off,1,0,2026-04-13 20:30:52,
139dcf69-9eb3-44da-b3d8-c95c1b4b2a89,Randhir Kumar Gupta,very poor customer service. show 983 charge 1267 at the hotel. customer care yet to resolve this issue,1,0,2026-04-13 18:45:28,14.11.0
8921c237-90ff-40c2-9935-b62d5b16905c,Sinta Wati,"saya beli di agoda hotel, tulisnya diskon 50% dari harga 1jt-an menjadi rp 500rban, saat saya datang ternyata penginapan melati gitu. Saya gak percaya harga rp 1jtan, saya tanya ke yang jaga,ternyata tidak sampai 200rb/malamnya. Ketipu banget, mau minta balik uang gak bisa... rugi banget,untung cuma ambil 1 malem..",1,0,2026-04-13 14:26:38,
67d57355-df30-4d20-aafe-ff496a969de8,Vinodd Vaishnav,"Never use, totally bad experience. I booked 3 night stay, suddenly plan cancle and not refund single rupee.",1,0,2026-04-13 13:23:17,14.12.0
a8699a3c-4b58-40dc-99b5-28d5425e4f09,Fatimah Sahla,"saya lagi capek butuh penginapan loihh ini, saya sudah bayar saldo saya juga sudah terpotong tapi kenapaa di aplikasinya tertulis ""NEXT STEP"" SAYA SUDAH BAYAR SEKALI LAGI SAYA SUDAH BAYAR KENAPA KETIKA KEMBALI BOOKINGAN SAYA HILANG?!",1,0,2026-04-13 12:52:08,
212b4355-b415-4fd1-87cd-1b5ce636481b,Harry Dicosta,Excellent aap i am really surprised some time Agoda giving 70 to 80 % off i am comparing another application the hotel prices are very much different really it's very good aap i never say any Negative words for agoda it's my honest review my Thailand trip is very good from agoda i am go anywhere booking from agoda only they are providing me special service special discount I feel special Thanks for agoda Team,5,0,2026-04-12 22:43:44,14.11.0
ed109970-292f-4a1e-8a3d-d1c4e8d77fe6,Pooja Jain,"Absolutely terrible experience with Agoda, and honestly one of the most frustrating booking experiences I’ve had. Agoda cancelled my confirmed booking last minute citing a “technical error,”. They mentioned compensation but didn’t process it. I’m still waiting for refunds from two previous bookings as well. Completely unreliable and unprofessional service—would not recommend using Agoda for travel bookings. No one available at customer care and at emails, only AI bot. Rated Negative 1000 stars.",1,5,2026-04-12 21:31:36,14.9.0
483794c7-d6c3-4f03-a205-25ad4c447d32,mehul vyas,"My experience with Agoda has been very disappointing. I would not recommend it to anyone—it feels more like a broker platform with poor accountability. The customer service is extremely unsatisfactory, and they fail to provide proper support or solutions in coordination with hotel management. Based on my experience, platforms like MakeMyTrip are far better in terms of service. They waste your time on call put on hold for 25 to 30 minutes and no result. It's really waste of money to use this",1,4,2026-04-12 20:09:25,14.11.0
454cc51e-0334-4500-8146-9a906fb8ebce,Holly Verrender,"the app is so glitchy, I can't even sign in and use it.",1,0,2026-04-12 19:19:34,
dafd7ba6-b86e-40e6-b2d6-0ef992fb75b7,Jimmy Holmgren,"Even with the ""taxes and fees included"" filter active, Agoda still tacks on extra charges at the final checkout stage. It’s a disingenuous business tactic that wastes time and hides the true cost until the last second. Incredibly misleading and predatory. Avoid this app if you want transparent pricing. not okey !",1,0,2026-04-12 19:03:40,
33fbadf0-3b9e-4851-899a-c974258aff98,Kamato,พนักงาน call center แก้ปัญหาได้ดีมาก,5,0,2026-04-12 18:13:00,14.11.0
f1c01f6e-f8c7-41b2-b2dc-1c171d8c51fa,Matt Rani Kulop (KiMiE TaGOo),"good, easy & very recommended... trusted...",5,0,2026-04-12 17:25:19,
afdb314d-62a2-4bec-8c1d-90f265b18dd6,Subrahmanyam Thatipelli,"The worst app I have ever seen there is no customer support and service support I have faced 2 days in the very worst situation with rooms because of the name change of the hot. room given is ac but ac was required condition and second room ac is not working. when I wanted to raise a complaint they are saying agoda will respond with the issue and there is no support of agoda, rooms are running by oyo and they given response and 20% compensation on your they said but still I didn't get anything.",1,1,2026-04-12 12:41:34,14.12.0
222cb9ae-1bee-4e70-a8aa-e63165467e70,Nicool,Changes are easier with hotel bookings but opposite to flights. Your premium services add-ons are useless. We cannot avail it. No live customer service agents. 🚩🚩🚩,1,1,2026-04-12 11:07:41,14.11.0
bb6c129f-0d63-4da9-ba20-afb071f0ad20,MOHIT ASWAL,worst app.. already payment done and no hotel was there... foolish there customer.. even does provide hotel contact no. and address...worst experience payment done and made us foolish no. contact given,1,0,2026-04-12 11:06:21,14.11.0
550058f9-24e9-403b-a89f-b62e5065471c,Dev Singh,"It's a scam. I booked a room for one night and was asked for online payment. While processing the payment, it was lagging. When I refreshed, the details were the same. I paid, and when I got the receipt, I noticed the dates were changed. There was an option to change dates, but when I tried, nothing happened. After two or three tries, at 12:05, when I tried to cancel and rebook, it started showing that you can't get a refund after 12:04. 😑 also name and address wasn't same on google maps. 😑",1,32,2026-04-12 08:43:12,14.11.0
0a33466f-c60e-4155-8995-4db7a03fad65,chamainat Supaithee,all the time showed up encounter problem,1,0,2026-04-12 08:00:28,
ac9fd8e4-05f7-4e59-ae1c-680d72d8b87c,Praveen Pallupadath,"room charges were lesser for direct bookings, and the app showed free breakfast while booking, but after reaching the hotel reception, informed that no free breakfast is included in the booking. if it was like that, I would have booked rooms directly. paid a lot of money for free breakfast, and even customer service didn't help. so disappointed.",1,2,2026-04-12 07:52:17,14.12.0
ca4a6db7-9fe0-418a-95aa-989f04ff4d92,Kaustubh Saple,Booked for today by accident and their policy doesnt allow cancellation even within 5 minutes. when i called the support they said they cant promise anything without property's approval and the property never responded so. Didnt expect this from a company which is running for last 21 years,1,1,2026-04-12 07:14:15,14.11.0
b5d58c24-78d3-47ea-b5eb-d12bc8a1c7d7,Atmaja Satyatuhu,Slower than a decade-old dead snail,1,0,2026-04-11 19:21:38,14.11.0
b8addabe-d14c-4df0-8ca3-bad3da07fbc6,She,After booking a hotel I cannot searching anything now. It says there's some technical issue. Even the flights are appearing 'No flights' even if there are when you checked at the website.,1,0,2026-04-11 18:22:21,
7bb9956d-afd4-4286-afee-fedb9e07cf53,Jyo Ti,First they charded my card more than the hostel price. Then Support wasted my days asking for all the proofs still saying we can't see anything. Shared so much personal info with them for nothing.,1,1,2026-04-11 16:46:40,14.11.0
c7512eb8-1b60-4aee-a250-724c9dac9714,Anton Herma,"booking the jungle waterpark, pembayaran menggunakan paylater tetapi dicancel pihak Agoda. uangnya jadi gak kembali sama sekali. aplikasi yang tidak berguna sama sekali. minta bantuan call center juga AI semua. tidak ada gunanya.",1,0,2026-04-11 16:33:27,14.11.0
fff5f07f-4119-4cb6-8728-5c4e1db20599,Java Pedersen,"Only downloaded the app to get 10% off my first booking from the website. Followed the instructions, made a booking and nothing was taken off. Disappointing. And to add insult to injury, I was immediately offered 13% off my ""first booking using the app"". Bunch of fraudsters.",1,3,2026-04-11 15:12:54,14.12.0
4ee17803-f705-4bad-8c4f-8d70a15f5d49,Pavan Ramning,"it's a biggest problem I face here on Kolhapur, as booking is confirmed form agoda but hotel are not accepting checkin booked by agoda, they have to take a serious consideration incase with taiup with hotels . very upset .",1,1,2026-04-11 13:22:57,14.11.0
3a020d61-643f-4295-8e28-20a16a3ae7a5,Rose Matley,"I had a very disappointing experience with Agoda. I accidentally booked a property in Bali thinking it was in Queensland, and realised the mistake within minutes. I contacted customer service immediately, expecting at least some flexibility given how quickly I acted. Instead, I was told the booking was strictly non-refundable, and no changes or exceptions could be made. While Agoda did reach out to the property, there was no real attempt to resolve the situation in a fair or reasonable way.",1,22,2026-04-11 11:56:09,14.12.0
a94e74df-5336-4b55-8417-a37ee9581d7d,Gunjan Chauhan,"FRAUD PLATFORM on 8 april 2026 I checked the hotel in Varanasi on AGODA 3 rooms for 13 pax hotel room price Rs 4100 around thus booked 3 family rooms which cost Rs 30000 after applying coupon it costRs. 24000 so I paid the full amount.After reaching the hotel i get to know they booked my 3 rooms for only 3 adults and now customer care Is not helping and saying pay for left 10 pax with one room per R8000,not even giving refund. We need our money back else you guys be ready for legal consequence",1,1,2026-04-10 16:16:37,
b3d0ae7a-db69-49de-99ea-a27dda9e4f5c,Yu Wei King,"Agoda teams managed to refund me USD33.79 , thank you very much! I'm deeply appreciated",5,1,2026-04-10 16:13:50,14.11.0
28780640-87b6-499e-b3a8-37536c0d022c,Kartik Pardeshi,"it was good app but from some days it creating soo many after booking l, whenever im booking ac hotel app automatically booked non ac room and even faced lots off issue in customer care they literally not helping in any cases.... worst app to download do not download",1,1,2026-04-10 13:52:57,
3547d0e4-4afe-4e2c-b1a6-adfcc4cabcd8,Nor Azila,"Dear Agoda Customer Service, I am very disappointed with Agoda’s service. I made a full payment for my booking, but I later received a cancellation email. It is also very difficult to get a refund because there is no way to speak to a real customer service representative, as everything is handled by AI. Please process my full refund immediately and update me as soon as possible.",1,3,2026-04-10 13:37:58,14.11.0
d95c1d5d-ca89-4ca1-ace1-69be732b7ed6,Sachin Sarvankar,"company ke technical issu ke vaje se booking cancel huwa, payment successfully transfer huwa hai. refund ke liye 30 days bol rahe hai. ham ko booking karna hai turant payment karna hota hai. refund ke liye 30 days .. mera payment 30 days company account me credit rahega. to company 30 days ka interest ke sath refund dega kya???",1,0,2026-04-10 12:39:19,
e59d71f0-cc20-4446-bb3f-cc6bd68137ef,Jaivardhan Mugi,I am trying to give the rating on how pathetic the service is. But they are deliberately removing my review. Agoda is listing government seized property on their app and when complaint is raised they are not responding professionally and asking to wait for 48 hours to get a confirmation from the property owner. The property whose hotel has been seized will never respond. They keep delaying this by telling this story. There is no refund provided till now. Never trust Agoda for hotel bookings ever,1,1,2026-04-10 11:10:07,
786be17c-6965-4d44-b7f5-847d2449f130,Su Myat Mon,"I am the Diamond user what so ever called by Agoda. My booking was calculated with the extra room price which i was informed upon check-in at the hotel and even the hotel confused why i booked 3 extra beds. I paid 3 extra beds. For flight, go book directly at airline, they dont take any responsibilities and any assistance call center staff will say contact airline directly and there is nothing they can help. I even got blamed by them not to know terms&conds. Avoid Agoda!",1,4,2026-04-10 07:13:35,14.11.0
724c3b40-9edf-48a4-bb7a-885398149131,Ashish Kotak,"not giving proper invoice for bookings, can not use for corporate bookings. while contacted customer care, clearly denied to provide invoice.",1,0,2026-04-09 21:44:15,14.11.0
4a7f8e6e-0d58-4ce1-9c01-4d4f036666d9,Phoebe Saad,forget about the 10-20 AED cheaper than other booking apps and only remember that it's almost impossible to get a refund or even reach to customer service as it's only chat and u r literally waiting for them like a slave and they r not replying to your msgs,1,1,2026-04-09 20:44:57,14.11.0
afd44de9-a4fe-40a7-8b39-ba4fc3323231,Clive Tallent,"For USA accommodation, cheapest 95% of the time. Even cheaper than booking direct.",5,0,2026-04-09 19:45:34,14.11.0
e3f73f36-1261-475d-9cf5-05d9fde588ca,N. H.,"Had a lot of problems with double booking, due to shortcoming with Agoda and they did not refund. Their customerservice are not helping at all and lie often, had to call 3 times. Unfortunately their response👇is just misleading, they didn't took any action. Agoda doublebooked and did not refund.",1,3,2026-04-09 18:17:26,14.11.0
7df3835d-4231-4473-a3c5-9e75ec50e8de,Marc Belmonte,"make sure to call your accomodation in advance, agoda has some false advertising included in their picture",2,0,2026-04-09 16:55:03,14.11.0
90cc028d-e287-463f-b470-f2d97495e4a0,Sornsawan Utthakrue,"Earlier in the afternoon (around 14:00), I received a notification from another booking platform informing me that flights in the region might be affected and The Trip application has already resolved this issue since 16 March, and the refund was successfully processed to my credit card on that date. As Agoda is a well-established platform, I expected a higher standard of service and more efficient handling of this matter. Unfortunately, this situation has caused significant inconvenience.",1,0,2026-04-09 12:52:58,
acaf82ef-e5f2-426f-8129-e80ba23de6fb,Hendry Wijaya,"All Right Agoda YOU ARE THE BEST PRANK EVER, BECAUSE YOU ARE THE BEST ""BUG"" COMPANY Hahahahha, If Someone book At March 24th, Why did you place the Payment Receipt at March 27th? is making customer confuse is your Passion Agoda? why don't you please put your consistency and Synchronisation between Booking date and Receipt Date At the same time? or Do YOU Already Replace Human Engineer with AI That Actually Dumber that Human Engineer? what is benefit of replace Human with AI only for Ton of Bugs?",3,0,2026-04-09 11:56:02,14.11.0
b6bba8b5-5798-41e5-87a1-a9066184add7,Laila Nazib,mudah & pantas dengan Agoda,5,0,2026-04-09 11:27:53,14.9.0
9185e61b-8877-46c4-aa9c-535ff4ffd5d6,Janina George,"This app has been great during our travels in the Philippines, great discounts and good prices on hotels. We also booked our flights to Sri Lanka through them as they had the best price. Highly recommend.",5,0,2026-04-09 07:35:45,14.11.0
14f386da-7faf-4a68-8b25-c009814cb6fd,Muhammad Farhan Firdaus,"easy booking, clear instructions, also easy for cancellation and refund, recc'd",5,0,2026-04-09 05:06:01,14.11.0
ed0e3cb7-279b-45dc-b7f9-1b12f08e0032,William Lopez,"This is my 1st time using the app. I used it because it offered 10% discount on 1st booking. So I booked and did not apply the 10%. I rebooked and the prices were raised and still no coupon. It offered free cancellation until a month later, but after paying it changed to free cancelation, but reimbursement of like 7% of the value. This app is at least untrustworthy, to not say fraud/scam. Who knows what other tricks they have up their sleeve. I'm not using this app again. You should not either.",1,23,2026-04-08 23:15:46,14.11.0
4a2eeb9e-814e-49aa-9d01-c96247a5302f,Carisa Ruth Elizabeth Wright,"Don't Use Agoda! Booked & paid for 2x nights. Got the receipt & confirmation email. At the bottom of email it says ""Upon arrival, contact owner for room key"". Front desk had no info about booking & was told for help call Agoda. Agoda had to rebook a completely different place. It was very disappointing. I rarely go away so was looking forward to my stay in a studio apartment but instead 1bed motel room.",1,2,2026-04-08 23:01:37,
a626cd2e-ff87-43e7-b22a-59e0c59be238,rajan kumar sharma,"Don't book hotels by agoda... booking confirmation ke bad aisa mail aya hai...Dear Guest, We are sorry to inform you that your request cannot be approved at this time...",1,1,2026-04-08 20:08:43,
552ff682-792c-41eb-a5c2-4ce47a6bedb2,Dewa Teja,great app to make any bookings,5,1,2026-04-08 19:40:54,14.11.0
205d54f5-a956-483a-8873-3c4ebc6c7156,Charles Rothwell,"This app is a total scam. I booked a room. The app added tax and charged my credit card. when I checked in the hotel was not paid the tax charged and I had to pay additional tax. Also, the hotel said the booking came in on Expedia which I have never used.",1,4,2026-04-08 19:34:47,14.11.0
675a8ad0-9239-47ce-95d5-f2890ba0adff,JuicyALe,"NEVER EVER USE THIS APP. If you encounters problem with any of your bookings. it is very hard to contact them, most if the time you will end up with chat bots that is not very helpful.",1,1,2026-04-08 18:51:32,14.11.0
6afd55c0-19d6-4d34-98b6-d6dd6f1c4523,Naveed Basha,Booking cancellation is very bad They don't return money even after Airlines send flight cancellation mail Called customer care got reply waiting from Airlines but airlines sent me mail 4 days back They are using our huge amount for all these days and still no data of refund I paid for 5+2 passengers and requested cancellation more than 15 days back still no progress If still unclear about refund I must look for other options Hope it will be settled instead of getting worse DON'T USE THEM,1,2,2026-04-08 17:36:45,14.11.0
47536bb9-1fa2-4ab7-b312-95e19ba39073,S Naveed Basha,Cancellation policy very bad I requested cancellation of my 5 passenger booking and seperate one passenger booking I got confirmation of one passenger booking but no progress in other booking after 15days called customer care in india number switched off called in Saudi Arabia now they are initiating the cancellation process Gulfair Airlines has cancelled booking and send a mail but agoda is unawere My 1.5 lakh struck while my other booking with others make.. & Booki.. have refunded within 7 day,1,0,2026-04-08 17:13:14,
f65a973b-ee85-4a4c-8adc-e0582fa75f1b,sh0cknaxXx,"not sure with all these low ratings...but in my personal experience, agoda is the best and probably the cheapest. so far im happy using this app",5,1,2026-04-08 15:37:35,14.11.0
8706c4b7-52d3-49b2-9e3b-94464747d8ef,Irawan Chandra,"harga termurah, transaksi mudah, bintang 5 mantap",5,0,2026-04-08 14:59:22,14.11.0
66bf332a-93db-4442-a8cd-af85d4d78a07,Milano Fashion,scrap service. select date April Booking they confirmed in may booking,1,0,2026-04-08 12:20:07,
6a88feae-511c-4c27-a1c8-c7c491a409f1,Artem,циганское приложение. оно не дешевле. вызывает злость. броньте на букинге,1,0,2026-04-08 11:09:01,
6390f314-81de-4607-adb8-44cd92ab231e,Ham Dani,"aplikasi lelet, respon lelet, komplain direspon AI, pesanan tidak sampai maskapai, akhirnya dibatalkan, refund sulit",1,0,2026-04-08 10:13:05,14.11.0
5f3a33c4-c3b7-40aa-a2a4-129061d1daad,Jafri Imam,"🚫DON'T Install this App🚫I am completely exhausted with my experience using this app and would not recommend it to anyone. It is a highly irresponsible third-party platform that does not seem to have proper coordination with hotel or airline services.I have booked 2–3 flight tickets through this app, and each time I have faced issues such as schedule changes, cancellations of confirmed tickets, and incorrect booking dates. It appears that bookings are made based on their own availability,",1,3,2026-04-08 10:01:15,14.10.0
a945bf06-de8b-41a8-88b0-de6bec203b5e,Donald,Professional deal makers.,5,0,2026-04-08 09:24:38,14.11.0
1ec9ee36-059b-48d6-8448-0be5cae7dd5b,Moji Thagoat,cancelling policy is trash when your just trying to change the dates not really looking for a refund want be booking with this app after this go around,1,0,2026-04-08 09:10:19,14.11.0
a20b5060-c580-44d5-b032-75c38aa73f16,Andrea Marquez,"Terrible experience. The hotel had 3 power outages, but Agoda’s support was impossible to reach during the emergency. Despite having a refund authorization from the hotel, Agoda refuses to process it because they can’t get the hotel to answer the phone... the same communication issue I faced! They offered a tiny amount of AgodaCash as a ""fix,"". Poor follow-up and zero accountability when things go wrong. I will not book through Agoda again.",1,20,2026-04-08 08:57:10,14.7.0
68706c30-ed2c-4198-8a4f-27e497c077e6,Vikash Maddhesia,"all reviews which is show on agoda are published by properties not by customers. Recently I stay at Omaxe Eternity Vrindavan, I don't know how but they reviewed 9.2 star out of 10 from my account, how is this possible and the review is not editable. Property is very bad at that place. If I review I will give 1 star only, very cheap and third class room. Staff are very rude they don't know how to talk to customer. They didn't listen anything from customer.",1,2,2026-04-08 06:57:37,14.11.0
6c82123c-4272-4e47-9529-94e6a5c7fd2b,dennys sanjaya,"refund saya koq belum masuk ke rekening bank saya, bisakah saya menghubungi operator call centernya??",1,0,2026-04-08 03:44:48,14.11.0
aa26d5d0-f89e-4cac-a6d0-4773201628d4,MCD,"I filed a complaint for a lacking bed based on the room description at agoda customer service, but the host instead contacted me directly at WhatsApp which made it improper and my privacy in my complaint to agoda violated. And customer service of agoda accused me of contacting directly the host which was unfair they didn't even ask if I did contact them first. This is the worst company ever. No privacy and putting false blame on the guest without proper investigation.",1,1,2026-04-08 00:57:12,14.11.0
0307998a-f6e8-4e07-afa4-b8f4d7629fc7,S. B.,"I have booked a room and there is no windows in it literally like JAIL. it never mentioned anywhere that there is no window. I asked for cancellation and answer is ""window feature is not mentioned"" that means if you book a room with no door, you can get an answer ""door feature is not available for this hotel"" looks like a joke but its not. hey agoda dont ask for my id etc I have already spend a day talking to your workers and got no help at all.they are only very deeply sorry for my experience.",1,3,2026-04-08 00:00:05,14.10.0
8f51a7b4-18c1-4e29-b594-6d93749847d4,ayesha,"penipvuuuuuuuu dos4aaaaaaaaaaaaa masa udah pembayaran ga ke konfirmasi!! jangan jahat dong jadi orang, cari rezeki yang halal aja. duit gak gampang nyarinya!!!! 😢😢😢😢😢😢😢😢😢😢😢😢😢😢😢😢😢😢😢😢😢",1,0,2026-04-07 18:03:38,
5a066306-a7b7-4c4a-943a-effa82c25e74,Liang Kean Foo,good easy to book n call change date,5,0,2026-04-07 15:01:39,14.11.0
26008763-e321-4ba3-a51c-73928fd31914,Levin Ng,"The payment process feels misleading. The booking was displayed in JPY, but I was charged in a different currency without being given any option to choose the payment currency. If the charge had been clearly shown in another currency from the start, I would have used my regular credit card instead.",1,4,2026-04-07 14:36:52,14.11.0
d446e549-fddb-4e57-ad01-839fd876c1c3,Kuri Kuri,some place not good as in the picture (rooms or service),3,0,2026-04-07 14:13:54,14.11.0
3db31dda-961a-44a8-8cae-26e802bbec16,John Carlton,"booked a hotel in Pattaya, Thailand for 4 nights. the Boutique Paradise Hotel. i wanted WiFi, air conditiining, free parking and breakfast. the room was OK but there was no hot water, no WiFi in the room, only in reception, the TV couldn't find any stations and the air con was either on or off, you couldn't adjust it, so it was on full power and made a lot of noise. then we were charged for breakfast thinking it was free.. we booked out, loosing 3 nights paid for",1,0,2026-04-07 13:26:43,
3800ce38-8726-4c4e-b1cc-70081cff78c8,Khwaja sheeraz,I have got a bad experience as I shared the details of 2 adults + 3 children but they booked it for 1 adult only. Then they informed me you pay the extra amount on the counter and check in. we will reverse it later but nothing happened.,1,1,2026-04-07 12:40:19,14.9.0
11a6174f-3e55-4f67-b3a7-255a289b2371,Larry Perkins,Easy and Good prices!,5,0,2026-04-07 08:19:23,14.11.0
